time_uk,datetime_utc,company,ticker,category_code,category,headline,rns_number,news_id,last_price,pct_change,brief,summary,retail_take,sentiment,source_url
2026-08-05 18:07:31,2026-08-05T17:07:31.000,Fevara PLC,FVA,DSH,Director/PDMR shareholding,Director/PDMR Shareholdings,4777P,17724862,132,0.7633587786259542,,[summary failed: HTTP Error 400: Bad Request],,neutral,https://www.investegate.co.uk/announcement/rns/fevara-plc--fva/director-pdmr-shareholdings/9707156
2026-08-05 18:03:56,2026-08-05T17:03:56.000,Irish Continental Group PLC,ICGC,MSCL,,Announcement relating to despatch of Rule 15 Proposal,1256257-en,17724861,665,-1.481481481481481,,[summary failed: HTTP Error 400: Bad Request],,neutral,https://www.investegate.co.uk/announcement/gnw/irish-continental-group-units-comp-cdi---icgc/announcement-relating-to-despatch-of-rule-15-/9707155
2026-08-05 17:51:00,2026-08-05T16:51:00.000,Deutsche Bank AG,OXA2,MSCL,,Buy-Back of Securities,0805632201,17724847,,,,,,,
2026-08-05 17:50:00,2026-08-05T16:50:00.000,BlackRock Greater Europe Investment Trust Plc,BRGE,POS,Change of position,Transaction in Own Shares,60805-4724,17724846,606,0.3311258278145695,,[summary failed: HTTP Error 400: Bad Request],,neutral,https://www.investegate.co.uk/announcement/prn/blackrock-greater-europe-inv-trust--brge/transaction-in-own-shares/9704691
2026-08-05 17:48:00,2026-08-05T16:48:00.000,BlackRock Smaller Companies Trust Plc,BRSC,POS,Change of position,Transaction in Own Shares,60805-4733,17724843,276.5,1.282051282051282,,[summary failed: HTTP Error 400: Bad Request],,neutral,https://www.investegate.co.uk/announcement/prn/blackrock-smaller-companies-trust--brsc/transaction-in-own-shares/9704692
2026-08-05 17:47:09,2026-08-05T16:47:09.000,Babcock International Group PLC,BAB,HOL,Holding(s) in company,Holding(s) in Company,4757P,17724842,1185.5,0.4235493434985176,,[summary failed: HTTP Error 400: Bad Request],,neutral,https://www.investegate.co.uk/announcement/rns/babcock-international-group--bab/holding-s-in-company/9707134
2026-08-05 17:45:06,2026-08-05T16:45:06.000,Molten Ventures Plc,GROW,HOL,Holding(s) in company,Holding(s) in Company,2377852_en,17724841,647.5,2.371541501976285,,[summary failed: HTTP Error 400: Bad Request],,neutral,https://www.investegate.co.uk/announcement/eqs/molten-ventures--grow/holding-s-in-company/9707135
2026-08-05 17:45:00,2026-08-05T16:45:00.000,Deutsche Bank AG,,MSCL,,Value per Security,0805559305,17724840,,,,,,,
2026-08-05 17:38:24,2026-08-05T16:38:24.000,Bankers Investment Trust PLC,BNKR,POS,Change of position,Transaction in Own Shares,4753P,17724839,152.6,0.6596306068601583,,[summary failed: HTTP Error 400: Bad Request],,neutral,https://www.investegate.co.uk/announcement/rns/bankers-inv-trust--bnkr/transaction-in-own-shares/9707131
2026-08-05 17:38:00,2026-08-05T16:38:00.000,UK Debt Management Office,,IOD,Issue of debt,Issue of Debt,0805434972,17724838,,,,,,,
2026-08-05 17:35:00,2026-08-05T16:35:00.000,Finsbury Growth & Income Trust PLC,FGT,POS,Change of position,Transaction in Own Shares,60805-4726,17724837,817,0.8641975308641975,,[summary failed: HTTP Error 400: Bad Request],,neutral,https://www.investegate.co.uk/announcement/prn/finsbury-growth-income-trust--fgt/transaction-in-own-shares/9707130
2026-08-05 17:33:29,2026-08-05T16:33:29.000,Associated British Foods PLC,ABF,POS,Change of position,Transaction in Own Shares,4746P,17724836,2105,0.4293893129770992,,[summary failed: HTTP Error 400: Bad Request],,neutral,https://www.investegate.co.uk/announcement/rns/associated-british-foods--abf/transaction-in-own-shares/9707129
2026-08-05 17:30:42,2026-08-05T16:30:42.000,"FirstCash Holdings, Inc.",,LOI,,Update on Letters of Intent ,4745P,17724833,,,,,,,
2026-08-05 17:30:00,2026-08-05T16:30:00.000,S4 Capital PLC,SFOR,NOR,Notice of results,Notice of Results,4675P,17724832,51.9,32.39795918367347,,[summary failed: HTTP Error 400: Bad Request],,neutral,https://www.investegate.co.uk/announcement/rns/s4-capital--sfor/notice-of-results/9707119
2026-08-05 17:27:31,2026-08-05T16:27:31.000,Montanaro European Smaller C.TstPLC,MTE,POS,Change of position,Transaction in Own Shares,4725P,17724828,178,1.136363636363636,,[summary failed: HTTP Error 400: Bad Request],,neutral,https://www.investegate.co.uk/announcement/rns/montanaro-european-smaller-companies-trust--mte/transaction-in-own-shares/9707118
2026-08-05 17:26:13,2026-08-05T16:26:13.000,Fevara PLC,FVA,COS,,Change of Company Secretary,4738P,17724827,132,0.7633587786259542,,[summary failed: HTTP Error 400: Bad Request],,neutral,https://www.investegate.co.uk/announcement/rns/fevara-plc--fva/change-of-company-secretary/9707116
2026-08-05 17:26:02,2026-08-05T16:26:02.000,Schroder UK Mid Cap Fund PLC,SCP,POS,Change of position,Transaction in Own Shares,4739P,17724826,770.0,1.315789473684211,,[summary failed: HTTP Error 400: Bad Request],,neutral,https://www.investegate.co.uk/announcement/rns/schroder-uk-mid-cap-fund--scp/transaction-in-own-shares/9707115
2026-08-05 17:24:41,2026-08-05T16:24:41.000,Henderson Smaller Cos Inv Tst PLC,HSL,POS,Change of position,Transaction in Own Shares,4735P,17724824,976,0.8264462809917354,,[summary failed: HTTP Error 400: Bad Request],,neutral,https://www.investegate.co.uk/announcement/rns/henderson-smaller-companies-inv-trust--hsl/transaction-in-own-shares/9707114
2026-08-05 17:23:33,2026-08-05T16:23:33.000,capAI PLC,CPAI,HOL,Holding(s) in company,Holding(s) in Company,4733P,17724823,0.445,-13.25536062378168,,[summary failed: HTTP Error 400: Bad Request],,neutral,https://www.investegate.co.uk/announcement/rns/capai-plc--cpai/holding-s-in-company/9707112
2026-08-05 17:23:20,2026-08-05T16:23:20.000,Polar Capital Holdings PLC,POLR,POS,Change of position,Transaction in Own Shares,4731P,17724822,851,2.653799758745476,,[summary failed: HTTP Error 400: Bad Request],,neutral,https://www.investegate.co.uk/announcement/rns/polar-capital-holdings--polr/transaction-in-own-shares/9707111
2026-08-05 17:22:00,2026-08-05T16:22:00.000,Worldwide Healthcare Trust PLC,WWH,POS,Change of position,Transaction in Own Shares,60805-4727,17724821,374,0.5376344086021505,,[summary failed: HTTP Error 400: Bad Request],,neutral,https://www.investegate.co.uk/announcement/prn/worldwide-healthcare-trust--wwh/transaction-in-own-shares/9707113
2026-08-05 17:20:36,2026-08-05T16:20:36.000,Schroder Income Growth Fund PLC,SCF,POS,Change of position,Transaction in Own Shares,4729P,17724819,375,0.5361930294906166,,[summary failed: HTTP Error 400: Bad Request],,neutral,https://www.investegate.co.uk/announcement/rns/schroder-income-growth-fund--scf/transaction-in-own-shares/9704682
2026-08-05 17:19:23,2026-08-05T16:19:23.000,Zoo Digital Group PLC,ZOO,HOL,Holding(s) in company,Holding(s) in Company,4728P,17724817,11.75,2.173913043478261,,[summary failed: HTTP Error 400: Bad Request],,neutral,https://www.investegate.co.uk/announcement/rns/zoo-digital-group--zoo/holding-s-in-company/9707105
2026-08-05 17:19:00,2026-08-05T16:19:00.000,Aberforth Smaller Companies Trust Plc,ASL,POS,Change of position,Transaction in Own Shares,60805-4737,17724818,1714,0.4689331770222743,,[summary failed: HTTP Error 400: Bad Request],,neutral,https://www.investegate.co.uk/announcement/prn/aberforth-smaller-companies-trust--asl/transaction-in-own-shares/9704648
2026-08-05 17:12:50,2026-08-05T16:12:50.000,Global Smaller Cos. Trust PLC (The),GSCT,POS,Change of position,Transaction in Own Shares,4723P,17724813,197.2,1.859504132231405,,[summary failed: HTTP Error 400: Bad Request],,neutral,https://www.investegate.co.uk/announcement/rns/the-global-smaller-companies-trust--gsct/transaction-in-own-shares/9707103
2026-08-05 17:11:56,2026-08-05T16:11:56.000,Foresight Solar Fund Limited,FSFL,POS,Change of position,Transaction in Own Shares,4702P,17724812,71.5,0.7042253521126761,,[summary failed: HTTP Error 400: Bad Request],,neutral,https://www.investegate.co.uk/announcement/rns/foresight-solar-fund-limited--fsfl/transaction-in-own-shares/9707101
2026-08-05 17:11:51,2026-08-05T16:11:51.000,Rights and Issues Inv. Trust PLC,RIII,POS,Change of position,Transaction in Own Shares,4722P,17724811,2460.0,2.928870292887029,,[summary failed: HTTP Error 400: Bad Request],,neutral,https://www.investegate.co.uk/announcement/rns/rights-issues-investment-trust--riii/transaction-in-own-shares/9707100
2026-08-05 17:10:20,2026-08-05T16:10:20.000,F&C Investment Trust PLC,FCIT,POS,Change of position,Transaction in Own Shares,4720P,17724810,343.8,1.475796930342385,,[summary failed: HTTP Error 400: Bad Request],,neutral,https://www.investegate.co.uk/announcement/rns/f-c-investment-trust--fcit/transaction-in-own-shares/9704639
2026-08-05 17:09:22,2026-08-05T16:09:22.000,Aberdeen Equity Income Trust plc,AEI,IOE,Issue of equity,Issue of Equity,4719P,17724808,462,-0.6451612903225806,,[summary failed: HTTP Error 400: Bad Request],,neutral,https://www.investegate.co.uk/announcement/rns/aberdeen-equity-income-trust--aei/issue-of-equity/9707098
2026-08-05 17:08:53,2026-08-05T16:08:53.000,Dunedin Income Growth Inv Tst PLC,DIG,POS,Change of position,Transaction in Own Shares,4716P,17724807,319,0.3144654088050314,,[summary failed: HTTP Error 400: Bad Request],,neutral,https://www.investegate.co.uk/announcement/rns/dunedin-income-growth-inv-trust--dig/transaction-in-own-shares/9707095
2026-08-05 17:07:47,2026-08-05T16:07:47.000,Aurora UK Alpha PLC,ARR,POS,Change of position,Transaction in Own Shares,4715P,17724804,257,0.0,,[summary failed: HTTP Error 400: Bad Request],,neutral,https://www.investegate.co.uk/announcement/rns/aurora-uk-alpha-plc--arr/transaction-in-own-shares/9707094
2026-08-05 17:07:19,2026-08-05T16:07:19.000,Mony Group PLC,MONY,POS,Change of position,Transaction in Own Shares,4709P,17724803,206.8,1.771653543307087,,[summary failed: HTTP Error 400: Bad Request],,neutral,https://www.investegate.co.uk/announcement/rns/moneysupermarket-com-group--mony/transaction-in-own-shares/9707093
2026-08-05 17:07:12,2026-08-05T16:07:12.000,Aberdeen UK Smaller Cos. Grwth Trst,AUSC,POS,Change of position,Transaction in Own Shares,4713P,17724802,524,1.353965183752418,,[summary failed: HTTP Error 400: Bad Request],,neutral,https://www.investegate.co.uk/announcement/rns/abrdn-uk-smaller-companies-growth-trust--ausc/transaction-in-own-shares/9707092
2026-08-05 17:06:47,2026-08-05T16:06:47.000,Monks Investment Trust PLC,MNKS,POS,Change of position,Transaction in Own Shares,4711P,17724801,1638,1.111111111111111,,[summary failed: HTTP Error 400: Bad Request],,neutral,https://www.investegate.co.uk/announcement/rns/monks-inv-trust--mnks/transaction-in-own-shares/9707091
2026-08-05 17:06:20,2026-08-05T16:06:20.000,Aberdeen New India Investment Trust,ANII,POS,Change of position,Transaction in Own Shares,4710P,17724800,742,0.5420054200542005,,[summary failed: HTTP Error 400: Bad Request],,neutral,https://www.investegate.co.uk/announcement/rns/aberdeen-new-india-investment-trust--anii/transaction-in-own-shares/9707090
2026-08-05 17:05:18,2026-08-05T16:05:18.000,Aberdeen Asia Focus plc,AAS,POS,Change of position,Transaction in Own Shares,4708P,17724799,443,0.2262443438914027,,[summary failed: HTTP Error 400: Bad Request],,neutral,https://www.investegate.co.uk/announcement/rns/aberdeen-asia-focus--aas/transaction-in-own-shares/9707088
2026-08-05 17:04:00,2026-08-05T16:04:00.000,Mercantile Investment Trust(The)PLC,MRC,POS,Change of position,Transaction in Own Shares,4707P,17724796,285,1.243339253996448,,[summary failed: HTTP Error 400: Bad Request],,neutral,https://www.investegate.co.uk/announcement/rns/mercantile-investment-trust-the---mrc/transaction-in-own-shares/9707086
2026-08-05 17:02:52,2026-08-05T16:02:52.000,Alliance Witan PLC,ALW,POS,Change of position,Transaction in Own Shares,4698P,17724795,1386,0.2894356005788712,,[summary failed: HTTP Error 400: Bad Request],,neutral,https://www.investegate.co.uk/announcement/rns/alliance-witan--alw/transaction-in-own-shares/9707082
2026-08-05 17:02:07,2026-08-05T16:02:07.000,JPMorgan US Smaller Co. IT,JUSC,POS,Change of position,Transaction in Own Shares,4701P,17724794,445.5,0.1123595505617978,,[summary failed: HTTP Error 400: Bad Request],,neutral,https://www.investegate.co.uk/announcement/rns/jpmorgan-us-smaller-co-inv-tst--jusc/transaction-in-own-shares/9707081
2026-08-05 17:01:00,2026-08-05T16:01:00.000,Fidelity Special Values Plc,FSV,IOE,Issue of equity,Issue of Equity,60805-4729,17724793,470.0,0.32017075773746,,[summary failed: HTTP Error 400: Bad Request],,neutral,https://www.investegate.co.uk/announcement/prn/fidelity-special-values--fsv/issue-of-equity/9707083
2026-08-05 17:00:48,2026-08-05T16:00:48.000,FRP Advisory Group PLC,FRP,IOE,Issue of equity,Proposed Secondary Placing,4697P,17724792,116,0.8695652173913043,,[summary failed: HTTP Error 400: Bad Request],,neutral,https://www.investegate.co.uk/announcement/rns/frp-advisory-group--frp/proposed-secondary-placing/9707080
2026-08-05 17:00:30,2026-08-05T16:00:30.000,B&M European Value Retail PLC,BME,DSH,Director/PDMR shareholding,PDMR Share Options,4699P,17724791,232.2,0.5194805194805195,,[summary failed: HTTP Error 400: Bad Request],,neutral,https://www.investegate.co.uk/announcement/rns/b-m-european-value-retail-s-a-di---bme/pdmr-share-options/9707079
2026-08-05 16:56:48,2026-08-05T15:56:48.000,Intertek Group PLC,ITRK,HOL,Holding(s) in company,Holding(s) in Company,4694P,17724786,5840.0,0.0,,[summary failed: HTTP Error 400: Bad Request],,neutral,https://www.investegate.co.uk/announcement/rns/intertek-group--itrk/holding-s-in-company/9707073
2026-08-05 16:56:00,2026-08-05T15:56:00.000,Fidelity European Trust Plc,FEV,POS,Change of position,Transaction in Own Shares,60805-4719,17724787,438,0.6896551724137931,,[summary failed: HTTP Error 400: Bad Request],,neutral,https://www.investegate.co.uk/announcement/prn/fidelity-european-trust--fev/transaction-in-own-shares/9707077
2026-08-05 16:54:00,2026-08-05T15:54:00.000,Strategic Equity Capital Plc,SEC,POS,Change of position,Transaction in Own Shares,60805-4695,17724785,367.5,-0.1358695652173913,,[summary failed: HTTP Error 400: Bad Request],,neutral,https://www.investegate.co.uk/announcement/prn/strategic-equity-capital--sec/transaction-in-own-shares/9707074
2026-08-05 16:50:37,2026-08-05T15:50:37.000,Templeton Emerging Markets IT PLC,TEM,POS,Change of position,Transaction in Own Shares,4687P,17724778,316.5,0.4761904761904762,,[summary failed: HTTP Error 400: Bad Request],,neutral,https://www.investegate.co.uk/announcement/rns/templeton-emerging-markets-inv-trust--tem/transaction-in-own-shares/9707066
2026-08-05 16:50:22,2026-08-05T15:50:22.000,Baillie Gifford European Growth Tst,BGEU,POS,Change of position,Transaction in Own Shares,4685P,17724777,121,0.8333333333333333,,[summary failed: HTTP Error 400: Bad Request],,neutral,https://www.investegate.co.uk/announcement/rns/baillie-gifford-european-growth-trust--bgeu/transaction-in-own-shares/9707065
2026-08-05 16:50:03,2026-08-05T15:50:03.000,CT Global Managed Portfolio Trust,CMPG,POS,Change of position,Transaction in Own Shares,4678P,17724776,328,1.863354037267081,,[summary failed: HTTP Error 400: Bad Request],,neutral,https://www.investegate.co.uk/announcement/rns/ct-global-managed-portfolio-trust-grwth-shs--cmpg/transaction-in-own-shares/9707064
2026-08-05 16:49:30,2026-08-05T15:49:30.000,CT Global Managed Portfolio - CMPI,CMPI,POS,Change of position,Transaction in Own Shares,4677P,17724775,131.5,0.0,,[summary failed: HTTP Error 400: Bad Request],,neutral,https://www.investegate.co.uk/announcement/rns/ct-global-managed-portfolio-trust-inc-shs--cmpi/transaction-in-own-shares/9707063
2026-08-05 16:47:53,2026-08-05T15:47:53.000,Helleniq Energy Holdings S.A.,HLPD,IR,Interim results,HELLENiQ ENERGY Holdings 2Q/1H 26 Fin. Results,4670P,17724774,,,,[summary failed: HTTP Error 400: Bad Request],,neutral,https://www.investegate.co.uk/announcement/rns/helleniq-energy-holdings-societe-anonyme--hlpd/helleniq-energy-holdings-2q-1h-26-fin-results/9707060
2026-08-05 16:47:52,2026-08-05T15:47:52.000,Scottish Mortgage Inv Tst PLC,SMT,POS,Change of position,Transaction in Own Shares,4676P,17724773,1379.5,-0.2530730296456978,,[summary failed: HTTP Error 400: Bad Request],,neutral,https://www.investegate.co.uk/announcement/rns/scottish-mortgage-inv-trust--smt/transaction-in-own-shares/9707059
2026-08-05 16:46:29,2026-08-05T15:46:29.000,Tritax Big Box REIT plc,BBOX,IOE,Issue of equity,Retail Offer,4673P,17724771,171.7,-0.1163467132053519,,[summary failed: HTTP Error 400: Bad Request],,neutral,https://www.investegate.co.uk/announcement/rns/tritax-big-box-reit--bbox/retail-offer/9707058
2026-08-05 16:44:31,2026-08-05T15:44:31.000,Genuit Group PLC,GEN,HOL,Holding(s) in company,Holding(s) in Company,4672P,17724769,296.8,1.158827539195637,,,,,
2026-08-05 16:37:18,2026-08-05T15:37:18.000,CMC Markets Plc,CMCX,DSH,Director/PDMR shareholding,Director/PDMR Shareholding,4664P,17724764,697,2.349486049926579,,[summary failed: HTTP Error 400: Bad Request],,neutral,https://www.investegate.co.uk/announcement/rns/cmc-markets--cmcx/director-pdmr-shareholding/9707052
2026-08-05 16:37:09,2026-08-05T15:37:09.000,SDCL Efficiency Income Trust PLC ,SEIT,MSC,Miscellaneous,Cancellation of Treasury Shares,4501P,17724763,39,0.7751937984496124,,[summary failed: HTTP Error 400: Bad Request],,neutral,https://www.investegate.co.uk/announcement/rns/sdcl-efficiency-income-trust--seit/cancellation-of-treasury-shares/9707051
2026-08-05 16:37:00,2026-08-05T15:37:00.000,Tritax Big Box REIT plc,BBOX,IOE,Issue of equity,Proposed Equity Issue ,4659P,17724762,171.7,-0.1163467132053519,,[summary failed: HTTP Error 400: Bad Request],,neutral,https://www.investegate.co.uk/announcement/rns/tritax-big-box-reit--bbox/proposed-equity-issue-/9707050
2026-08-05 16:36:31,2026-08-05T15:36:31.000,Morgan Stanley,0QYU,DOC,,Half-year Financial Report,4661P,17724761,,,,,,,
2026-08-05 16:36:01,2026-08-05T15:36:01.000,Tritax Big Box REIT plc,BBOX,DIV,Dividend declaration,Dividend Declaration,4621P,17724758,171.7,-0.1163467132053519,,[summary failed: HTTP Error 400: Bad Request],,neutral,https://www.investegate.co.uk/announcement/rns/tritax-big-box-reit--bbox/dividend-declaration/9707046
2026-08-05 16:36:00,2026-08-05T15:36:00.000,Tritax Big Box REIT plc,BBOX,IR,Interim results,Half-year Report,4613P,17724759,171.7,-0.1163467132053519,,[summary failed: HTTP Error 400: Bad Request],,neutral,https://www.investegate.co.uk/announcement/rns/tritax-big-box-reit--bbox/half-year-report/9707045
2026-08-05 16:34:00,2026-08-05T15:34:00.000,Mid Wynd International Investment Trust Plc,MWY,POS,Change of position,Transaction in Own Shares,60805-4702,17724757,798,0.5037783375314862,,[summary failed: HTTP Error 400: Bad Request],,neutral,https://www.investegate.co.uk/announcement/prn/mid-wynd-international-inv-trust--mwy/transaction-in-own-shares/9707047
2026-08-05 16:33:18,2026-08-05T15:33:18.000,Burjeel Holdings PLC,,DOC,,Half-year Financial Report  ,4656P,17724756,,,,,,,
2026-08-05 16:30:00,2026-08-05T15:30:00.000,Invesco Bond Income Plus,BIPS,IOE,Issue of equity,Issue of Equity,607539b654,17724753,171,0.2932551319648094,,[summary failed: HTTP Error 400: Bad Request],,neutral,https://www.investegate.co.uk/announcement/mfn/invesco-bond-income-plus-limited-npv--bips/issue-of-equity/9704616
2026-08-05 16:26:09,2026-08-05T15:26:09.000,M&C Saatchi PLC,SAA,HOL,Holding(s) in company,Holding(s) in Company,4654P,17724744,140.0,0.3584229390681004,,[summary failed: HTTP Error 400: Bad Request],,neutral,https://www.investegate.co.uk/announcement/rns/m-c-saatchi--saa/holding-s-in-company/9707029
2026-08-05 16:24:00,2026-08-05T15:24:00.000,BlackRock American Income Trust Plc,BRAI,IOE,Issue of equity,Issue of Equity,60805-4690,17724742,287,1.413427561837456,,[summary failed: HTTP Error 400: Bad Request],,neutral,https://www.investegate.co.uk/announcement/prn/blackrock-american-income-trust-plc--brai/issue-of-equity/9707030
2026-08-05 16:23:49,2026-08-05T15:23:49.000,Mind Gym PLC,MIND,HOL,Holding(s) in company,Holding(s) in Company,4651P,17724741,8.5,0.0,,[summary failed: HTTP Error 400: Bad Request],,neutral,https://www.investegate.co.uk/announcement/rns/mind-gym--mind/holding-s-in-company/9707026
2026-08-05 16:23:28,2026-08-05T15:23:28.000,Oxford Instruments PLC,OXIG,DSH,Director/PDMR shareholding,Director/PDMR Shareholding,4652P,17724740,2872,1.843971631205674,,[summary failed: HTTP Error 400: Bad Request],,neutral,https://www.investegate.co.uk/announcement/rns/oxford-instruments--oxig/director-pdmr-shareholding/9707025
2026-08-05 16:20:00,2026-08-05T15:20:00.000,Bango PLC,BGO,HOL,Holding(s) in company,Holding(s) in Company,4635P,17724735,61,-4.6875,,[summary failed: HTTP Error 400: Bad Request],,neutral,https://www.investegate.co.uk/announcement/rns/bango--bgo/holding-s-in-company/9707022
2026-08-05 16:20:00,2026-08-05T15:20:00.000,Bango PLC,BGO,HOL,Holding(s) in company,Holding(s) in Company,4637P,17724736,61,-4.6875,,[summary failed: HTTP Error 400: Bad Request],,neutral,https://www.investegate.co.uk/announcement/rns/bango--bgo/holding-s-in-company/9707022
2026-08-05 16:18:53,2026-08-05T15:18:53.000,Polar Capital Global Health Tst PLC,PCGH,IOE,Issue of equity,Issue of Equity,4640P,17724734,439.5,0.5720823798627002,,[summary failed: HTTP Error 400: Bad Request],,neutral,https://www.investegate.co.uk/announcement/rns/polar-capital-global-healthcare-trust--pcgh/issue-of-equity/9707020
2026-08-05 16:18:03,2026-08-05T15:18:03.000,Vodafone Group Plc,VOD,DSH,Director/PDMR shareholding,Director/PDMR Shareholding,4638P,17724733,114.4,-2.13857998289136,,[summary failed: HTTP Error 400: Bad Request],,neutral,https://www.investegate.co.uk/announcement/rns/vodafone-group--vod/director-pdmr-shareholding/9707019
2026-08-05 16:16:54,2026-08-05T15:16:54.000,Wizz Air Holdings PLC,WIZZ,RAG,Regulatory application/grant,Result of AGM,4629P,17724732,1147,-0.8643042350907519,,[summary failed: HTTP Error 400: Bad Request],,neutral,https://www.investegate.co.uk/announcement/rns/wizz-air-holdings--wizz/result-of-agm/9707018
2026-08-05 16:16:21,2026-08-05T15:16:21.000,Allianz Technology Trust PLC,ATT,GEO,,Top 10 & Geographical Distribution,4627P,17724731,720.0,1.123595505617978,,[summary failed: HTTP Error 400: Bad Request],,neutral,https://www.investegate.co.uk/announcement/rns/allianz-technology-trust--att/top-10-geographical-distribution/9707017
2026-08-05 16:16:12,2026-08-05T15:16:12.000,Lehman Brothers UK Cap Fdg II LP,49AC,MSC,Miscellaneous,Notice of Proposed Interim Payment ,4624P,17724730,,,,[summary failed: HTTP Error 400: Bad Request],,neutral,https://www.investegate.co.uk/announcement/rns/lehman-brothers-uk-capital-funding-ii-lp--49ac/notice-of-proposed-interim-payment-/9707016
2026-08-05 16:15:23,2026-08-05T15:15:23.000,Lehman Brothers UK Capital Funding,,MSC,Miscellaneous,Notice of Proposed Interim Payment,4619P,17724729,,,,,,,
2026-08-05 16:15:00,2026-08-05T15:15:00.000,Sage Group PLC (The),SGE,DSH,Director/PDMR shareholding,Director/PDMR Shareholding,4612P,17724728,1013,0.3467062902426944,,[summary failed: HTTP Error 400: Bad Request],,neutral,https://www.investegate.co.uk/announcement/rns/sage-group--sge/director-pdmr-shareholding/9707014
2026-08-05 16:14:00,2026-08-05T15:14:00.000,Lehman Brothers UK Cap Fdg III LP,73YK,MSC,Miscellaneous,Notice of Proposed Interim Payment,4622P,17724727,3.75,,,[summary failed: HTTP Error 400: Bad Request],,neutral,https://www.investegate.co.uk/announcement/rns/lehman-brothers-uk-capital-funding-iii-lp--73yk/notice-of-proposed-interim-payment/9707013
2026-08-05 16:13:33,2026-08-05T15:13:33.000,Vodafone Group Plc,VOD,ADM,,Admission to Trading,4618P,17724725,114.4,-2.13857998289136,,[summary failed: HTTP Error 400: Bad Request],,neutral,https://www.investegate.co.uk/announcement/rns/vodafone-group--vod/admission-to-trading/9707011
2026-08-05 16:13:15,2026-08-05T15:13:15.000,Gamma Communications PLC,GAMA,OUP,Offer update,Extension of PUSU deadline,4617P,17724724,970.0,0.0,,[summary failed: HTTP Error 400: Bad Request],,neutral,https://www.investegate.co.uk/announcement/rns/gamma-communications--gama/extension-of-pusu-deadline/9707010
2026-08-05 16:12:31,2026-08-05T15:12:31.000,Bodycote PLC,BOY,OFD,,Statement Regarding Possible Offers for Bodycote,4616P,17724723,923,23.06666666666667,,[summary failed: HTTP Error 400: Bad Request],,neutral,https://www.investegate.co.uk/announcement/rns/bodycote--boy/statement-regarding-possible-offers-for-bodycote/9707009
2026-08-05 16:10:14,2026-08-05T15:10:14.000,CVC Income & Growth Limited,CVCE,IOE,Issue of equity,Issue of Equity,4602P,17724722,1.1,0.9174311926605505,,,,,
2026-08-05 16:09:13,2026-08-05T15:09:13.000,Merchants Trust PLC,MRCH,GEO,,Top 10 & Geographical Distribution ,4614P,17724721,678,0.2958579881656805,,[summary failed: HTTP Error 400: Bad Request],,neutral,https://www.investegate.co.uk/announcement/rns/merchants-trust--mrch/top-10-geographical-distribution-/9707007
2026-08-05 16:08:02,2026-08-05T15:08:02.000,Dar Al-Arkan Sukuk Company Ltd,AG79,IR,Interim results,Dar Al Arkans Half-year Financial Report,4615P,17724720,101.238,,,,,,
2026-08-05 16:05:26,2026-08-05T15:05:26.000,Brunner Investment Trust PLC,BUT,GEO,,Top 10 & Geographical Distribution ,4610P,17724718,1572,0.5115089514066496,,[summary failed: HTTP Error 400: Bad Request],,neutral,https://www.investegate.co.uk/announcement/rns/brunner-inv-trust--but/top-10-geographical-distribution-/9707004
2026-08-05 16:00:00,2026-08-05T15:00:00.000,Ninety One PLC,N91,HOL,Holding(s) in company,TR-1 Notification & PDMR Shareholding,4575P,17724716,220.8,0.8219178082191781,,[summary failed: HTTP Error 400: Bad Request],,neutral,https://www.investegate.co.uk/announcement/rns/ninety-one--n91/tr-1-notification-pdmr-shareholding/9707000
2026-08-05 16:00:00,2026-08-05T15:00:00.000,Colefax Group PLC,CFX,MSC,Miscellaneous,Notice of GM and Posting of Annual Report,4594P,17724717,1465,-1.013513513513514,,[summary failed: HTTP Error 400: Bad Request],,neutral,https://www.investegate.co.uk/announcement/rns/colefax-group--cfx/notice-of-gm-and-posting-of-annual-report/9707001
2026-08-05 16:00:00,2026-08-05T15:00:00.000,Eurocell plc,ECEL,POS,Change of position,Purchase of Shares via Employee Benefit Trust,4582P,17724715,117.5,0.0,,[summary failed: HTTP Error 400: Bad Request],,neutral,https://www.investegate.co.uk/announcement/rns/eurocell--ecel/purchase-of-shares-via-employee-benefit-trust/9706999
2026-08-05 15:56:28,2026-08-05T14:56:28.000,Senior PLC,SNR,HOL,Holding(s) in company,Holding(s) in Company,4605P,17724714,292,-0.1709401709401709,,[summary failed: HTTP Error 400: Bad Request],,neutral,https://www.investegate.co.uk/announcement/rns/senior--snr/holding-s-in-company/9704574
2026-08-05 15:55:25,2026-08-05T14:55:25.000,Beazley PLC,BEZ,HOL,Holding(s) in company,Holding(s) in Company ,4603P,17724712,1290.0,-0.07745933384972889,,[summary failed: HTTP Error 400: Bad Request],,neutral,https://www.investegate.co.uk/announcement/rns/beazley--bez/holding-s-in-company-/9706996
2026-08-05 15:55:00,2026-08-05T14:55:00.000,TwentyFour Income Fund Limited,TFIF,IOE,Issue of equity,Issue of Equity,60805-4692,17724713,107.8,-0.3696857670979667,,[summary failed: HTTP Error 400: Bad Request],,neutral,https://www.investegate.co.uk/announcement/prn/twentyfour-income-fund-limited-ord-red--tfif/issue-of-equity/9706998
2026-08-05 15:48:41,2026-08-05T14:48:41.000,Schroder Income Growth Fund PLC,SCF,DSH,Director/PDMR shareholding,Director/PDMR Shareholding,4601P,17724710,375,0.5361930294906166,,[summary failed: HTTP Error 400: Bad Request],,neutral,https://www.investegate.co.uk/announcement/rns/schroder-income-growth-fund--scf/director-pdmr-shareholding/9706994
2026-08-05 15:48:38,2026-08-05T14:48:38.000,PPHE Hotel Group Limited,PPH,TVR,Total voting rights,Total Voting Rights,4600P,17724709,1542,0.5215123859191656,,[summary failed: HTTP Error 400: Bad Request],,neutral,https://www.investegate.co.uk/announcement/rns/pphe-hotel-group-ltd--pph/total-voting-rights/9706993
2026-08-05 15:47:35,2026-08-05T14:47:35.000,CT UK Capital and Income Investment,CTUK,POS,Change of position,Transaction in Own Shares,4599P,17724707,362.5,0.8344923504867872,,[summary failed: HTTP Error 400: Bad Request],,neutral,https://www.investegate.co.uk/announcement/rns/ct-uk-capital-and-income-investment-trust--ctuk/transaction-in-own-shares/9706991
2026-08-05 15:46:39,2026-08-05T14:46:39.000,CQS Natural Resources Grwth&Inc PLC,CYN,IOE,Issue of equity,Sale of Shares from Treasury,4598P,17724706,368,2.222222222222222,,[summary failed: HTTP Error 400: Bad Request],,neutral,https://www.investegate.co.uk/announcement/rns/cqs-natural-resources-growth-and-income--cyn/sale-of-shares-from-treasury/9706990
2026-08-05 15:41:54,2026-08-05T14:41:54.000,CVS Group plc,CVSG,DSH,Director/PDMR shareholding,PDMR Dealing ,4595P,17724704,1289,0.703125,,[summary failed: HTTP Error 400: Bad Request],,neutral,https://www.investegate.co.uk/announcement/rns/cvs-group--cvsg/pdmr-dealing-/9706988
2026-08-05 15:40:57,2026-08-05T14:40:57.000,Aurora UK Alpha PLC,ARR,DOC,,Monthly Fact Sheet as at 31 July 2026 ,4596P,17724703,257,0.0,,[summary failed: HTTP Error 400: Bad Request],,neutral,https://www.investegate.co.uk/announcement/rns/aurora-uk-alpha-plc--arr/monthly-fact-sheet-as-at-31-july-2026-/9706987
2026-08-05 15:38:37,2026-08-05T14:38:37.000,Hargreave Hale AIM VCT 1 PLC,HHV,POS,Change of position,Transaction in Own Shares,1256228-en,17724702,30.8,0.6535947712418301,,[summary failed: HTTP Error 400: Bad Request],,neutral,https://www.investegate.co.uk/announcement/gnw/hargreave-hale-aim-vct--hhv/transaction-in-own-shares/9706986
2026-08-05 15:34:22,2026-08-05T14:34:22.000,Allianz Technology Trust PLC,ATT,HOL,Holding(s) in company,Holding(s) in Company,4592P,17724700,720.0,1.123595505617978,,[summary failed: HTTP Error 400: Bad Request],,neutral,https://www.investegate.co.uk/announcement/rns/allianz-technology-trust--att/holding-s-in-company/9706983
2026-08-05 15:32:07,2026-08-05T14:32:07.000,British Land Co PLC,BLND,HOL,Holding(s) in company,Holding(s) in Company,4589P,17724699,448,-0.04462293618920125,,[summary failed: HTTP Error 400: Bad Request],,neutral,https://www.investegate.co.uk/announcement/rns/british-land-company--blnd/holding-s-in-company/9706980
2026-08-05 15:30:24,2026-08-05T14:30:24.000,Beazley PLC,BEZ,ADM,,Admission to Trading,4585P,17724696,1290.0,-0.07745933384972889,,[summary failed: HTTP Error 400: Bad Request],,neutral,https://www.investegate.co.uk/announcement/rns/beazley--bez/admission-to-trading/9706978
2026-08-05 15:30:00,2026-08-05T14:30:00.000,Sovereign Metals Limited,SVML,DSH,Director/PDMR shareholding,Director/PDMR Notification,3935P,17724695,26.2,0.7692307692307692,,[summary failed: HTTP Error 400: Bad Request],,neutral,https://www.investegate.co.uk/announcement/rns/sovereign-metals-limited-npv-di---svml/director-pdmr-notification/9706977
2026-08-05 15:30:00,2026-08-05T14:30:00.000,Pan African Resources Plc,PAF,HOL,Holding(s) in company,Holding(s) in Company,60805-4671,17724698,104.2,7.146529562982005,,[summary failed: HTTP Error 400: Bad Request],,neutral,https://www.investegate.co.uk/announcement/prn/pan-african-resources--paf/holding-s-in-company/9706981
2026-08-05 15:14:53,2026-08-05T14:14:53.000,Maintel Holdings PLC,MAI,HOL,Holding(s) in company,Holding(s) in Company,4576P,17724639,72.5,0.0,,[summary failed: HTTP Error 400: Bad Request],,neutral,https://www.investegate.co.uk/announcement/rns/maintel-holdings--mai/holding-s-in-company/9706917
2026-08-05 15:14:33,2026-08-05T14:14:33.000,C&C Group Plc,CCR,TVR,Total voting rights,Total Voting Rights,4574P,17724638,97.8,-1.905717151454363,,[summary failed: HTTP Error 400: Bad Request],,neutral,https://www.investegate.co.uk/announcement/rns/c-c-group-cdi---ccr/total-voting-rights/9706916
2026-08-05 15:04:49,2026-08-05T14:04:49.000,Pennon Group PLC,PNN,DSH,Director/PDMR shareholding,Director/PDMR Shareholding,4564P,17724623,457.6,-0.3484320557491289,,[summary failed: HTTP Error 400: Bad Request],,neutral,https://www.investegate.co.uk/announcement/rns/pennon-group--pnn/director-pdmr-shareholding/9706903
2026-08-05 15:00:47,2026-08-05T14:00:47.000,Craneware plc,CRW,HOL,Holding(s) in company,Notification of Major Holdings,4557P,17724614,1316,4.444444444444444,,[summary failed: HTTP Error 400: Bad Request],,neutral,https://www.investegate.co.uk/announcement/rns/craneware--crw/notification-of-major-holdings/9706893
2026-08-05 15:00:01,2026-08-05T14:00:01.000,Hammerson PLC,HMSO,HOL,Holding(s) in company,Holding(s) in Company,4427P,17724607,378.4,-0.5257623554153523,,[summary failed: HTTP Error 400: Bad Request],,neutral,https://www.investegate.co.uk/announcement/rns/hammerson--hmso/holding-s-in-company/9706886
2026-08-05 15:00:01,2026-08-05T14:00:01.000,CyanConnode Holdings PLC,CYAN,HOL,Holding(s) in company,Holding(s) in Company,4535P,17724608,9.8,0.4098360655737705,,[summary failed: HTTP Error 400: Bad Request],,neutral,https://www.investegate.co.uk/announcement/rns/cyanconnode-holdings--cyan/holding-s-in-company/9706887
2026-08-05 14:53:40,2026-08-05T13:53:40.000,Baillie Gifford US Growth Trust PLC,USA,HOL,Holding(s) in company,Holding(s) in Company,4553P,17724589,318.5,0.631911532385466,,[summary failed: HTTP Error 400: Bad Request],,neutral,https://www.investegate.co.uk/announcement/rns/baillie-gifford-us-growth-trust--usa/holding-s-in-company/9706869
2026-08-05 14:47:37,2026-08-05T13:47:37.000,Morgan Stanley Finance LLC,RE67,MSC,Miscellaneous,ISM_MSF_EARLY REDEMPTION_05-08-2026,4549P,17724584,,,,,,,
2026-08-05 14:45:00,2026-08-05T13:45:00.000,Barclays Bank PLC,33JE,PDI,Price/dividend information,Publication of Base Prospectus,4479P,17724576,284.950339,,,[summary failed: HTTP Error 400: Bad Request],,neutral,https://www.investegate.co.uk/announcement/rns/barclays-bank-plc--33je/publication-of-base-prospectus/9706853
2026-08-05 14:43:19,2026-08-05T13:43:19.000,Morgan Stanley B.V.,71LF,MSC,Miscellaneous,ISM_MSBV_EARLY REDEMPTION_05-08-2026,4540P,17724574,,,,,,,
2026-08-05 14:42:50,2026-08-05T13:42:50.000,JPMorgan Asia Growth & Income PLC,JAGI,RDN,,Director Declaration,4539P,17724573,574,0.7017543859649124,,[summary failed: HTTP Error 400: Bad Request],,neutral,https://www.investegate.co.uk/announcement/rns/jpmorgan-asia-growth-income--jagi/director-declaration/9706850
2026-08-05 14:41:15,2026-08-05T13:41:15.000,Morgan Stanley B.V.,71LF,MSC,Miscellaneous,ISM - MSBV - ISSUER CALL -XS2877627559 -05-08-2026,4537P,17724571,,,,[summary failed: HTTP Error 400: Bad Request],,neutral,https://www.investegate.co.uk/announcement/rns/morgan-stanley-b-v---71lf/ism-msbv-issuer-call-xs2877627559-05-08-2026/9706847
2026-08-05 14:39:37,2026-08-05T13:39:37.000,Personal Assets Trust PLC,PNL,DSH,Director/PDMR shareholding,Director/PDMR Shareholding,4536P,17724568,554,0.7272727272727273,,[summary failed: HTTP Error 400: Bad Request],,neutral,https://www.investegate.co.uk/announcement/rns/personal-assets-trust--pnl/director-pdmr-shareholding/9706846
2026-08-05 14:38:04,2026-08-05T13:38:04.000,Morgan Stanley B.V.,71LF,MSC,Miscellaneous,ISM - MSBV - ISSUER CALL -XS2877627476 -05-08-2026,4533P,17724564,,,,[summary failed: HTTP Error 400: Bad Request],,neutral,https://www.investegate.co.uk/announcement/rns/morgan-stanley-b-v---71lf/ism-msbv-issuer-call-xs2877627476-05-08-2026/9706841
2026-08-05 14:36:00,2026-08-05T13:36:00.000,ZIGUP plc,ZIG,DSH,Director/PDMR shareholding,Director/PDMR Shareholding,60805-4647,17724563,464.5,0.5411255411255411,,[summary failed: HTTP Error 400: Bad Request],,neutral,https://www.investegate.co.uk/announcement/prn/zigup--zig/director-pdmr-shareholding/9706843
2026-08-05 14:35:15,2026-08-05T13:35:15.000,JPMorgan European Grwth & Inc PLC,JEGI,RDN,,Director Declaration,4528P,17724559,149.2,0.4037685060565276,,[summary failed: HTTP Error 400: Bad Request],,neutral,https://www.investegate.co.uk/announcement/rns/jpmorgan-european-growth-income--jegi/director-declaration/9706836
2026-08-05 14:29:51,2026-08-05T13:29:51.000,Karbon Homes Limited,46GV,BOA,Board appointment/change,Board appointments ,4520P,17724553,72.5,,,[summary failed: HTTP Error 400: Bad Request],,neutral,https://www.investegate.co.uk/announcement/rns/karbon-homes-limited--46gv/board-appointments-/9706830
2026-08-05 14:27:55,2026-08-05T13:27:55.000,Mortgage Advice Bureau (Hldgs) PLC,MAB1,HOL,Holding(s) in company,Holding(s) in Company,4518P,17724551,541,0.9328358208955224,,[summary failed: HTTP Error 400: Bad Request],,neutral,https://www.investegate.co.uk/announcement/rns/mortgage-advice-bureau-holdings---mab1/holding-s-in-company/9706828
2026-08-05 14:20:29,2026-08-05T13:20:29.000,Bloomsbury Publishing PLC,BMY,HOL,Holding(s) in company,Holding(s) in Company,4512P,17724539,637,1.111111111111111,,[summary failed: HTTP Error 400: Bad Request],,neutral,https://www.investegate.co.uk/announcement/rns/bloomsbury-publishing--bmy/holding-s-in-company/9706814
2026-08-05 14:17:00,2026-08-05T13:17:00.000,Ferro-Alloy Resources Limited,FAR,NRA,,Investor Q&A via Investor Meet Company,4510P,17724534,3.7,-2.37467018469657,,[summary failed: HTTP Error 400: Bad Request],,neutral,https://www.investegate.co.uk/announcement/rns/ferro-alloy-resources-limited-npv--far/investor-q-a-via-investor-meet-company/9706809
2026-08-05 14:12:30,2026-08-05T13:12:30.000,HSBC Bank plc,48CF,PSP,,Publication of a Supplementary Prospectus,4509P,17724530,,,,[summary failed: HTTP Error 400: Bad Request],,neutral,https://www.investegate.co.uk/announcement/rns/hsbc-bank-plc--48cf/publication-of-a-supplementary-prospectus/9706807
2026-08-05 14:09:03,2026-08-05T13:09:03.000,Personal Assets Trust PLC,PNL,DSH,Director/PDMR shareholding,Director/PDMR Shareholding,4508P,17724528,554,0.7272727272727273,,[summary failed: HTTP Error 400: Bad Request],,neutral,https://www.investegate.co.uk/announcement/rns/personal-assets-trust--pnl/director-pdmr-shareholding/9706804
2026-08-05 14:00:01,2026-08-05T13:00:01.000,NatWest Group plc,NWG,DSH,Director/PDMR shareholding,Director/PDMR Shareholding,3916P,17724520,713.8,-0.3072625698324022,,[summary failed: HTTP Error 400: Bad Request],,neutral,https://www.investegate.co.uk/announcement/rns/natwest-group--nwg/director-pdmr-shareholding/9706788
2026-08-05 14:00:01,2026-08-05T13:00:01.000,Computacenter PLC,CCC,MSC,Miscellaneous,Block Listing Interim Review,4454P,17724519,4812,0.7115948095437422,,[summary failed: HTTP Error 400: Bad Request],,neutral,https://www.investegate.co.uk/announcement/rns/computacenter--ccc/block-listing-interim-review/9706789
2026-08-05 13:57:27,2026-08-05T12:57:27.000,Hansa Investment Company Limited,HAN,RAG,Regulatory application/grant,Result of AGM,4503P,17724516,334,1.829268292682927,,[summary failed: HTTP Error 400: Bad Request],,neutral,https://www.investegate.co.uk/announcement/rns/hansa-investment-company-limited-di---han/result-of-agm/9706786
2026-08-05 13:55:56,2026-08-05T12:55:56.000,IP Group PLC,IPO,DSH,Director/PDMR shareholding,Director/PDMR share purchases,4502P,17724514,68.6,2.083333333333333,,[summary failed: HTTP Error 400: Bad Request],,neutral,https://www.investegate.co.uk/announcement/rns/ip-group--ipo/director-pdmr-share-purchases/9706782
2026-08-05 13:53:45,2026-08-05T12:53:45.000,Amundi Physical Metals plc,GLDA,PFT,,Amundi Physical Metals plc: UK Final Terms,2378034_en,17724512,12524.375,4.222143629857702,,[summary failed: HTTP Error 400: Bad Request],,neutral,https://www.investegate.co.uk/announcement/eqs/amundi-physical-metals-plc--glda/amundi-physical-metals-plc-final-terms/9706779
2026-08-05 13:47:55,2026-08-05T12:47:55.000,Amundi Physical Metals plc,GLDA,PFT,,Amundi Physical Metals plc: Final Terms,2378030_en,17724507,12524.375,4.222143629857702,,[summary failed: HTTP Error 400: Bad Request],,neutral,https://www.investegate.co.uk/announcement/eqs/amundi-physical-metals-plc--glda/amundi-physical-metals-plc-final-terms/9706779
2026-08-05 13:43:27,2026-08-05T12:43:27.000,Sri Lanka (G.D.S. Republic of),YV30,MSC,Miscellaneous,Announcement of Investor Call,4496P,17724504,,,,,,,
2026-08-05 13:26:24,2026-08-05T12:26:24.000,Cirata PLC,CRTA,HOL,Holding(s) in company,Holding(s) in Company,4480P,17724481,14.2,-10.9717868338558,,[summary failed: HTTP Error 400: Bad Request],,neutral,https://www.investegate.co.uk/announcement/rns/cirata--crta/holding-s-in-company/9706749
2026-08-05 13:26:01,2026-08-05T12:26:01.000,Corero Network Security PLC,CNS,HOL,Holding(s) in company,Holding(s) in Company,4478P,17724478,8.25,0.0,,[summary failed: HTTP Error 400: Bad Request],,neutral,https://www.investegate.co.uk/announcement/rns/corero-network-security--cns/holding-s-in-company/9706747
2026-08-05 13:24:53,2026-08-05T12:24:53.000,Corero Network Security PLC,CNS,HOL,Holding(s) in company,Holding(s) in Company,4477P,17724477,8.25,0.0,,[summary failed: HTTP Error 400: Bad Request],,neutral,https://www.investegate.co.uk/announcement/rns/corero-network-security--cns/holding-s-in-company/9706746
2026-08-05 13:21:17,2026-08-05T12:21:17.000,Johnson Matthey PLC,JMAT,DSH,Director/PDMR shareholding,Director/PDMR Shareholding,4475P,17724473,2154,2.571428571428571,,[summary failed: HTTP Error 400: Bad Request],,neutral,https://www.investegate.co.uk/announcement/rns/johnson-matthey--jmat/director-pdmr-shareholding/9706742
2026-08-05 13:20:42,2026-08-05T12:20:42.000,Heavitree Brewery PLC,HVT,DSH,Director/PDMR shareholding,Director/PDMR Shareholding,4471P,17724471,300.0,0.0,,[summary failed: HTTP Error 400: Bad Request],,neutral,https://www.investegate.co.uk/announcement/rns/heavitree-brewery--hvt/director-pdmr-shareholding/9706740
2026-08-05 13:13:47,2026-08-05T12:13:47.000,Mission Group PLC (The),TMG,HOL,Holding(s) in company,Holding(s) in Company,4470P,17724462,18,0.0,,[summary failed: HTTP Error 400: Bad Request],,neutral,https://www.investegate.co.uk/announcement/rns/the-mission-group--tmg/holding-s-in-company/9706730
2026-08-05 13:12:53,2026-08-05T12:12:53.000,JTC PLC,JTC,OUP,Offer update,Update on Conditions and Expected Scheme Timetable,4458P,17724452,1336,0.6024096385542169,,[summary failed: HTTP Error 400: Bad Request],,neutral,https://www.investegate.co.uk/announcement/rns/jtc--jtc/update-on-conditions-and-expected-scheme-timetable/9706721
2026-08-05 13:12:46,2026-08-05T12:12:46.000,Mission Group PLC (The),TMG,HOL,Holding(s) in company,Holding(s) in Company,4460P,17724450,18,0.0,,[summary failed: HTTP Error 400: Bad Request],,neutral,https://www.investegate.co.uk/announcement/rns/the-mission-group--tmg/holding-s-in-company/9706730
2026-08-05 13:00:00,2026-08-05T12:00:00.000,PCI-PAL PLC,PCIP,DSH,Director/PDMR shareholding,Director Share Purchase,4448P,17724439,59,0.0,,[summary failed: HTTP Error 400: Bad Request],,neutral,https://www.investegate.co.uk/announcement/rns/pci-pal--pcip/director-share-purchase/9706704
2026-08-05 12:53:00,2026-08-05T11:53:00.000,Babcock International Group PLC,BAB,DSH,Director/PDMR shareholding,Director/PDMR Shareholding,4444P,17724429,1185.5,0.4235493434985176,,[summary failed: HTTP Error 400: Bad Request],,neutral,https://www.investegate.co.uk/announcement/rns/babcock-international-group--bab/director-pdmr-shareholding/9706695
2026-08-05 12:49:58,2026-08-05T11:49:58.000,Toyota Motor Credit Corp,FA16,PSP,,Publication of Supplementary Prospectus,4442P,17724420,102.13,,,[summary failed: HTTP Error 400: Bad Request],,neutral,https://www.investegate.co.uk/announcement/rns/toyota-motor-credit-corporation--fa16/publication-of-supplementary-prospectus/9706687
2026-08-05 12:49:31,2026-08-05T11:49:31.000,Toyota Finance Australia Ld,BW80,PSP,,Publication of Supplementary Prospectus,4433P,17724418,100.581,,,,,,
2026-08-05 12:49:10,2026-08-05T11:49:10.000,Toyota Credit Canada Inc,VI42,PSP,,Publication of Supplementary Prospectus,4430P,17724417,,,,[summary failed: HTTP Error 400: Bad Request],,neutral,https://www.investegate.co.uk/announcement/rns/toyota-credit-canada-inc--vi42/publication-of-supplementary-prospectus/9706684
2026-08-05 12:48:45,2026-08-05T11:48:45.000,Toyota Motor Fin (Netherlands) B.V.,BO92,PSP,,Publication of Supplementary Prospectus,4429P,17724416,99.282,,,,,,
2026-08-05 12:38:09,2026-08-05T11:38:09.000,Aberdeen New India Investment Trust,ANII,DSH,Director/PDMR shareholding,Director/PDMR Shareholding,4426P,17724404,742,0.5420054200542005,,[summary failed: HTTP Error 400: Bad Request],,neutral,https://www.investegate.co.uk/announcement/rns/aberdeen-new-india-investment-trust--anii/director-pdmr-shareholding/9706671
2026-08-05 12:32:22,2026-08-05T11:32:22.000,Likewise Group PLC,LIKE,MSC,Miscellaneous,Result of Retail Offer and July Update,4419P,17724395,29.5,-2.317880794701987,,[summary failed: HTTP Error 400: Bad Request],,neutral,https://www.investegate.co.uk/announcement/rns/likewise-group--like/result-of-retail-offer-and-july-update/9706662
2026-08-05 12:24:06,2026-08-05T11:24:06.000,Bank of Nova Scotia,0UKI,PDI,Price/dividend information,Publication of a Prospectus,4405P,17724388,,,,,,,
2026-08-05 12:23:25,2026-08-05T11:23:25.000,M&G Credit Income Investment Trust plc,MGCI,MSCL,,Application for Block Listing,2377972_en,17724389,92.2,0.6550218340611355,,[summary failed: HTTP Error 400: Bad Request],,neutral,https://www.investegate.co.uk/announcement/eqs/m-g-credit-income-investment-trust--mgci/application-for-block-listing/9706655
2026-08-05 12:23:10,2026-08-05T11:23:10.000,BRCK Group PLC,BRCK,HOL,Holding(s) in company,Notification of Major Holdings,4416P,17724387,51.7,-1.711026615969582,,[summary failed: HTTP Error 400: Bad Request],,neutral,https://www.investegate.co.uk/announcement/rns/brickability-group--brck/notification-of-major-holdings/9706654
2026-08-05 12:17:45,2026-08-05T11:17:45.000,Vedere Holdings PLC,,NRA,,Vedere Holdings Board and Company Secretary Change,4412P,17724385,,,,,,,
2026-08-05 12:13:32,2026-08-05T11:13:32.000,Personal Assets Trust PLC,PNL,DSH,Director/PDMR shareholding,Director/PDMR Shareholding,4408P,17724380,554,0.7272727272727273,,[summary failed: HTTP Error 400: Bad Request],,neutral,https://www.investegate.co.uk/announcement/rns/personal-assets-trust--pnl/director-pdmr-shareholding/9706647
2026-08-05 12:12:38,2026-08-05T11:12:38.000,ITV PLC,ITV,MSC,Miscellaneous,Results of Consent Solicitation - 2032 Notes,4406P,17724379,72,-1.840490797546012,,[summary failed: HTTP Error 400: Bad Request],,neutral,https://www.investegate.co.uk/announcement/rns/itv--itv/results-of-consent-solicitation-2032-notes/9706646
2026-08-05 12:02:23,2026-08-05T11:02:23.000,Pebble Group PLC (The),PEBB,HOL,Holding(s) in company,Holding(s) in Company,4387P,17724362,55,-1.079136690647482,,[summary failed: HTTP Error 400: Bad Request],,neutral,https://www.investegate.co.uk/announcement/rns/the-pebble-group--pebb/holding-s-in-company/9706625
2026-08-05 12:02:20,2026-08-05T11:02:20.000,Alternative Income REIT PLC,AIRE,RSP,,Response to Glenstone Acceptance Update,4382P,17724360,71.8,0.0,,[summary failed: HTTP Error 400: Bad Request],,neutral,https://www.investegate.co.uk/announcement/rns/alternative-income-reit--aire/response-to-glenstone-acceptance-update/9706623
2026-08-05 12:00:53,2026-08-05T11:00:53.000,JPMorgan Global Core Real Assets Ld,JARA,HOL,Holding(s) in company,Holding(s) in Company,4376P,17724355,78.4,-2.244389027431421,,,,,
2026-08-05 12:00:00,2026-08-05T11:00:00.000,Faron Pharmaceuticals,FARN,HOL,Holding(s) in company,FARON PHARMACEUTICALS LTD: HOLDING(S) IN COMPANY,154ded5d59,17724353,41.5,-1.19047619047619,,[summary failed: HTTP Error 400: Bad Request],,neutral,https://www.investegate.co.uk/announcement/mfn/faron-pharmaceuticals-oy-di---farn/faron-pharmaceuticals-ltd-holding-s-in-comp-/9706616
2026-08-05 11:59:37,2026-08-05T10:59:37.000,Cadence Minerals PLC,KDNC,FUR,,Further information regarding General Meeting,4356P,17724342,4.75,-5.0,,[summary failed: HTTP Error 400: Bad Request],,neutral,https://www.investegate.co.uk/announcement/rns/cadence-minerals--kdnc/further-information-regarding-general-meeting/9706604
2026-08-05 11:58:54,2026-08-05T10:58:54.000,iShares Digital Assets AG,,PFT,,Final Terms 5/08/2026,4234P,17724334,,,,,,,
2026-08-05 11:57:42,2026-08-05T10:57:42.000,Creo Medical Group PLC,CREO,HOL,Holding(s) in company,Holding(s) in Company,4354P,17724332,12.875,-2.830188679245283,,[summary failed: HTTP Error 400: Bad Request],,neutral,https://www.investegate.co.uk/announcement/rns/creo-medical-group--creo/holding-s-in-company/9706594
2026-08-05 11:46:08,2026-08-05T10:46:08.000,NCC Group PLC,NCC,DSH,Director/PDMR shareholding,Director/PDMR Shareholding,4321P,17724226,142.2,-0.5594405594405594,,[summary failed: HTTP Error 400: Bad Request],,neutral,https://www.investegate.co.uk/announcement/rns/ncc-group--ncc/director-pdmr-shareholding/9706486
2026-08-05 11:46:07,2026-08-05T10:46:07.000,HSBC UK Bank PLC,RT90,PSP,,Publication of a Supplementary Prospectus,4322P,17724225,100.29,,,[summary failed: HTTP Error 400: Bad Request],,neutral,https://www.investegate.co.uk/announcement/rns/hsbc-uk-bank-plc--rt90/publication-of-a-supplementary-prospectus/9706485
2026-08-05 11:44:54,2026-08-05T10:44:54.000,PIMCO Fixed Income Source ETFs PLC,,ACS,,Annual Financial Report,4318P,17724222,,,,,,,
2026-08-05 11:32:16,2026-08-05T10:32:16.000,Eco Animal Health Group PLC,EAH,NOA,Notice of AGM,Posting of Annual Report and Notice of AGM,4206P,17724170,100.0,0.0,,[summary failed: HTTP Error 400: Bad Request],,neutral,https://www.investegate.co.uk/announcement/rns/eco-animal-health-group--eah/posting-of-annual-report-and-notice-of-agm/9706426
2026-08-05 11:28:04,2026-08-05T10:28:04.000,Pebble Group PLC (The),PEBB,HOL,Holding(s) in company,Holding(s) in Company,4193P,17724156,55,-1.079136690647482,,[summary failed: HTTP Error 400: Bad Request],,neutral,https://www.investegate.co.uk/announcement/rns/the-pebble-group--pebb/holding-s-in-company/9706412
2026-08-05 11:23:52,2026-08-05T10:23:52.000,Pebble Group PLC (The),PEBB,HOL,Holding(s) in company,Holding(s) in Company,4182P,17724144,55,-1.079136690647482,,[summary failed: HTTP Error 400: Bad Request],,neutral,https://www.investegate.co.uk/announcement/rns/the-pebble-group--pebb/holding-s-in-company/9706399
2026-08-05 11:18:15,2026-08-05T10:18:15.000,Morgan Sindall Group PLC,MGNS,IOE,Issue of equity,Issue of Equity,4159P,17724123,4464,1.454545454545455,,[summary failed: HTTP Error 400: Bad Request],,neutral,https://www.investegate.co.uk/announcement/rns/morgan-sindall-group--mgns/issue-of-equity/9706378
2026-08-05 11:15:11,2026-08-05T10:15:11.000,iShares Physical Metals Plc,,PFT,,Final Terms,4143P,17724104,,,,,,,
2026-08-05 11:13:20,2026-08-05T10:13:20.000,CMC Markets Plc,CMCX,DSH,Director/PDMR shareholding,Director/PDMR Shareholding,4139P,17724097,697,2.349486049926579,,[summary failed: HTTP Error 400: Bad Request],,neutral,https://www.investegate.co.uk/announcement/rns/cmc-markets--cmcx/director-pdmr-shareholding/9706352
2026-08-05 11:13:12,2026-08-05T10:13:12.000,iShares Physical Metals Plc,,PFT,,Final Terms,4132P,17724095,,,,,,,
2026-08-05 11:13:09,2026-08-05T10:13:09.000,iShares Physical Metals Plc,,PFT,,Final Terms,4137P,17724094,,,,,,,
2026-08-05 11:12:21,2026-08-05T10:12:21.000,iShares Physical Metals Plc,,PFT,,Final Terms,4127P,17724091,,,,,,,
2026-08-05 11:11:33,2026-08-05T10:11:33.000,iShares Physical Metals Plc,,PFT,,Final Terms,4122P,17724088,,,,,,,
2026-08-05 11:09:47,2026-08-05T10:09:47.000,Xtrackers ETC PLC,XGDU,PFT,,Final Terms,4110P,17724079,65.425,4.333612406809393,,[summary failed: HTTP Error 400: Bad Request],,neutral,https://www.investegate.co.uk/announcement/rns/xtrackers-etc-public-limited-company--xgdu/final-terms/9706334
2026-08-05 11:09:30,2026-08-05T10:09:30.000,Xtrackers ETC PLC,XGDU,PFT,,Final Terms,4114P,17724077,65.425,4.333612406809393,,[summary failed: HTTP Error 400: Bad Request],,neutral,https://www.investegate.co.uk/announcement/rns/xtrackers-etc-public-limited-company--xgdu/final-terms/9706334
2026-08-05 11:00:01,2026-08-05T10:00:01.000,Sainsbury(J) PLC,SBRY,HOL,Holding(s) in company,Holding(s) in Company,4050P,17724060,356,0.1406469760900141,,[summary failed: HTTP Error 400: Bad Request],,neutral,https://www.investegate.co.uk/announcement/rns/sainsbury-j---sbry/holding-s-in-company/9706312
2026-08-05 11:00:01,2026-08-05T10:00:01.000,Tate & Lyle PLC,TATE,HOL,Holding(s) in company,Holding(s) in Company,3915P,17724059,553.5,0.1809954751131222,,[summary failed: HTTP Error 400: Bad Request],,neutral,https://www.investegate.co.uk/announcement/rns/tate-lyle--tate/holding-s-in-company/9706311
2026-08-05 10:59:46,2026-08-05T09:59:46.000,TruFin PLC,TRU,HOL,Holding(s) in company,Holding(s) in Company,4099P,17724058,,,,[summary failed: HTTP Error 400: Bad Request],,neutral,https://www.investegate.co.uk/announcement/rns/trufin--tru/holding-s-in-company/9706310
2026-08-05 10:48:35,2026-08-05T09:48:35.000,Jardine Matheson Hldgs Ltd,JAR,POS,Change of position,Transaction in Own Shares,4093P,17724029,62.5,0.0,,[summary failed: HTTP Error 400: Bad Request],,neutral,https://www.investegate.co.uk/announcement/rns/jardine-matheson-holdings-ltd-singapore-reg---jar/transaction-in-own-shares/9706282
2026-08-05 10:45:31,2026-08-05T09:45:31.000,Dunedin Income Growth Inv Tst PLC,DIG,PFU,Portfolio update,Quarterly Disclosure,4067P,17724025,319,0.3144654088050314,,[summary failed: HTTP Error 400: Bad Request],,neutral,https://www.investegate.co.uk/announcement/rns/dunedin-income-growth-inv-trust--dig/quarterly-disclosure/9706278
2026-08-05 10:45:30,2026-08-05T09:45:30.000,Aberdeen Asia Focus plc,AAS,PFU,Portfolio update,Quarterly Disclosure,4066P,17724024,443,0.2262443438914027,,[summary failed: HTTP Error 400: Bad Request],,neutral,https://www.investegate.co.uk/announcement/rns/aberdeen-asia-focus--aas/quarterly-disclosure/9706277
2026-08-05 10:41:30,2026-08-05T09:41:30.000,Sydbank A/S,0MGE,DSH,Director/PDMR shareholding,Ledende medarbejdere og nærtståendes transaktioner med aktier i AL Sydbank,1256146-da,17724014,635.5,0.07874015748031496,,,,,
2026-08-05 10:41:30,2026-08-05T09:41:30.000,Sydbank A/S,0MGE,DSH,Director/PDMR shareholding,Transactions with shares in AL Sydbank by managers and closely associated persons,1256146-en,17724015,635.5,0.07874015748031496,,[summary failed: HTTP Error 400: Bad Request],,neutral,https://www.investegate.co.uk/announcement/gnw/sydbank-a-s-sydbank-ord-shs--0mge/transactions-with-shares-in-al-sydbank-by-man-/9706270
2026-08-05 10:39:53,2026-08-05T09:39:53.000,Aberdeen Investment Trusts,,PFU,Portfolio update,Quarterly Disclosure,4051P,17724002,,,,,,,
2026-08-05 10:38:09,2026-08-05T09:38:09.000,Shell plc,SHEL,POS,Change of position,Transaction in Own Shares,1256143-en,17723996,3280.5,-1.234382056299865,,[summary failed: HTTP Error 400: Bad Request],,neutral,https://www.investegate.co.uk/announcement/gnw/shell--shel/transaction-in-own-shares/9706251
2026-08-05 10:36:00,2026-08-05T09:36:00.000,Artemis UK Future Leaders Plc,AFL,POS,Change of position,Transaction in Own Shares,60805-4487,17723994,391.5,-0.8860759493670886,,[summary failed: HTTP Error 400: Bad Request],,neutral,https://www.investegate.co.uk/announcement/prn/artemis-uk-future-leaders-plc--afl/transaction-in-own-shares/9706250
2026-08-05 10:35:00,2026-08-05T09:35:00.000,UBS ETFs,,DIV,Dividend declaration,UBS (Lux) Fund Solutions - Dividend Declaration,3982P,17723992,,,,,,,
2026-08-05 10:32:39,2026-08-05T09:32:39.000,Costain Group PLC,COST,POS,Change of position,Transaction in Own Shares,4035P,17723987,214,1.182033096926714,,[summary failed: HTTP Error 400: Bad Request],,neutral,https://www.investegate.co.uk/announcement/rns/costain-group--cost/transaction-in-own-shares/9706241
2026-08-05 10:31:34,2026-08-05T09:31:34.000,Hon Hai Precision Industry Co Ld,HHPD,STR,Strategy/company update,"Un-Audited Monthly Sales Ended July 31, 2026",4033P,17723985,17.12,5.41871921182266,,[summary failed: HTTP Error 400: Bad Request],,neutral,https://www.investegate.co.uk/announcement/rns/hon-hai-precision-industry-co-ltd--hhpd/un-audited-monthly-sales-ended-july-31-2026/9706239
2026-08-05 10:30:00,2026-08-05T09:30:00.000,HSBC Holdings PLC,HSBA,MSC,Miscellaneous,HSBC Holdings plc – Share buy-back ,3810P,17723980,1510.6,-4.669948251924776,,[summary failed: HTTP Error 400: Bad Request],,neutral,https://www.investegate.co.uk/announcement/rns/hsbc-holdings--hsba/hsbc-holdings-plc-share-buy-back-/9706234
2026-08-05 10:30:00,2026-08-05T09:30:00.000,London Stock Exchange Group PLC,LSEG,HOL,Holding(s) in company,Holding(s) in Company,3937P,17723979,8628,1.505882352941176,,,,,
2026-08-05 10:24:00,2026-08-05T09:24:00.000,RSL Finance (No.1) Plc,68EO,MSCL,,Notice to Bondholders,60805-4471,17723964,130.73,,,[summary failed: HTTP Error 400: Bad Request],,neutral,https://www.investegate.co.uk/announcement/prn/rsl-finance-no-1-plc--68eo/notice-to-bondholders/9706232
2026-08-05 10:23:58,2026-08-05T09:23:58.000,Bradda Head Lithium Ltd,BHL,HOL,Holding(s) in company,Holding(s) in Company,3985P,17723956,2.05,-8.88888888888889,,[summary failed: HTTP Error 400: Bad Request],,neutral,https://www.investegate.co.uk/announcement/rns/bradda-head-lithium-limited-npv-di---bhl/holding-s-in-company/9706209
2026-08-05 10:23:00,2026-08-05T09:23:00.000,BlackRock American Income Trust Plc,BRAI,STR,Strategy/company update,Compliance with Listing Rule 15.6.8R,60805-4446,17723953,287,1.413427561837456,,[summary failed: HTTP Error 400: Bad Request],,neutral,https://www.investegate.co.uk/announcement/prn/blackrock-american-income-trust-plc--brai/compliance-with-listing-rule-15-6-8r/9706231
2026-08-05 10:20:05,2026-08-05T09:20:05.000,BPHA Finance PLC,59DP,DOC,,bpha Financial Performance Update 2026,3940P,17723899,89.578,,,[summary failed: HTTP Error 400: Bad Request],,neutral,https://www.investegate.co.uk/announcement/rns/bpha-finance-plc--59dp/bpha-financial-performance-update-2026/9706153
2026-08-05 10:16:55,2026-08-05T09:16:55.000,Savills PLC,SVS,HOL,Holding(s) in company,Holding(s) in Company,3939P,17723894,976,3.389830508474576,,[summary failed: HTTP Error 400: Bad Request],,neutral,https://www.investegate.co.uk/announcement/rns/savills--svs/holding-s-in-company/9706148
2026-08-05 10:14:42,2026-08-05T09:14:42.000,Unite Group PLC (The),UTG,HOL,Holding(s) in company,Holding(s) in Company,3934P,17723892,541,0.6511627906976744,,[summary failed: HTTP Error 400: Bad Request],,neutral,https://www.investegate.co.uk/announcement/rns/unite-group--utg/holding-s-in-company/9706146
2026-08-05 10:13:21,2026-08-05T09:13:21.000,GAIL (India) Limited,GAID,AGM,AGM statement,AGM Statement of GAIL (India) Limited,3930P,17723891,10.8,-0.4608294930875576,,[summary failed: HTTP Error 400: Bad Request],,neutral,https://www.investegate.co.uk/announcement/rns/gail-india-ld--gaid/agm-statement-of-gail-india-limited/9706145
2026-08-05 10:12:32,2026-08-05T09:12:32.000,MS International PLC,MSI,IOE,Issue of equity,Exercise of Options & TVR,3931P,17723890,1470.0,0.0,,[summary failed: HTTP Error 400: Bad Request],,neutral,https://www.investegate.co.uk/announcement/rns/ms-international--msi/exercise-of-options-tvr/9706144
2026-08-05 10:12:23,2026-08-05T09:12:23.000,Churchill China PLC,CHH,HOL,Holding(s) in company,Notification of Major Holdings ,3933P,17723889,390.0,1.298701298701299,,[summary failed: HTTP Error 400: Bad Request],,neutral,https://www.investegate.co.uk/announcement/rns/churchill-china--chh/notification-of-major-holdings-/9706143
2026-08-05 10:00:01,2026-08-05T09:00:01.000,B&M European Value Retail PLC,BME,ADM,,Admission of Further Securities to Trading,3921P,17723879,232.2,0.5194805194805195,,[summary failed: HTTP Error 400: Bad Request],,neutral,https://www.investegate.co.uk/announcement/rns/b-m-european-value-retail-s-a-di---bme/admission-of-further-securities-to-trading/9706131
2026-08-05 10:00:00,2026-08-05T09:00:00.000,Legal & General Finance PLC,67DB,IR,Interim results,Half-year Report,2869P,17723878,100.405,,,[summary failed: HTTP Error 400: Bad Request],,neutral,https://www.investegate.co.uk/announcement/rns/legal-general-finance-plc--67db/half-year-report/9706129
2026-08-05 09:57:22,2026-08-05T08:57:22.000,Onward Opportunities Limited,ONWD,DOC,,Publication of July 2026 Factsheet,3911P,17723877,124,0.0,,[summary failed: HTTP Error 400: Bad Request],,neutral,https://www.investegate.co.uk/announcement/rns/onward-opportunities-limited-npv--onwd/publication-of-july-2026-factsheet/9706128
2026-08-05 09:45:51,2026-08-05T08:45:51.000,Gore Street Energy Storage Fund PLC,GSF,HOL,Holding(s) in company,Holding(s) in Company,3918P,17723796,46.5,-0.1074113856068743,,[summary failed: HTTP Error 400: Bad Request],,neutral,https://www.investegate.co.uk/announcement/rns/gore-street-energy-storage-fund--gsf/holding-s-in-company/9706047
2026-08-05 09:45:29,2026-08-05T08:45:29.000,Cropper(James) PLC,CRPR,NOA,Notice of AGM,Notice of AGM,3917P,17723795,450.0,9.75609756097561,,[summary failed: HTTP Error 400: Bad Request],,neutral,https://www.investegate.co.uk/announcement/rns/cropper-james---crpr/notice-of-agm/9706046
2026-08-05 09:45:01,2026-08-05T08:45:01.000,Logistics Development Group PLC,LDG,HOL,Holding(s) in company,Holding(s) in Company,3823P,17723793,17.5,0.0,,[summary failed: HTTP Error 400: Bad Request],,neutral,https://www.investegate.co.uk/announcement/rns/logistics-development-group--ldg/holding-s-in-company/9706044
2026-08-05 09:38:35,2026-08-05T08:38:35.000,Imperial Brands PLC,IMB,POS,Change of position,Transaction in Own Shares,3910P,17723789,2747,0.402046783625731,,[summary failed: HTTP Error 400: Bad Request],,neutral,https://www.investegate.co.uk/announcement/rns/imperial-brands--imb/transaction-in-own-shares/9706039
2026-08-05 09:37:10,2026-08-05T08:37:10.000,Shell plc,SHEL,DSH,Director/PDMR shareholding,Director/PDMR Shareholding,1256131-en,17723788,3280.5,-1.234382056299865,,[summary failed: HTTP Error 400: Bad Request],,neutral,https://www.investegate.co.uk/announcement/gnw/shell--shel/director-pdmr-shareholding/9706040
2026-08-05 09:35:01,2026-08-05T08:35:01.000,Bunzl PLC,BNZL,DSH,Director/PDMR shareholding,Director/PDMR Shareholding,3906P,17723784,2824,1.073729420186113,,[summary failed: HTTP Error 400: Bad Request],,neutral,https://www.investegate.co.uk/announcement/rns/bunzl--bnzl/director-pdmr-shareholding/9706035
2026-08-05 09:32:28,2026-08-05T08:32:28.000,Lendinvest PLC,,NOA,Notice of AGM,Notice of AGM - Correction,3820P,17723780,,,,,,,
2026-08-05 09:28:42,2026-08-05T08:28:42.000,Vp PLC,VP.,DSH,Director/PDMR shareholding,Grant of SAYE Options and PDMR Dealing,3819P,17723775,461,-2.019128586609989,,[summary failed: HTTP Error 400: Bad Request],,neutral,https://www.investegate.co.uk/announcement/rns/vp--vp./grant-of-saye-options-and-pdmr-dealing/9706022
2026-08-05 09:25:10,2026-08-05T08:25:10.000,SThree plc,STEM,HOL,Holding(s) in company,Holding(s) in Company,3815P,17723771,270.0,1.694915254237288,,[summary failed: HTTP Error 400: Bad Request],,neutral,https://www.investegate.co.uk/announcement/rns/sthree--stem/holding-s-in-company/9706016
2026-08-05 09:22:00,2026-08-05T08:22:00.000,Rightmove Plc,RMV,HOL,Holding(s) in company,Holding(s) in Company,60805-4442,17723769,475.9,0.2316764953664701,,[summary failed: HTTP Error 400: Bad Request],,neutral,https://www.investegate.co.uk/announcement/prn/rightmove--rmv/holding-s-in-company/9706014
2026-08-05 09:20:21,2026-08-05T08:20:21.000,RSA Insurance Group Limited,,IR,Interim results,Half-year Financial Report,3805P,17723765,,,,,,,
2026-08-05 09:05:36,2026-08-05T08:05:36.000,Turkiye Garanti Bankasi A.S.,,MSCL,,Turkiye Garanti Bankasi A.S.: CMB Approval for Bond Issuance to Foreign Markets,2377876_en,17723759,,,,,,,
2026-08-05 09:03:22,2026-08-05T08:03:22.000,GCP Infrastructure Investments Ltd,GCP,POS,Change of position,Transaction in Own Shares,2769P,17723755,83.6,0.0,,[summary failed: HTTP Error 400: Bad Request],,neutral,https://www.investegate.co.uk/announcement/rns/gcp-infrastructure-investments-ltd--gcp/transaction-in-own-shares/9705999
2026-08-05 09:03:06,2026-08-05T08:03:06.000,Turkiye Garanti Bankasi A.S.,,MSCL,,Turkiye Garanti Bankasi A.S.: CMB Approval for Bond Issuance to Foreign Markets,2377868_en,17723756,,,,,,,
2026-08-05 09:00:00,2026-08-05T08:00:00.000,Supermarket Income REIT PLC,SUPR,ADM,,Admission of Further Securities to Trading,3793P,17723754,86.8,0.1153402537485582,,[summary failed: HTTP Error 400: Bad Request],,neutral,https://www.investegate.co.uk/announcement/rns/supermarket-income-reit--supr/admission-of-further-securities-to-trading/9705996
2026-08-05 08:58:59,2026-08-05T07:58:59.000,IQE PLC,IQE,DSH,Director/PDMR shareholding,IQE plc: Director/PDMR Shareholding,3798P,17723753,42.55,-5.022321428571429,,[summary failed: HTTP Error 400: Bad Request],,neutral,https://www.investegate.co.uk/announcement/rns/iqe--iqe/iqe-plc-director-pdmr-shareholding/9705995
2026-08-05 08:36:31,2026-08-05T07:36:31.000,Cropper(James) PLC,CRPR,HOL,Holding(s) in company,Holding(s) in Company,3786P,17723666,450.0,9.75609756097561,,[summary failed: HTTP Error 400: Bad Request],,neutral,https://www.investegate.co.uk/announcement/rns/cropper-james---crpr/holding-s-in-company/9705907
2026-08-05 08:35:00,2026-08-05T07:35:00.000,Everplay Group plc,EVPL,HOL,Holding(s) in company,Holdings in Company,3709P,17723665,233,1.084598698481562,,[summary failed: HTTP Error 400: Bad Request],,neutral,https://www.investegate.co.uk/announcement/rns/everplay-group-plc--evpl/holdings-in-company/9705906
2026-08-05 08:14:23,2026-08-05T07:14:23.000,Reckitt Benckiser Group PLC,RKT,TEN,,Tender Offer,3707P,17723660,5342,1.327769347496206,,[summary failed: HTTP Error 400: Bad Request],,neutral,https://www.investegate.co.uk/announcement/rns/reckitt-benckiser-group--rkt/tender-offer/9705896
2026-08-05 08:01:06,2026-08-05T07:01:06.000,Ringkjøbing Landbobank A/S,0RPR,MSCL,,Correction: Upward adjustment of expectations for 2026,1256094-en,17723457,614,0.0,,,,,
2026-08-05 08:00:00,2026-08-05T07:00:00.000,Quantum Data Energy PLC,QDE,MSC,Miscellaneous,Update on Restoration of Listing and Share Trading,2917P,17723450,1.2,,,[summary failed: HTTP Error 400: Bad Request],,neutral,https://www.investegate.co.uk/announcement/rns/quantum-data-energy-plc--qde/update-on-restoration-of-listing-and-share-trading/9705685
2026-08-05 07:32:20,2026-08-05T06:32:20.000,Vaalco Energy Inc,EGY,UPD,,Operational Update ,3686P,17723425,405,0.0,,[summary failed: HTTP Error 400: Bad Request],,neutral,https://www.investegate.co.uk/announcement/rns/vaalco-energy-inc-di---egy/operational-update-/9705656
2026-08-05 07:30:38,2026-08-05T06:30:38.000,Banco Santander S.A.,BNC,FUR,,Approvals and expected Webster acquisition closing,3684P,17723423,1096,1.669758812615955,,[summary failed: HTTP Error 400: Bad Request],,neutral,https://www.investegate.co.uk/announcement/rns/banco-santander-s-a---bnc/approvals-and-expected-webster-acquisition-closing/9705655
2026-08-05 07:07:40,2026-08-05T06:07:40.000,Air Astana JSC,AIRA,IR,Interim results,Q2 and Half Year 2026 Results,3683P,17722908,5.9,0.0,,[summary failed: HTTP Error 400: Bad Request],,neutral,https://www.investegate.co.uk/announcement/rns/air-astana--aira/q2-and-half-year-2026-results/9705141
2026-08-05 07:06:04,2026-08-05T06:06:04.000,Victoria PLC,VCP,IOE,Issue of equity,Issue of Equity and Total Voting Rights,3682P,17722907,63,0.0,,[summary failed: HTTP Error 400: Bad Request],,neutral,https://www.investegate.co.uk/announcement/rns/victoria--vcp/issue-of-equity-and-total-voting-rights/9705140
2026-08-05 07:04:18,2026-08-05T06:04:18.000,Andrada Mining Limited,ATM,UPD,,NaCC Approval for Brandberg West earn-in agreement,3681P,17722906,3.95,2.597402597402597,,[summary failed: HTTP Error 400: Bad Request],,neutral,https://www.investegate.co.uk/announcement/rns/andrada-mining-limited-npv--atm/nacc-approval-for-brandberg-west-earn-in-agreement/9705137
2026-08-05 07:00:06,2026-08-05T06:00:06.000,Trafalgar Minerals PLC,TRAF,CAN,,Confirmation of Name Change to Trafalgar Minerals,2670P,17722665,22.5,0.0,,[summary failed: HTTP Error 400: Bad Request],,neutral,https://www.investegate.co.uk/announcement/rns/trafalgar-property-group--traf/confirmation-of-name-change-to-trafalgar-minerals/9704902
2026-08-05 07:00:06,2026-08-05T06:00:06.000,Winking Studios Limited,WKS,NOR,Notice of results,Notice of Results & Investor Presentation,2692P,17722666,14.25,0.0,,[summary failed: HTTP Error 400: Bad Request],,neutral,https://www.investegate.co.uk/announcement/rns/winking-studios-limited--wks/notice-of-results-investor-presentation/9704903
2026-08-05 07:00:06,2026-08-05T06:00:06.000,Avon Technologies Plc,AVON,MSC,Miscellaneous,European NATO Respiratory System Upgrade Order,2719P,17722667,1888,6.067415730337079,,[summary failed: HTTP Error 400: Bad Request],,neutral,https://www.investegate.co.uk/announcement/rns/avon-technologies-plc--avon/european-nato-respiratory-system-upgrade-order/9704904
2026-08-05 07:00:06,2026-08-05T06:00:06.000,Sabre Insurance Group PLC,SBRE,MSC,Miscellaneous,Completion of Buyback Programme,2609P,17722663,174.4,-0.3428571428571429,,[summary failed: HTTP Error 400: Bad Request],,neutral,https://www.investegate.co.uk/announcement/rns/sabre-insurance-group--sbre/completion-of-buyback-programme/9704900
2026-08-05 07:00:06,2026-08-05T06:00:06.000,Gresham House Renewable EnergyVCT2,GV2O,NOG,,Circular Publication and Notice of General Meeting,2590P,17722662,5.5,0.0,,[summary failed: HTTP Error 400: Bad Request],,neutral,https://www.investegate.co.uk/announcement/rns/gresham-house-renewable-energy-vct-2--gv2o/circular-publication-and-notice-of-general-meeting/9704899
2026-08-05 07:00:06,2026-08-05T06:00:06.000,Gresham House Renewable EnergyVCT1,GV1O,NOG,,Circular Publication and Notice of General Meeting,2582P,17722661,5.5,0.0,,[summary failed: HTTP Error 400: Bad Request],,neutral,https://www.investegate.co.uk/announcement/rns/gresham-house-renewable-energy-vct-1--gv1o/circular-publication-and-notice-of-general-meeting/9704898
2026-08-05 07:00:06,2026-08-05T06:00:06.000,SysGroup PLC,SYS,NOA,Notice of AGM,Notice of AGM and Publication of Accounts ,2542P,17722659,32.5,0.0,,[summary failed: HTTP Error 400: Bad Request],,neutral,https://www.investegate.co.uk/announcement/rns/sysgroup--sys/notice-of-agm-and-publication-of-accounts-/9704897
2026-08-05 07:00:06,2026-08-05T06:00:06.000,Schroder Real Estate Inv Trst Ld,SREI,DIV,Dividend declaration,Dividend Declaration,3017P,17722655,44.85,3.819444444444444,,[summary failed: HTTP Error 400: Bad Request],,neutral,https://www.investegate.co.uk/announcement/rns/schroder-real-estate-investment-trust-ltd--srei/dividend-declaration/9704892
2026-08-05 07:00:06,2026-08-05T06:00:06.000,RTW Biotech Opportunities Ltd,RTW,PFU,Portfolio update,Obsidian Therapeutics merges with Galera,2927P,17722652,2.49,0.4032258064516129,,,,,
2026-08-05 07:00:06,2026-08-05T06:00:06.000,Nexteq PLC,NXQ,HOL,Holding(s) in company,Notification of major holdings,2914P,17722650,48,0.0,,[summary failed: HTTP Error 400: Bad Request],,neutral,https://www.investegate.co.uk/announcement/rns/nexteq--nxq/notification-of-major-holdings/9704887
2026-08-05 07:00:06,2026-08-05T06:00:06.000,Rainbow Rare Earths Limited,RBW,BOA,Board appointment/change,Board and Senior Management Appointments,2895P,17722648,22.4,4.186046511627907,,[summary failed: HTTP Error 400: Bad Request],,neutral,https://www.investegate.co.uk/announcement/rns/rainbow-rare-earths-limited-npv--rbw/board-and-senior-management-appointments/9704885
2026-08-05 07:00:06,2026-08-05T06:00:06.000,Nexteq PLC,NXQ,HOL,Holding(s) in company,Notification of major holdings,2913P,17722649,48,0.0,,[summary failed: HTTP Error 400: Bad Request],,neutral,https://www.investegate.co.uk/announcement/rns/nexteq--nxq/notification-of-major-holdings/9704887
2026-08-05 07:00:06,2026-08-05T06:00:06.000,TPXimpact Holdings PLC,TPX,NOA,Notice of AGM,Notice of AGM,2893P,17722674,69.25,0.0,,[summary failed: HTTP Error 400: Bad Request],,neutral,https://www.investegate.co.uk/announcement/rns/tpximpact-holdings--tpx/notice-of-agm/9704911
2026-08-05 07:00:06,2026-08-05T06:00:06.000,Marechale Capital PLC,MAC,NRA,,Blubird Launches 2nd Generation Token Platform,2882P,17722683,5.25,4.477611940298507,,[summary failed: HTTP Error 400: Bad Request],,neutral,https://www.investegate.co.uk/announcement/rns/marechale-capital--mac/blubird-launches-2nd-generation-token-platform/9704920
2026-08-05 07:00:06,2026-08-05T06:00:06.000,RM Capital Markets Limited,,NRA,,RM Funds Launches UK Community Pharmacy Platform,2760P,17722682,,,,,,,
2026-08-05 07:00:06,2026-08-05T06:00:06.000,Target Healthcare REIT PLC,THRL,MSC,Miscellaneous,"Net Asset Value, Corporate Update & Dividend",2771P,17722668,112.4,-1.230228471001757,,[summary failed: HTTP Error 400: Bad Request],,neutral,https://www.investegate.co.uk/announcement/rns/target-healthcare-reit-ltd--thrl/net-asset-value-corporate-update-dividend/9704905
2026-08-05 07:00:06,2026-08-05T06:00:06.000,Metals Exploration PLC,MTL,MSC,Miscellaneous,"PDMR Dealings, Exercise of Warrants, and TVR",2820P,17722669,13,2.362204724409449,,[summary failed: HTTP Error 400: Bad Request],,neutral,https://www.investegate.co.uk/announcement/rns/metals-exploration--mtl/pdmr-dealings-exercise-of-warrants-and-tvr/9704906
2026-08-05 07:00:06,2026-08-05T06:00:06.000,C&C Group Plc,CCR,MSC,Miscellaneous,Notice of Capital Markets Day,2823P,17722670,97.8,-1.905717151454363,,[summary failed: HTTP Error 400: Bad Request],,neutral,https://www.investegate.co.uk/announcement/rns/c-c-group-cdi---ccr/notice-of-capital-markets-day/9704907
2026-08-05 07:00:06,2026-08-05T06:00:06.000,Angus Energy PLC,ANGS,MSC,Miscellaneous,Annual Maintenance Shutdown Completion,2837P,17722671,0.19,2.702702702702703,,[summary failed: HTTP Error 400: Bad Request],,neutral,https://www.investegate.co.uk/announcement/rns/angus-energy--angs/annual-maintenance-shutdown-completion/9704908
2026-08-05 07:00:06,2026-08-05T06:00:06.000,Lords Group Trading PLC,LORD,MSC,Miscellaneous,Block Admission Update,2878P,17722672,12.625,-4.716981132075472,,[summary failed: HTTP Error 400: Bad Request],,neutral,https://www.investegate.co.uk/announcement/rns/lords-group-trading--lord/block-admission-update/9704909
2026-08-05 07:00:06,2026-08-05T06:00:06.000,Electric Guitar PLC,ELEG,MSC,Miscellaneous,Revised option to acquire assets in Oklahoma,2892P,17722673,0.075,,,[summary failed: HTTP Error 400: Bad Request],,neutral,https://www.investegate.co.uk/announcement/rns/electric-guitar--eleg/revised-option-to-acquire-assets-in-oklahoma/9704910
2026-08-05 07:00:06,2026-08-05T06:00:06.000,Seraphim Space Investment Trust PLC,SSIT,NRA,,SpaceTech Sector Newsletter - July 2026,2903P,17722684,181,5.232558139534884,,[summary failed: HTTP Error 400: Bad Request],,neutral,https://www.investegate.co.uk/announcement/rns/seraphim-space-investment-trust--ssit/spacetech-sector-newsletter-july-2026/9704921
2026-08-05 07:00:06,2026-08-05T06:00:06.000,BATM Advanced Communications Ld,BVC,MSC,Miscellaneous,First Order for Tactical Encryption Platform,2904P,17722675,13,0.7751937984496124,,[summary failed: HTTP Error 400: Bad Request],,neutral,https://www.investegate.co.uk/announcement/rns/batm-advanced-communications-ltd---bvc/first-order-for-tactical-encryption-platform/9704912
2026-08-05 07:00:06,2026-08-05T06:00:06.000,London BTC Company Limited,BTC,MSC,Miscellaneous,Gold Assays Return up to 143.1 g/t in Nevada USA,2906P,17722676,1.5,3.448275862068966,,[summary failed: HTTP Error 400: Bad Request],,neutral,https://www.investegate.co.uk/announcement/rns/london-btc-company-limited--btc/gold-assays-return-up-to-143-1-g-t-in-nevada-usa/9704913
2026-08-05 07:00:06,2026-08-05T06:00:06.000,Potentially AI PLC,AGI,MSC,Miscellaneous,"Potentially AI to Launch with 10,000 Free Licences",2907P,17722677,6.85,0.0,,[summary failed: HTTP Error 400: Bad Request],,neutral,https://www.investegate.co.uk/announcement/rns/potentially-ai-plc--agi/potentially-ai-to-launch-with-10-000-free-licences/9704914
2026-08-05 07:00:06,2026-08-05T06:00:06.000,Ferrexpo PLC,FXPO,MSC,Miscellaneous,"Update on vessel incident, logistics & operations",2926P,17722678,28.58,,,[summary failed: HTTP Error 400: Bad Request],,neutral,https://www.investegate.co.uk/announcement/rns/ferrexpo--fxpo/update-on-vessel-incident-logistics-operations/9704916
2026-08-05 07:00:06,2026-08-05T06:00:06.000,Union Jack Oil PLC,UJO,MSC,Miscellaneous,Disclosure under Rule 2.10(a),2919P,17722679,3.45,-4.166666666666667,,,,,
2026-08-05 07:00:06,2026-08-05T06:00:06.000,1947 Oil & Gas PLC,,EFN,,Confirmation of Intention to Float on AIM ,2765P,17722680,,,,,,,
2026-08-05 07:00:06,2026-08-05T06:00:06.000,JPMorgan China Growth & Income PLC,JCGI,NRA,,Kepler Trust Intelligence: New Research,2642P,17722681,276,0.7299270072992701,,[summary failed: HTTP Error 400: Bad Request],,neutral,https://www.investegate.co.uk/announcement/rns/jpmorgan-china-growth-income--jcgi/kepler-trust-intelligence-new-research/9704918
2026-08-05 07:00:05,2026-08-05T06:00:05.000,Property Franchise Group PLC (The),TPFG,TST,Trading statement,Half Year Trading Update and Notice of Results,2918P,17722628,455,2.824858757062147,,[summary failed: HTTP Error 400: Bad Request],,neutral,https://www.investegate.co.uk/announcement/rns/property-franchise-group--tpfg/half-year-trading-update-and-notice-of-results/9704866
2026-08-05 07:00:05,2026-08-05T06:00:05.000,AO World plc,AO.,POS,Change of position,Transaction in Own Shares,2891P,17722621,97.9,0.82389289392379,,,,,
2026-08-05 07:00:05,2026-08-05T06:00:05.000,Coca-Cola HBC AG,CCH,IR,Interim results,Volume-led H1 supports upgraded 2026 guidance,2888P,17722619,5015,3.916286779941981,,[summary failed: HTTP Error 400: Bad Request],,neutral,https://www.investegate.co.uk/announcement/rns/coca-cola-hbc-ag-cdi---cch/volume-led-h1-supports-upgraded-2026-guidance/9704855
2026-08-05 07:00:05,2026-08-05T06:00:05.000,Quantum Data Energy PLC,QDE,FR,Final results,Annual Financial Report ,2910P,17722629,1.2,,,[summary failed: HTTP Error 400: Bad Request],,neutral,https://www.investegate.co.uk/announcement/rns/quantum-data-energy-plc--qde/annual-financial-report-/9704865
2026-08-05 07:00:05,2026-08-05T06:00:05.000,Chemring Group PLC,CHG,DSH,Director/PDMR shareholding,Director/PDMR Shareholding,2889P,17722647,630.0,2.689486552567237,,[summary failed: HTTP Error 400: Bad Request],,neutral,https://www.investegate.co.uk/announcement/rns/chemring-group--chg/director-pdmr-shareholding/9704884
2026-08-05 07:00:05,2026-08-05T06:00:05.000,Shawbrook Group PLC,SHAW,IR,Interim results,Interim Report for the period ended 30 June 2026,2920P,17722630,328.5,-1.940298507462687,,[summary failed: HTTP Error 400: Bad Request],,neutral,https://www.investegate.co.uk/announcement/rns/shawbrook-group-plc--shaw/interim-report-for-the-period-ended-30-june-2026/9704867
2026-08-05 07:00:05,2026-08-05T06:00:05.000,Mendell Helium PLC,MDH,UPD,,"Rost 1-26, Rost 2-26 and Brobee Operations Update ",2921P,17722631,4.75,7.954545454545455,,[summary failed: HTTP Error 400: Bad Request],,neutral,https://www.investegate.co.uk/announcement/rns/mendell-helium-plc--mdh/rost-1-26-rost-2-26-and-brobee-operations-update-/9704868
2026-08-05 07:00:05,2026-08-05T06:00:05.000,capAI PLC,CPAI,IOE,Issue of equity,Fundraise,2928P,17722632,0.445,-13.25536062378168,,[summary failed: HTTP Error 400: Bad Request],,neutral,https://www.investegate.co.uk/announcement/rns/capai-plc--cpai/fundraise/9704870
2026-08-05 07:00:05,2026-08-05T06:00:05.000,Beazley PLC,BEZ,IR,Interim results,Beazley plc results for period ended 30 June 2026,2924P,17722633,1290.0,-0.07745933384972889,,[summary failed: HTTP Error 400: Bad Request],,neutral,https://www.investegate.co.uk/announcement/rns/beazley--bez/beazley-plc-results-for-period-ended-30-june-2026/9704869
2026-08-05 07:00:05,2026-08-05T06:00:05.000,EKF Diagnostics Holdings PLC,EKF,POS,Change of position,Share Buyback ,2931P,17722634,25.75,0.3898635477582846,,[summary failed: HTTP Error 400: Bad Request],,neutral,https://www.investegate.co.uk/announcement/rns/ekf-diagnostics-holdings--ekf/share-buyback-/9704871
2026-08-05 07:00:05,2026-08-05T06:00:05.000,Schroder Real Estate Inv Trst Ld,SREI,STR,Strategy/company update,NAV update for the quarter to 30 June 2026,3019P,17722635,44.85,3.819444444444444,,[summary failed: HTTP Error 400: Bad Request],,neutral,https://www.investegate.co.uk/announcement/rns/schroder-real-estate-investment-trust-ltd--srei/nav-update-for-the-quarter-to-30-june-2026/9704872
2026-08-05 07:00:05,2026-08-05T06:00:05.000,Asiamet Resources Limited,ARS,UPD,,Update on Proposed Sale of Indokal (KSK Project),3677P,17722636,1.55,5.084745762711864,,[summary failed: HTTP Error 400: Bad Request],,neutral,https://www.investegate.co.uk/announcement/rns/asiamet-resources-limited-di---ars/update-on-proposed-sale-of-indokal-ksk-project-/9704873
2026-08-05 07:00:05,2026-08-05T06:00:05.000,Bytes Technology Group PLC,BYIT,DSH,Director/PDMR shareholding,Director/PDMR Shareholding,2713P,17722637,416.2,1.959823615874571,,[summary failed: HTTP Error 400: Bad Request],,neutral,https://www.investegate.co.uk/announcement/rns/bytes-technology-group--byit/director-pdmr-shareholding/9704874
2026-08-05 07:00:05,2026-08-05T06:00:05.000,Hargreaves Services PLC,HSP,DSH,Director/PDMR shareholding,PDMR Shareholding ,2723P,17722638,804,-0.2481389578163772,,[summary failed: HTTP Error 400: Bad Request],,neutral,https://www.investegate.co.uk/announcement/rns/hargreaves-services--hsp/pdmr-shareholding-/9704875
2026-08-05 07:00:05,2026-08-05T06:00:05.000,Redcentric PLC,RCN,HOL,Holding(s) in company,Notification of Major Holdings,2741P,17722639,99,-1.0,,[summary failed: HTTP Error 400: Bad Request],,neutral,https://www.investegate.co.uk/announcement/rns/redcentric--rcn/notification-of-major-holdings/9704876
2026-08-05 07:00:05,2026-08-05T06:00:05.000,Peel Hunt Limited,PEEL,DSH,Director/PDMR shareholding,Notification of transactions by PDMRs,2815P,17722640,97,0.0,,[summary failed: HTTP Error 400: Bad Request],,neutral,https://www.investegate.co.uk/announcement/rns/peel-hunt-limited-npv--peel/notification-of-transactions-by-pdmrs/9704877
2026-08-05 07:00:05,2026-08-05T06:00:05.000,Metals Exploration PLC,MTL,HOL,Holding(s) in company,TR-1: Notification of major holdings ,2818P,17722641,13,2.362204724409449,,[summary failed: HTTP Error 400: Bad Request],,neutral,https://www.investegate.co.uk/announcement/rns/metals-exploration--mtl/tr-1-notification-of-major-holdings-/9704878
2026-08-05 07:00:05,2026-08-05T06:00:05.000,SEEEN PLC,SEEN,HOL,Holding(s) in company,Holding(s) in Company,2844P,17722642,4.25,-5.555555555555556,,[summary failed: HTTP Error 400: Bad Request],,neutral,https://www.investegate.co.uk/announcement/rns/seeen--seen/holding-s-in-company/9704879
2026-08-05 07:00:05,2026-08-05T06:00:05.000,Malvern International PLC,MLVN,BOA,Board appointment/change,Board Change,2850P,17722643,21.5,0.0,,[summary failed: HTTP Error 400: Bad Request],,neutral,https://www.investegate.co.uk/announcement/rns/malvern-international--mlvn/board-change/9704880
2026-08-05 07:00:05,2026-08-05T06:00:05.000,Redcentric PLC,RCN,DSH,Director/PDMR shareholding,Director/PDMR Shareholdings,2880P,17722644,99,-1.0,,[summary failed: HTTP Error 400: Bad Request],,neutral,https://www.investegate.co.uk/announcement/rns/redcentric--rcn/director-pdmr-shareholdings/9704881
2026-08-05 07:00:05,2026-08-05T06:00:05.000,Chemring Group PLC,CHG,HOL,Holding(s) in company,Holding(s) in Company (Updated),2885P,17722645,630.0,2.689486552567237,,[summary failed: HTTP Error 400: Bad Request],,neutral,https://www.investegate.co.uk/announcement/rns/chemring-group--chg/holding-s-in-company-updated-/9704882
2026-08-05 07:00:05,2026-08-05T06:00:05.000,Keystone Law Group PLC,KEYS,HOL,Holding(s) in company,Holdings in Company,2887P,17722646,551,0.5474452554744526,,[summary failed: HTTP Error 400: Bad Request],,neutral,https://www.investegate.co.uk/announcement/rns/keystone-law-group--keys/holdings-in-company/9704883
2026-08-05 07:00:04,2026-08-05T06:00:04.000,RIT Capital Partners PLC,RCP,POS,Change of position,Transaction in Own Shares,2826P,17722598,2600.0,-0.5736137667304015,,[summary failed: HTTP Error 400: Bad Request],,neutral,https://www.investegate.co.uk/announcement/rns/rit-capital-partners--rcp/transaction-in-own-shares/9704836
2026-08-05 07:00:04,2026-08-05T06:00:04.000,Science Group PLC,SAG,POS,Change of position,Transaction in Own Shares,2827P,17722599,585,0.1712328767123288,,[summary failed: HTTP Error 400: Bad Request],,neutral,https://www.investegate.co.uk/announcement/rns/science-group--sag/transaction-in-own-shares/9704837
2026-08-05 07:00:04,2026-08-05T06:00:04.000,Legal & General Group Plc,LGEN,IR,Interim results,L&G Half Year Results 2026,2894P,17722620,305.2,0.7926023778071334,,[summary failed: HTTP Error 400: Bad Request],,neutral,https://www.investegate.co.uk/announcement/rns/legal-general-group--lgen/l-g-half-year-results-2026/9704858
2026-08-05 07:00:04,2026-08-05T06:00:04.000,Glencore PLC,GLEN,IR,Interim results,2026 Half-Year Report,2831P,17722601,573.3,4.122775154377043,,[summary failed: HTTP Error 400: Bad Request],,neutral,https://www.investegate.co.uk/announcement/rns/glencore--glen/2026-half-year-report/9704840
2026-08-05 07:00:04,2026-08-05T06:00:04.000,International Workplace Group PLC,IWG,POS,Change of position,Transaction in Own Shares,2825P,17722602,188.8,1.070663811563169,,[summary failed: HTTP Error 400: Bad Request],,neutral,https://www.investegate.co.uk/announcement/rns/iwg--iwg/transaction-in-own-shares/9704835
2026-08-05 07:00:04,2026-08-05T06:00:04.000,AEP Plantations PLC,AEP,POS,Change of position,Transaction in Own Shares,2835P,17722603,177,0.0,,[summary failed: HTTP Error 400: Bad Request],,neutral,https://www.investegate.co.uk/announcement/rns/anglo-eastern-plantations--aep/transaction-in-own-shares/9704841
2026-08-05 07:00:04,2026-08-05T06:00:04.000,Tullow Oil PLC,TLW,TST,Trading statement,Trading Statement,2836P,17722604,14.3,-6.657963446475196,,[summary failed: HTTP Error 400: Bad Request],,neutral,https://www.investegate.co.uk/announcement/rns/tullow-oil--tlw/trading-statement/9704842
2026-08-05 07:00:04,2026-08-05T06:00:04.000,M. P. Evans Group PLC,MPE,POS,Change of position,Transaction in Own Shares,2839P,17722605,1660.0,-0.1203369434416366,,[summary failed: HTTP Error 400: Bad Request],,neutral,https://www.investegate.co.uk/announcement/rns/m-p-evans-group--mpe/transaction-in-own-shares/9704843
2026-08-05 07:00:04,2026-08-05T06:00:04.000,Schroder UK Mid Cap Fund PLC,SCP,TEN,,Tender Price,2840P,17722606,770.0,1.315789473684211,,[summary failed: HTTP Error 400: Bad Request],,neutral,https://www.investegate.co.uk/announcement/rns/schroder-uk-mid-cap-fund--scp/tender-price/9704844
2026-08-05 07:00:04,2026-08-05T06:00:04.000,ECR Minerals PLC,ECR,UPD,,Maddens and Brothers advances to gold production,2841P,17722607,0.205,10.81081081081081,,[summary failed: HTTP Error 400: Bad Request],,neutral,https://www.investegate.co.uk/announcement/rns/ecr-minerals--ecr/maddens-and-brothers-advances-to-gold-production/9704845
2026-08-05 07:00:04,2026-08-05T06:00:04.000,Orosur Mining Inc,OMI,DRL,Drilling/exploration,Extension of Pepas West ,2830P,17722608,14.7,1.379310344827586,,[summary failed: HTTP Error 400: Bad Request],,neutral,https://www.investegate.co.uk/announcement/rns/orosur-mining-inc--omi/extension-of-pepas-west-/9704839
2026-08-05 07:00:04,2026-08-05T06:00:04.000,Gaming Realms PLC,GMR,POS,Change of position,Transaction in Own Shares,2860P,17722609,31.4,0.0,,[summary failed: HTTP Error 400: Bad Request],,neutral,https://www.investegate.co.uk/announcement/rns/gaming-realms--gmr/transaction-in-own-shares/9704846
2026-08-05 07:00:04,2026-08-05T06:00:04.000,Central Asia Metals PLC,CAML,UPD,,Mineral Resource and Ore Reserve Update,2863P,17722611,149.4,0.9459459459459459,,[summary failed: HTTP Error 400: Bad Request],,neutral,https://www.investegate.co.uk/announcement/rns/central-asia-metals--caml/mineral-resource-and-ore-reserve-update/9704849
2026-08-05 07:00:04,2026-08-05T06:00:04.000,S4 Capital PLC,SFOR,IR,Interim results,Interim Results for 2026,2876P,17722612,51.9,32.39795918367347,,[summary failed: HTTP Error 400: Bad Request],,neutral,https://www.investegate.co.uk/announcement/rns/s4-capital--sfor/interim-results-for-2026/9704850
2026-08-05 07:00:04,2026-08-05T06:00:04.000,Plus500 Limited,PLUS,POS,Change of position,Transaction in Own Shares,2877P,17722613,3916,1.084150748580279,,[summary failed: HTTP Error 400: Bad Request],,neutral,https://www.investegate.co.uk/announcement/rns/plus500-ltd-di---plus/transaction-in-own-shares/9704851
2026-08-05 07:00:04,2026-08-05T06:00:04.000,Sabre Insurance Group PLC,SBRE,POS,Change of position,Transaction in Own Shares,2879P,17722614,174.4,-0.3428571428571429,,[summary failed: HTTP Error 400: Bad Request],,neutral,https://www.investegate.co.uk/announcement/rns/sabre-insurance-group--sbre/transaction-in-own-shares/9704852
2026-08-05 07:00:04,2026-08-05T06:00:04.000,Royal London,,IR,Interim results,Interim financial results 2026,2861P,17722615,,,,,,,
2026-08-05 07:00:04,2026-08-05T06:00:04.000,InterContinental Hotels Group PLC,IHG,POS,Change of position,Transaction in Own Shares,2881P,17722616,160.25,2.200255102040816,,[summary failed: HTTP Error 400: Bad Request],,neutral,https://www.investegate.co.uk/announcement/rns/intercontinental-hotels-group--ihg/transaction-in-own-shares/9704853
2026-08-05 07:00:04,2026-08-05T06:00:04.000,Windar Photonics PLC,WPHO,UPD,,Business Update ,2884P,17722617,26.5,,,[summary failed: HTTP Error 400: Bad Request],,neutral,https://www.investegate.co.uk/announcement/rns/windar-photonics--wpho/business-update-/9704854
2026-08-05 07:00:04,2026-08-05T06:00:04.000,Harworth Group PLC,HWG,TST,Trading statement,Half Year Trading Update,2890P,17722618,143.6,6.37037037037037,,[summary failed: HTTP Error 400: Bad Request],,neutral,https://www.investegate.co.uk/announcement/rns/harworth-group--hwg/half-year-trading-update/9704856
2026-08-05 07:00:04,2026-08-05T06:00:04.000,India Capital Growth Fund Limited,IGC,POS,Change of position,Transaction in Own Shares and Total Voting Rights,2828P,17722600,175.25,0.4297994269340974,,[summary failed: HTTP Error 400: Bad Request],,neutral,https://www.investegate.co.uk/announcement/rns/india-capital-growth-fund-ltd---igc/transaction-in-own-shares-and-total-voting-rights/9704838
2026-08-05 07:00:04,2026-08-05T06:00:04.000,Next PLC,NXT,TST,Trading statement,Trading Statement,2902P,17722626,15660.0,5.739365293720459,,[summary failed: HTTP Error 400: Bad Request],,neutral,https://www.investegate.co.uk/announcement/rns/next--nxt/trading-statement/9704863
2026-08-05 07:00:04,2026-08-05T06:00:04.000,Cake Box Holdings PLC,CBOX,ACS,,Annual Report & Notice of AGM ,2901P,17722625,200.0,0.0,,[summary failed: HTTP Error 400: Bad Request],,neutral,https://www.investegate.co.uk/announcement/rns/cake-box-holdings--cbox/annual-report-notice-of-agm-/9704862
2026-08-05 07:00:04,2026-08-05T06:00:04.000,Ibstock PLC,IBST,IR,Interim results,Interim Results,2900P,17722624,93.15,-4.754601226993865,,[summary failed: HTTP Error 400: Bad Request],,neutral,https://www.investegate.co.uk/announcement/rns/ibstock--ibst/interim-results/9704861
2026-08-05 07:00:04,2026-08-05T06:00:04.000,Zotefoams PLC,ZTF,IR,Interim results,Interim Results,2898P,17722623,452,-1.310043668122271,,[summary failed: HTTP Error 400: Bad Request],,neutral,https://www.investegate.co.uk/announcement/rns/zotefoams--ztf/interim-results/9704859
2026-08-05 07:00:04,2026-08-05T06:00:04.000,Safestay PLC,SSTY,DIS,Disposal,Sale of Safestay London Kensington Holland Park ,2899P,17722622,13,4.0,,[summary failed: HTTP Error 400: Bad Request],,neutral,https://www.investegate.co.uk/announcement/rns/safestay--ssty/sale-of-safestay-london-kensington-holland-park-/9704860
2026-08-05 07:00:04,2026-08-05T06:00:04.000,Hiscox Ltd,HSX,IR,Interim results,Hiscox Ltd interim results,2905P,17722627,1791,0.7878446820483962,,[summary failed: HTTP Error 400: Bad Request],,neutral,https://www.investegate.co.uk/announcement/rns/hiscox-limited-di---hsx/hiscox-ltd-interim-results/9704864
2026-08-05 07:00:03,2026-08-05T06:00:03.000,GlobalData PLC,DATA,POS,Change of position,Transaction in Own Shares,2750P,17722585,83.3,0.4825090470446321,,[summary failed: HTTP Error 400: Bad Request],,neutral,https://www.investegate.co.uk/announcement/rns/globaldata--data/transaction-in-own-shares/9704822
2026-08-05 07:00:03,2026-08-05T06:00:03.000,VinaCapital Vietnam Opportunity Fd.,VOF,POS,Change of position,Transaction in Own Shares,2761P,17722586,438,0.4587155963302752,,[summary failed: HTTP Error 400: Bad Request],,neutral,https://www.investegate.co.uk/announcement/rns/vinacapital-vietnam-opportunity-fund-ltd---vof/transaction-in-own-shares/9704823
2026-08-05 07:00:03,2026-08-05T06:00:03.000,Rockwood Strategic PLC,RKW,IOE,Issue of equity,Issue of Equity and TVR,2762P,17722587,322,0.1555209953343701,,[summary failed: HTTP Error 400: Bad Request],,neutral,https://www.investegate.co.uk/announcement/rns/rockwood-strategic--rkw/issue-of-equity-and-tvr/9704824
2026-08-05 07:00:03,2026-08-05T06:00:03.000,Barings Emerging EMEA Opportunities,BEMO,POS,Change of position,Transaction in Own Shares,2773P,17722588,842.5,0.5970149253731343,,[summary failed: HTTP Error 400: Bad Request],,neutral,https://www.investegate.co.uk/announcement/rns/barings-emerging-emea-opportunities--bemo/transaction-in-own-shares/9704825
2026-08-05 07:00:03,2026-08-05T06:00:03.000,Edinburgh Investment Trust PLC,EDIN,POS,Change of position,Transaction in Own Shares,2775P,17722589,854,0.1172332942555686,,[summary failed: HTTP Error 400: Bad Request],,neutral,https://www.investegate.co.uk/announcement/rns/edinburgh-inv-trust--edin/transaction-in-own-shares/9704826
2026-08-05 07:00:03,2026-08-05T06:00:03.000,Renewables Infrastructure Grp (The),TRIG,POS,Change of position,Transaction in Own Shares,2776P,17722590,78.1,0.2567394094993582,,[summary failed: HTTP Error 400: Bad Request],,neutral,https://www.investegate.co.uk/announcement/rns/the-renewables-infrastructure-group-limited--trig/transaction-in-own-shares/9704827
2026-08-05 07:00:03,2026-08-05T06:00:03.000,4imprint Group PLC,FOUR,IR,Interim results,Half-year Financial Report,2778P,17722591,4890.0,11.38952164009112,,[summary failed: HTTP Error 400: Bad Request],,neutral,https://www.investegate.co.uk/announcement/rns/4imprint-group--four/half-year-financial-report/9704828
2026-08-05 07:00:03,2026-08-05T06:00:03.000,Gamma Communications PLC,GAMA,POS,Change of position,Transaction in Own Shares,2731P,17722583,970.0,0.0,,[summary failed: HTTP Error 400: Bad Request],,neutral,https://www.investegate.co.uk/announcement/rns/gamma-communications--gama/transaction-in-own-shares/9704821
2026-08-05 07:00:03,2026-08-05T06:00:03.000,Ten Lifestyle Group PLC,TENG,TVR,Total voting rights,Total Voting Rights and Share Capital,2701P,17722581,98,1.030927835051546,,[summary failed: HTTP Error 400: Bad Request],,neutral,https://www.investegate.co.uk/announcement/rns/ten-lifestyle-group--teng/total-voting-rights-and-share-capital/9704819
2026-08-05 07:00:03,2026-08-05T06:00:03.000,Rolls-Royce Holdings plc,RR.,POS,Change of position,Transaction in Own Shares,2698P,17722580,1570.4,2.680789852229633,,,,,
2026-08-05 07:00:03,2026-08-05T06:00:03.000,New Frontier Minerals Limited,NFM,DRL,Drilling/exploration,Bedrock Conductor Identified at Harts Range,2559P,17722579,0.375,0.0,,[summary failed: HTTP Error 400: Bad Request],,neutral,https://www.investegate.co.uk/announcement/rns/new-frontier-minerals-limited--nfm/bedrock-conductor-identified-at-harts-range/9704817
2026-08-05 07:00:03,2026-08-05T06:00:03.000,Dish TV India Limited,DTVL,CIR,Circular,1st Quarter Results ,2883P,17722578,0.01,0.0,,[summary failed: HTTP Error 400: Bad Request],,neutral,https://www.investegate.co.uk/announcement/rns/dish-tv-india-limited--dtvl/1st-quarter-results-/9704816
2026-08-05 07:00:03,2026-08-05T06:00:03.000,Strategic Minerals PLC,SML,DRL,Drilling/exploration,Redmoor Programme Update and Option Grant,2923P,17722567,3.65,-1.351351351351351,,[summary failed: HTTP Error 400: Bad Request],,neutral,https://www.investegate.co.uk/announcement/rns/strategic-minerals--sml/redmoor-programme-update-and-option-grant/9704805
2026-08-05 07:00:03,2026-08-05T06:00:03.000,HSBC Holdings PLC,HSBA,TEN,,HSBC tender offers for four series of notes ,3368P,17722570,1510.6,-4.669948251924776,,[summary failed: HTTP Error 400: Bad Request],,neutral,https://www.investegate.co.uk/announcement/rns/hsbc-holdings--hsba/hsbc-tender-offers-for-four-series-of-notes-/9704806
2026-08-05 07:00:03,2026-08-05T06:00:03.000,Pantheon International PLC,PIN,POS,Change of position,Transaction in Own Shares,2817P,17722597,397,0.1261034047919294,,[summary failed: HTTP Error 400: Bad Request],,neutral,https://www.investegate.co.uk/announcement/rns/pantheon-international--pin/transaction-in-own-shares/9704833
2026-08-05 07:00:03,2026-08-05T06:00:03.000,Value and Indexed Prop Inc Tst PLC,VIP,IOE,Issue of equity,Issue of Shares from Treasury,2819P,17722596,213,0.0,,[summary failed: HTTP Error 400: Bad Request],,neutral,https://www.investegate.co.uk/announcement/rns/value-and-indexed-property-income-trust--vip/issue-of-shares-from-treasury/9704834
2026-08-05 07:00:03,2026-08-05T06:00:03.000,Greencoat Renewables PLC,GRP,POS,Change of position,Transaction in Own Shares,2811P,17722595,0.782,0.1280409731113956,,[summary failed: HTTP Error 400: Bad Request],,neutral,https://www.investegate.co.uk/announcement/rns/greencoat-renewables-cdi---grp/transaction-in-own-shares/9704832
2026-08-05 07:00:03,2026-08-05T06:00:03.000,HarbourVest Global Priv. Equity Ltd,HVPE,POS,Change of position,Transaction in Own Shares,2791P,17722594,3445,0.4373177842565598,,[summary failed: HTTP Error 400: Bad Request],,neutral,https://www.investegate.co.uk/announcement/rns/harbourvest-global-private-equity-limited-a-shs--hvpe/transaction-in-own-shares/9704831
2026-08-05 07:00:03,2026-08-05T06:00:03.000,B90 Holdings PLC,B90,TST,Trading statement,Trading Update,2787P,17722593,3,3.448275862068966,,[summary failed: HTTP Error 400: Bad Request],,neutral,https://www.investegate.co.uk/announcement/rns/b90-holdings-npv--b90/trading-update/9704830
2026-08-05 07:00:03,2026-08-05T06:00:03.000,Videndum PLC,VID,IR,Interim results,2026 Half Year Results,2782P,17722592,246,3.79746835443038,,[summary failed: HTTP Error 400: Bad Request],,neutral,https://www.investegate.co.uk/announcement/rns/videndum--vid/2026-half-year-results/9704829
2026-08-05 07:00:00,2026-08-05T06:00:00.000,BlackRock Smaller Companies Trust Plc,BRSC,TVR,Total voting rights,Total Voting Rights,60803-3897,17722801,276.5,1.282051282051282,,[summary failed: HTTP Error 400: Bad Request],,neutral,https://www.investegate.co.uk/announcement/prn/blackrock-smaller-companies-trust--brsc/total-voting-rights/9705126
2026-08-05 07:00:00,2026-08-05T06:00:00.000,BlackRock Greater Europe Investment Trust Plc,BRGE,TVR,Total voting rights,Total Voting Rights,60803-3895,17722802,606,0.3311258278145695,,[summary failed: HTTP Error 400: Bad Request],,neutral,https://www.investegate.co.uk/announcement/prn/blackrock-greater-europe-inv-trust--brge/total-voting-rights/9705127
2026-08-05 07:00:00,2026-08-05T06:00:00.000,Cornish Metals,TIN,MSCL,,ADMISSION TO TRADING OF US$210 MILLION SENIOR SECURED BONDS ON NORDIC ABM,1e09dd92a2,17722721,113,0.0,,[summary failed: HTTP Error 400: Bad Request],,neutral,https://www.investegate.co.uk/announcement/mfn/cornish-metals-plc--tin/admission-to-trading-of-us-210-million-senior-/9704802
2026-08-05 07:00:00,2026-08-05T06:00:00.000,Foresight Group Holdings Limited,FSG,MSCL,,Block Listing Six Monthly Return,1255539-en,17722705,495.5,0.6091370558375635,,[summary failed: HTTP Error 400: Bad Request],,neutral,https://www.investegate.co.uk/announcement/gnw/foresight-group-holdings-limited-npv--fsg/block-listing-six-monthly-return/9704798
2026-08-05 07:00:00,2026-08-05T06:00:00.000,"Pershing Square Holdings, Ltd.",PSH,POS,Change of position,Transaction in Own Shares,0804938324,17722704,3942,-0.2025316455696203,,[summary failed: HTTP Error 400: Bad Request],,neutral,https://www.investegate.co.uk/announcement/bzw/pershing-square-holdings-ltd--psh/transaction-in-own-shares/9704797
2026-08-05 07:00:00,2026-08-05T06:00:00.000,NB Private Equity Partners Limited,NBPE,POS,Change of position,NBPE Announces Transaction in Own Shares,1256052-en,17722701,1490.0,0.0,,[summary failed: HTTP Error 400: Bad Request],,neutral,https://www.investegate.co.uk/announcement/gnw/neuberger-private-equity-partners-limited--nbpe/nbpe-announces-transaction-in-own-shares/9704800
