time_uk,datetime_utc,company,ticker,category_code,category,headline,rns_number,news_id,last_price,pct_change,brief,summary,retail_take,sentiment,source_url
2026-09-23 17:15:29,2026-09-23T16:15:29.000,JPMorgan Japanese Inv. Trust PLC,JFJ,POS,Change of position,Transaction in Own Shares,0510W,17802041,817,-0.7290400972053463,,[summary failed: HTTP Error 400: Bad Request],,neutral,https://www.investegate.co.uk/announcement/rns/jpmorgan-japanese-inv-trust--jfj/transaction-in-own-shares/9785414
2026-09-23 17:12:42,2026-09-23T16:12:42.000,Polar Capital Technology Trust PLC,PCT,POS,Change of position,Transaction in Own Shares,0505W,17802039,694,0.4341534008683068,,[summary failed: HTTP Error 400: Bad Request],,neutral,https://www.investegate.co.uk/announcement/rns/polar-capital-technology-trust--pct/transaction-in-own-shares/9787793
2026-09-23 17:11:41,2026-09-23T16:11:41.000,Dunedin Income Growth Inv Tst PLC,DIG,POS,Change of position,Transaction in Own Shares,0504W,17802038,312,-0.4784688995215311,,[summary failed: HTTP Error 400: Bad Request],,neutral,https://www.investegate.co.uk/announcement/rns/dunedin-income-growth-inv-trust--dig/transaction-in-own-shares/9787790
2026-09-23 17:11:12,2026-09-23T16:11:12.000,JPMorgan Global Growth & Income PLC,JGGI,POS,Change of position,Transaction in Own Shares,0501W,17802037,607.5,-0.2463054187192118,,[summary failed: HTTP Error 400: Bad Request],,neutral,https://www.investegate.co.uk/announcement/rns/jpmorgan-global-growth-income--jggi/transaction-in-own-shares/9787789
2026-09-23 17:10:51,2026-09-23T16:10:51.000,"Public Policy Holding Company, Inc.",PPHC,HOL,Holding(s) in company,NOTIFICATION OF MAJOR HOLDINGS,0500W,17802035,925,0.5434782608695652,,[summary failed: HTTP Error 400: Bad Request],,neutral,https://www.investegate.co.uk/announcement/rns/public-policy-holding-company-inc-di-reg-s-cat3---pphc/notification-of-major-holdings/9787788
2026-09-23 17:10:26,2026-09-23T16:10:26.000,Aberdeen New India Investment Trust,ANII,POS,Change of position,Transaction in Own Shares,0499W,17802034,724,0.8356545961002786,,[summary failed: HTTP Error 400: Bad Request],,neutral,https://www.investegate.co.uk/announcement/rns/aberdeen-new-india-investment-trust--anii/transaction-in-own-shares/9787787
2026-09-23 17:10:19,2026-09-23T16:10:19.000,Cambridge Cognition Holdings PLC,COG,DSH,Director/PDMR shareholding,Director/PDMR Share Purchases,0498W,17802033,28,1.818181818181818,,[summary failed: HTTP Error 400: Bad Request],,neutral,https://www.investegate.co.uk/announcement/rns/cambridge-cognition-holdings--cog/director-pdmr-share-purchases/9787786
2026-09-23 17:10:00,2026-09-23T16:10:00.000,Fidelity European Trust Plc,FEV,POS,Change of position,Transaction in Own Shares,60923-4501,17802036,425,-0.468384074941452,,[summary failed: HTTP Error 400: Bad Request],,neutral,https://www.investegate.co.uk/announcement/prn/fidelity-european-trust--fev/transaction-in-own-shares/9787792
2026-09-23 17:09:35,2026-09-23T16:09:35.000,Aberdeen Asian Income Fund Limited,AAIF,POS,Change of position,Transaction in Own Shares,0496W,17802032,329,0.0,,[summary failed: HTTP Error 400: Bad Request],,neutral,https://www.investegate.co.uk/announcement/rns/aberdeen-asian-income-fund-limited--aaif/transaction-in-own-shares/9787785
2026-09-23 17:09:13,2026-09-23T16:09:13.000,Global Smaller Cos. Trust PLC (The),GSCT,POS,Change of position,Transaction in Own Shares,0497W,17802031,190.8,0.3154574132492114,,[summary failed: HTTP Error 400: Bad Request],,neutral,https://www.investegate.co.uk/announcement/rns/the-global-smaller-companies-trust--gsct/transaction-in-own-shares/9787784
2026-09-23 17:08:24,2026-09-23T16:08:24.000,Aberdeen Asia Focus plc,AAS,POS,Change of position,Transaction in Own Shares,0495W,17802029,464,0.2159827213822894,,[summary failed: HTTP Error 400: Bad Request],,neutral,https://www.investegate.co.uk/announcement/rns/aberdeen-asia-focus--aas/transaction-in-own-shares/9787782
2026-09-23 17:08:00,2026-09-23T16:08:00.000,BlackRock American Income Trust Plc,BRAI,IOE,Issue of equity,Issue of Equity,60923-4472,17802030,281,-0.3546099290780142,,[summary failed: HTTP Error 400: Bad Request],,neutral,https://www.investegate.co.uk/announcement/prn/blackrock-american-income-trust-plc--brai/issue-of-equity/9785447
2026-09-23 17:07:26,2026-09-23T16:07:26.000,Montanaro UK Smlr Cos Inv Tst PLC,MTU,POS,Change of position,Transaction in Own Shares,0472W,17802028,111.5,-0.6681514476614699,,[summary failed: HTTP Error 400: Bad Request],,neutral,https://www.investegate.co.uk/announcement/rns/montanaro-uk-smaller-companies-inv-trust--mtu/transaction-in-own-shares/9787781
2026-09-23 17:06:51,2026-09-23T16:06:51.000,Sunrise Resources Plc,SRES,HOL,Holding(s) in company,Holding(s) in Company,0492W,17802027,0.0145,-6.451612903225806,,[summary failed: HTTP Error 400: Bad Request],,neutral,https://www.investegate.co.uk/announcement/rns/sunrise-resources--sres/holding-s-in-company/9787780
2026-09-23 17:06:12,2026-09-23T16:06:12.000,JPMorgan Emerging Mkts Div Inc PLC,JEMI,POS,Change of position,Transaction in Own Shares,0494W,17802026,217,0.462962962962963,,[summary failed: HTTP Error 400: Bad Request],,neutral,https://www.investegate.co.uk/announcement/rns/jpmorgan-global-markets-emerging-income-trust--jemi/transaction-in-own-shares/9787779
2026-09-23 17:05:41,2026-09-23T16:05:41.000,Autins Group PLC,AUTG,RAG,Regulatory application/grant,Result of Annual General Meeting,0491W,17802024,12.5,-3.846153846153846,,[summary failed: HTTP Error 400: Bad Request],,neutral,https://www.investegate.co.uk/announcement/rns/autins-group--autg/result-of-annual-general-meeting/9787778
2026-09-23 17:05:00,2026-09-23T16:05:00.000,Capital Gearing Trust P.l.c.,CGT,POS,Change of position,Transaction in Own Shares,60923-4506,17802025,513,0.1953125,,[summary failed: HTTP Error 400: Bad Request],,neutral,https://www.investegate.co.uk/announcement/prn/capital-gearing-trust--cgt/transaction-in-own-shares/9787783
2026-09-23 17:03:44,2026-09-23T16:03:44.000,Alliance Witan PLC,ALW,POS,Change of position,Transaction in Own Shares,0484W,17802023,1382,0.5090909090909091,,[summary failed: HTTP Error 400: Bad Request],,neutral,https://www.investegate.co.uk/announcement/rns/alliance-witan--alw/transaction-in-own-shares/9787777
2026-09-23 17:03:35,2026-09-23T16:03:35.000,JPMorgan European Discovery Trust,JEDT,POS,Change of position,Transaction in Own Shares,0490W,17802022,632,0.1584786053882726,,[summary failed: HTTP Error 400: Bad Request],,neutral,https://www.investegate.co.uk/announcement/rns/jpmorgan-european-discovery-trust--jedt/transaction-in-own-shares/9787776
2026-09-23 17:02:57,2026-09-23T16:02:57.000,"Public Policy Holding Company, Inc.",PPHC,HOL,Holding(s) in company,NOTIFICATION OF MAJOR HOLDINGS,0481W,17802021,925,0.5434782608695652,,[summary failed: HTTP Error 400: Bad Request],,neutral,https://www.investegate.co.uk/announcement/rns/public-policy-holding-company-inc-di-reg-s-cat3---pphc/notification-of-major-holdings/9787771
2026-09-23 17:02:56,2026-09-23T16:02:56.000,Baillie Gifford China Grwth TrstPLC,BGCG,POS,Change of position,Transaction in Own Shares,0489W,17802020,297,-1.655629139072848,,[summary failed: HTTP Error 400: Bad Request],,neutral,https://www.investegate.co.uk/announcement/rns/baillie-gifford-china-growth-trust--bgcg/transaction-in-own-shares/9787770
2026-09-23 17:02:14,2026-09-23T16:02:14.000,JPMorgan US Smaller Co. IT,JUSC,POS,Change of position,Transaction in Own Shares,0486W,17802019,421.5,0.4767580452920143,,[summary failed: HTTP Error 400: Bad Request],,neutral,https://www.investegate.co.uk/announcement/rns/jpmorgan-us-smaller-co-inv-tst--jusc/transaction-in-own-shares/9787769
2026-09-23 17:02:13,2026-09-23T16:02:13.000,Montanaro European Smaller C.TstPLC,MTE,POS,Change of position,Transaction in Own Shares,0474W,17802018,177,-0.2816901408450704,,[summary failed: HTTP Error 400: Bad Request],,neutral,https://www.investegate.co.uk/announcement/rns/montanaro-european-smaller-companies-trust--mte/transaction-in-own-shares/9787768
2026-09-23 17:01:23,2026-09-23T16:01:23.000,Pacific Horizon Investment Tst PLC,PHI,POS,Change of position,Transaction in Own Shares,0487W,17802016,1146,0.1748251748251748,,[summary failed: HTTP Error 400: Bad Request],,neutral,https://www.investegate.co.uk/announcement/rns/pacific-horizon-inv-trust--phi/transaction-in-own-shares/9787766
2026-09-23 17:01:00,2026-09-23T16:01:00.000,Premier African Minerals Limited,PREM,ROM,Result of meeting,Result of Meeting,0424W,17802014,0.00625,0.0,,[summary failed: HTTP Error 400: Bad Request],,neutral,https://www.investegate.co.uk/announcement/rns/premier-african-minerals-ltd--prem/result-of-meeting/9787765
2026-09-23 17:00:34,2026-09-23T16:00:34.000,Baillie Gifford UK Growth Trust PLC,BGUK,POS,Change of position,Transaction in Own Shares,0485W,17802013,216,-0.9174311926605505,,[summary failed: HTTP Error 400: Bad Request],,neutral,https://www.investegate.co.uk/announcement/rns/baillie-gifford-uk-growth-trust--bguk/transaction-in-own-shares/9787764
2026-09-23 17:00:00,2026-09-23T16:00:00.000,AB Dynamics PLC,ABDP,HOL,Holding(s) in company,Holding(s) in Company,0437W,17802010,824,-0.2421307506053269,,[summary failed: HTTP Error 400: Bad Request],,neutral,https://www.investegate.co.uk/announcement/rns/ab-dynamics--abdp/holding-s-in-company/9787760
2026-09-23 17:00:00,2026-09-23T16:00:00.000,Domino's Pizza Group PLC,DOM,HOL,Holding(s) in company,Holding(s) in Company,0407W,17802009,205.2,-3.571428571428571,,[summary failed: HTTP Error 400: Bad Request],,neutral,https://www.investegate.co.uk/announcement/rns/domino-s-pizza-group--dom/holding-s-in-company/9787759
2026-09-23 17:00:00,2026-09-23T16:00:00.000,Pearson PLC,PSON,DSH,Director/PDMR shareholding,Director/PDMR Shareholding,0455W,17802011,1203,0.4173622704507513,,[summary failed: HTTP Error 400: Bad Request],,neutral,https://www.investegate.co.uk/announcement/rns/pearson--pson/director-pdmr-shareholding/9787761
2026-09-23 16:59:35,2026-09-23T15:59:35.000,Baillie Gifford Japan Trust PLC,BGFD,POS,Change of position,Transaction in Own Shares,0483W,17802008,1080.0,-0.1848428835489834,,[summary failed: HTTP Error 400: Bad Request],,neutral,https://www.investegate.co.uk/announcement/rns/baillie-gifford-japan-trust--bgfd/transaction-in-own-shares/9787758
2026-09-23 16:59:08,2026-09-23T15:59:08.000,Personal Assets Trust PLC,PNL,POS,Change of position,Transaction in Own Shares,0441W,17802007,542,-0.1841620626151013,,[summary failed: HTTP Error 400: Bad Request],,neutral,https://www.investegate.co.uk/announcement/rns/personal-assets-trust--pnl/transaction-in-own-shares/9787757
2026-09-23 16:58:49,2026-09-23T15:58:49.000,Banco Bilbao Vizcaya Argentaria SA,BVA,DOC,,Capital reduction through redemption of own shares,0479W,17802006,25.5,-0.7782101167315175,,[summary failed: HTTP Error 400: Bad Request],,neutral,https://www.investegate.co.uk/announcement/rns/banco-bilbao-vizcaya-argentaria-sa--bva/capital-reduction-through-redemption-of-own-shares/9787756
2026-09-23 16:58:42,2026-09-23T15:58:42.000,UIL Limited,UTL,MSC,Miscellaneous,Purchase of 2026 ZDP Shares,0480W,17802005,207,0.0,,[summary failed: HTTP Error 400: Bad Request],,neutral,https://www.investegate.co.uk/announcement/rns/uil-limited-di---utl/purchase-of-2026-zdp-shares/9787755
2026-09-23 16:58:00,2026-09-23T15:58:00.000,Invesco Asia Dragon Trust,IAD,POS,Change of position,Transaction in Own Shares,63e04f43e8,17802015,509,0.0,,[summary failed: HTTP Error 400: Bad Request],,neutral,https://www.investegate.co.uk/announcement/mfn/invesco-asia-dragon-trust-plc--iad/transaction-in-own-shares/9787763
2026-09-23 16:57:07,2026-09-23T15:57:07.000,Templeton Emerging Markets IT PLC,TEM,POS,Change of position,Transaction in Own Shares,0475W,17802002,337,0.5970149253731343,,[summary failed: HTTP Error 400: Bad Request],,neutral,https://www.investegate.co.uk/announcement/rns/templeton-emerging-markets-inv-trust--tem/transaction-in-own-shares/9787754
2026-09-23 16:56:00,2026-09-23T15:56:00.000,"Gran Tierra Energy, Inc.",GTE,UPD,, Gran Tierra Energy Inc. Announces Filing of Definitive Proxy Statement for Special Meeting of Stockholders to Consider Approval of Sale of Colombian and Ecuadorian Businesses,9832612-en,17802001,745,-1.324503311258278,,[summary failed: HTTP Error 400: Bad Request],,neutral,https://www.investegate.co.uk/announcement/gnw/gran-tierra-energy-inc-cdi---gte/gran-tierra-energy-inc-announces-results-of-/9785507
2026-09-23 16:56:00,2026-09-23T15:56:00.000,JPMorgan American IT PLC,JAM,POS,Change of position,Transaction in Own Shares,0473W,17801998,1240.0,0.0,,[summary failed: HTTP Error 400: Bad Request],,neutral,https://www.investegate.co.uk/announcement/rns/jpmorgan-american-inv-trust--jam/transaction-in-own-shares/9787749
2026-09-23 16:53:14,2026-09-23T15:53:14.000,JPMorgan Japanese Inv. Trust PLC,JFJ,HOL,Holding(s) in company,Holding(s) in Company,0461W,17801996,817,-0.7290400972053463,,[summary failed: HTTP Error 400: Bad Request],,neutral,https://www.investegate.co.uk/announcement/rns/jpmorgan-japanese-inv-trust--jfj/holding-s-in-company/9787746
2026-09-23 16:52:44,2026-09-23T15:52:44.000,CVC Income & Growth Limited,CVCE,IOE,Issue of equity,Issue of Equity,0390W,17801994,1.08,0.0,,,,,
2026-09-23 16:52:03,2026-09-23T15:52:03.000,Currys PLC,CURY,HOL,Holding(s) in company,Holding(s) in Company,0458W,17801993,146.4,-1.01419878296146,,[summary failed: HTTP Error 400: Bad Request],,neutral,https://www.investegate.co.uk/announcement/rns/currys--cury/holding-s-in-company/9787744
2026-09-23 16:52:00,2026-09-23T15:52:00.000,Aberforth Smaller Companies Trust Plc,ASL,POS,Change of position,Transaction in Own Shares,60923-4483,17801995,,,,[summary failed: HTTP Error 400: Bad Request],,neutral,https://www.investegate.co.uk/announcement/prn/aberforth-smaller-companies-trust--asl/transaction-in-own-shares/9787747
2026-09-23 16:51:05,2026-09-23T15:51:05.000,Utilico Emerging Markets Trust PLC,UEM,POS,Change of position,Transaction in Own Shares & Total Voting Rights,0457W,17801991,,,,[summary failed: HTTP Error 400: Bad Request],,neutral,https://www.investegate.co.uk/announcement/rns/utilico-emerging-markets-ltd-di---uem/transaction-in-own-shares-total-voting-rights/9787742
2026-09-23 16:50:41,2026-09-23T15:50:41.000,Derby Healthcare PLC,52CU,DOC,,Half-year Financial Report ,0453W,17801990,,,,[summary failed: HTTP Error 400: Bad Request],,neutral,https://www.investegate.co.uk/announcement/rns/derby-healthcare-plc--52cu/half-year-financial-report-/9787740
2026-09-23 16:49:57,2026-09-23T15:49:57.000,Baillie Gifford European Growth Tst,BGEU,POS,Change of position,Transaction in Own Shares,0454W,17801989,,,,[summary failed: HTTP Error 400: Bad Request],,neutral,https://www.investegate.co.uk/announcement/rns/baillie-gifford-european-growth-trust--bgeu/transaction-in-own-shares/9787739
2026-09-23 16:48:46,2026-09-23T15:48:46.000,Scottish Mortgage Inv Tst PLC,SMT,POS,Change of position,Transaction in Own Shares,0451W,17801988,,,,[summary failed: HTTP Error 400: Bad Request],,neutral,https://www.investegate.co.uk/announcement/rns/scottish-mortgage-inv-trust--smt/transaction-in-own-shares/9787738
2026-09-23 16:48:17,2026-09-23T15:48:17.000,Trustpilot Group PLC,TRST,DSH,Director/PDMR shareholding,Director/PDMR Shareholding,0440W,17801987,,,,[summary failed: HTTP Error 400: Bad Request],,neutral,https://www.investegate.co.uk/announcement/rns/trustpilot-group--trst/director-pdmr-shareholding/9787737
2026-09-23 16:47:44,2026-09-23T15:47:44.000,F&C Investment Trust PLC,FCIT,POS,Change of position,Transaction in Own Shares,0449W,17801985,,,,[summary failed: HTTP Error 400: Bad Request],,neutral,https://www.investegate.co.uk/announcement/rns/f-c-investment-trust--fcit/transaction-in-own-shares/9787735
2026-09-23 16:46:22,2026-09-23T15:46:22.000,Scottish American Investment Co PLC,SAIN,POS,Change of position,Transaction in Own Shares,0447W,17801984,,,,[summary failed: HTTP Error 400: Bad Request],,neutral,https://www.investegate.co.uk/announcement/rns/scottish-american-inv-company--sain/transaction-in-own-shares/9787734
2026-09-23 16:46:13,2026-09-23T15:46:13.000,Ferro-Alloy Resources Limited,FAR,MSC,Miscellaneous,US Strategic Rare Earths Separation Company MoU,0444W,17801983,,,,[summary failed: HTTP Error 400: Bad Request],,neutral,https://www.investegate.co.uk/announcement/rns/ferro-alloy-resources-limited-npv--far/us-strategic-rare-earths-separation-company-mou/9787733
2026-09-23 16:43:46,2026-09-23T15:43:46.000,Natwest Markets PLC,83NF,PFT,,Publication of Final Terms,0442W,17801981,,,,[summary failed: HTTP Error 400: Bad Request],,neutral,https://www.investegate.co.uk/announcement/rns/natwest-markets-plc--83nf/publication-of-final-terms/9787731
2026-09-23 16:43:27,2026-09-23T15:43:27.000,STS Global Income & Growth Trust,STS,POS,Change of position,Transaction in Own Shares,0433W,17801980,,,,[summary failed: HTTP Error 400: Bad Request],,neutral,https://www.investegate.co.uk/announcement/rns/sts-global-income-growth-trust--sts/transaction-in-own-shares/9787730
2026-09-23 16:38:28,2026-09-23T15:38:28.000,Speedy Hire PLC,SDY,DSH,Director/PDMR shareholding,Director/PDMR Shareholding,0439W,17801977,,,,[summary failed: HTTP Error 400: Bad Request],,neutral,https://www.investegate.co.uk/announcement/rns/speedy-hire--sdy/director-pdmr-shareholding/9787726
2026-09-23 16:38:02,2026-09-23T15:38:02.000,TPXimpact Holdings PLC,TPX,RAG,Regulatory application/grant,Result of AGM,0436W,17801975,,,,[summary failed: HTTP Error 400: Bad Request],,neutral,https://www.investegate.co.uk/announcement/rns/tpximpact-holdings--tpx/result-of-agm/9787725
2026-09-23 16:38:00,2026-09-23T15:38:00.000,Strategic Equity Capital Plc,SEC,HOL,Holding(s) in company,Holding(s) in Company,60923-4477,17801978,,,,[summary failed: HTTP Error 400: Bad Request],,neutral,https://www.investegate.co.uk/announcement/prn/strategic-equity-capital--sec/holding-s-in-company/9787727
2026-09-23 16:36:22,2026-09-23T15:36:22.000,Beazley PLC,BEZ,DSH,Director/PDMR shareholding,Director/PDMR Shareholding,0434W,17801974,,,,[summary failed: HTTP Error 400: Bad Request],,neutral,https://www.investegate.co.uk/announcement/rns/beazley--bez/director-pdmr-shareholding/9787724
2026-09-23 16:36:08,2026-09-23T15:36:08.000,Reach PLC,RCH,HOL,Holding(s) in company,Holdings in Company,0435W,17801972,,,,[summary failed: HTTP Error 400: Bad Request],,neutral,https://www.investegate.co.uk/announcement/rns/reach--rch/holdings-in-company/9787723
2026-09-23 16:35:00,2026-09-23T15:35:00.000,Arcontech Group PLC,ARC,ACS,,Posting of Annual Report & Notice of AGM,0426W,17801969,,,,[summary failed: HTTP Error 400: Bad Request],,neutral,https://www.investegate.co.uk/announcement/rns/arcontech-group--arc/posting-of-annual-report-notice-of-agm/9787719
2026-09-23 16:33:34,2026-09-23T15:33:34.000,Xaar PLC,XAR,DSH,Director/PDMR shareholding,Two grants of options in 2019 and 2020,0430W,17801968,,,,[summary failed: HTTP Error 400: Bad Request],,neutral,https://www.investegate.co.uk/announcement/rns/xaar--xar/two-grants-of-options-in-2019-and-2020/9787718
2026-09-23 16:31:15,2026-09-23T15:31:15.000,Xaar PLC,XAR,ADM,,Admission to Trading,0428W,17801966,,,,[summary failed: HTTP Error 400: Bad Request],,neutral,https://www.investegate.co.uk/announcement/rns/xaar--xar/admission-to-trading/9787716
2026-09-23 16:30:01,2026-09-23T15:30:01.000,Vistry Group PLC,VTY,HOL,Holding(s) in company,Holding(s) in Company,0343W,17801965,268,-0.6671608598962194,,[summary failed: HTTP Error 400: Bad Request],,neutral,https://www.investegate.co.uk/announcement/rns/vistry-group--vty/holding-s-in-company/9787715
2026-09-23 16:29:58,2026-09-23T15:29:58.000,Cambridge Nutritional Sciences PLC,CNSL,HOL,Holding(s) in company,Holding(s) in Company,0429W,17801964,1.5,-3.225806451612903,,[summary failed: HTTP Error 400: Bad Request],,neutral,https://www.investegate.co.uk/announcement/rns/cambridge-nutritional-science--cnsl/holding-s-in-company/9787714
2026-09-23 16:27:14,2026-09-23T15:27:14.000,TBC Bank Group PLC,TBCG,HOL,Holding(s) in company,Holding(s) in Company,0427W,17801963,5300.0,1.338432122370937,,[summary failed: HTTP Error 400: Bad Request],,neutral,https://www.investegate.co.uk/announcement/rns/tbc-bank-group--tbcg/holding-s-in-company/9787713
2026-09-23 16:15:09,2026-09-23T15:15:09.000,Robert Walters PLC,RWA,HOL,Holding(s) in company,Holding(s) in Company,0422W,17801961,139.5,7.722007722007722,,[summary failed: HTTP Error 400: Bad Request],,neutral,https://www.investegate.co.uk/announcement/rns/robert-walters--rwa/holding-s-in-company/9786764
2026-09-23 16:15:00,2026-09-23T15:15:00.000,Celtic PLC,CCP,IOE,Issue of equity,Issued Share Capital,0415W,17801960,175,0.0,,[summary failed: HTTP Error 400: Bad Request],,neutral,https://www.investegate.co.uk/announcement/rns/celtic--ccp/issued-share-capital/9787710
2026-09-23 16:13:08,2026-09-23T15:13:08.000,NCC Group PLC,NCC,HOL,Holding(s) in company,Holding(s) in Company,0421W,17801959,138.8,3.582089552238806,,[summary failed: HTTP Error 400: Bad Request],,neutral,https://www.investegate.co.uk/announcement/rns/ncc-group--ncc/holding-s-in-company/9787709
2026-09-23 16:10:14,2026-09-23T15:10:14.000,IG Group Holdings plc,IGG,DSH,Director/PDMR shareholding,Director/PDMR Shareholding,0420W,17801958,1320.0,-3.154805575935437,,[summary failed: HTTP Error 400: Bad Request],,neutral,https://www.investegate.co.uk/announcement/rns/ig-group-holdings--igg/director-pdmr-shareholding/9787707
2026-09-23 16:07:45,2026-09-23T15:07:45.000,Ashtead Technology Holdings plc,AT.,OFD,,Statement re Possible Offer,0417W,17801956,545,60.29411764705882,,,,,
2026-09-23 16:05:01,2026-09-23T15:05:01.000,Gfinity PLC,GFIN,MSC,Miscellaneous,Option to acquire Connected IQ,0409W,17801955,0.0575,6.481481481481481,,[summary failed: HTTP Error 400: Bad Request],,neutral,https://www.investegate.co.uk/announcement/rns/gfinity--gfin/option-to-acquire-connected-iq/9787704
2026-09-23 16:03:08,2026-09-23T15:03:08.000,CQS New City High Yield Fund Ltd,NCYF,IOE,Issue of equity,Issue of Equity,0410W,17801954,50.6,-0.1972386587771203,,[summary failed: HTTP Error 400: Bad Request],,neutral,https://www.investegate.co.uk/announcement/rns/cqs-new-city-high-yield-fund-limited--ncyf/issue-of-equity/9787703
2026-09-23 16:00:45,2026-09-23T15:00:45.000,iFOREX Financial Trading Hldgs Ltd,IFRX,RDN,,Director Declaration,0400W,17801952,145,0.0,,[summary failed: HTTP Error 400: Bad Request],,neutral,https://www.investegate.co.uk/announcement/rns/iforex-financial-trading-holdings-ltd---ifrx/director-declaration/9787700
2026-09-23 16:00:00,2026-09-23T15:00:00.000,Investec PLC,INVP,DSH,Director/PDMR shareholding,Director/PDMR Shareholding,0372W,17801951,635.5,-1.089494163424125,,[summary failed: HTTP Error 400: Bad Request],,neutral,https://www.investegate.co.uk/announcement/rns/investec--invp/director-pdmr-shareholding/9787699
2026-09-23 15:54:00,2026-09-23T14:54:00.000,Bodycote PLC,BOY,HOL,Holding(s) in company,Holding(s) in Company,60923-4456,17801948,953,-0.1571503404924044,,[summary failed: HTTP Error 400: Bad Request],,neutral,https://www.investegate.co.uk/announcement/prn/bodycote--boy/holding-s-in-company/9787696
2026-09-23 15:53:21,2026-09-23T14:53:21.000,Gooch & Housego PLC,GHH,HOL,Holding(s) in company,Holding(s) in Company,0404W,17801946,1225,0.4098360655737705,,[summary failed: HTTP Error 400: Bad Request],,neutral,https://www.investegate.co.uk/announcement/rns/gooch-housego--ghh/holding-s-in-company/9787694
2026-09-23 15:52:19,2026-09-23T14:52:19.000,Royal Bank of Canada,17TZ,PFT,,Publication of Final Terms,0402W,17801945,,,,[summary failed: HTTP Error 400: Bad Request],,neutral,https://www.investegate.co.uk/announcement/rns/royal-bank-of-canada--17tz/publication-of-final-terms/9787693
2026-09-23 15:46:00,2026-09-23T14:46:00.000,Regional REIT Limited,RGL,DSH,Director/PDMR shareholding,Director/PDMR Shareholding,0401W,17801942,89.7,0.5605381165919283,,[summary failed: HTTP Error 400: Bad Request],,neutral,https://www.investegate.co.uk/announcement/rns/regional-reit-limited--rgl/director-pdmr-shareholding/9787690
2026-09-23 15:39:57,2026-09-23T14:39:57.000,Future PLC,FUTR,HOL,Holding(s) in company,Holding(s) in Company,0399W,17801937,308.4,-0.258732212160414,,[summary failed: HTTP Error 400: Bad Request],,neutral,https://www.investegate.co.uk/announcement/rns/future--futr/holding-s-in-company/9787685
2026-09-23 15:36:06,2026-09-23T14:36:06.000,Crest Nicholson Holdings PLC,CRST,HOL,Holding(s) in company,Holding(s) in Company,0397W,17801934,57,-0.1751313485113835,,[summary failed: HTTP Error 400: Bad Request],,neutral,https://www.investegate.co.uk/announcement/rns/crest-nicholson-holdings--crst/holding-s-in-company/9787682
2026-09-23 15:34:07,2026-09-23T14:34:07.000,Schroder British Opportunities Tst.,SBO,RAG,Regulatory application/grant,Result of AGM,0393W,17801933,66,0.0,,[summary failed: HTTP Error 400: Bad Request],,neutral,https://www.investegate.co.uk/announcement/rns/schroder-british-opportunities-trust--sbo/result-of-agm/9787681
2026-09-23 15:31:51,2026-09-23T14:31:51.000,Royal Bank of Canada,17TZ,ADM,,Admission to Trading Notice,0391W,17801932,,,,[summary failed: HTTP Error 400: Bad Request],,neutral,https://www.investegate.co.uk/announcement/rns/royal-bank-of-canada--17tz/admission-to-trading-notice/9787679
2026-09-23 15:31:03,2026-09-23T14:31:03.000,Morgan Stanley Europe SE,DO72,MSC,Miscellaneous,ISM_MSESE_EARLY REDEMPTION_23-09-2026,0392W,17801931,,,,,,,
2026-09-23 15:30:00,2026-09-23T14:30:00.000,Centrica PLC,CNA,DSH,Director/PDMR shareholding,Director/PDMR Shareholding,0360W,17801927,148.2,-1.462765957446809,,[summary failed: HTTP Error 400: Bad Request],,neutral,https://www.investegate.co.uk/announcement/rns/centrica--cna/director-pdmr-shareholding/9787674
2026-09-23 15:30:00,2026-09-23T14:30:00.000,easyJet,EZJ,HOL,Holding(s) in company,Holding(s) in Company,d32a2696ac,17801930,670.6,-0.2083333333333333,,[summary failed: HTTP Error 400: Bad Request],,neutral,https://www.investegate.co.uk/announcement/mfn/easyjet--ezj/holding-s-in-company/9787677
2026-09-23 15:22:08,2026-09-23T14:22:08.000,Morgan Stanley Europe SE,DO72,MSC,Miscellaneous,ISM - MSESE-  PARTIAL_RETIREMENT -23-09-2026,0385W,17801885,,,,,,,
2026-09-23 15:20:00,2026-09-23T14:20:00.000,Informa PLC,INF,DSH,Director/PDMR shareholding,Director/PDMR Shareholding,0124W,17801877,889,-0.9801737580752952,,[summary failed: HTTP Error 400: Bad Request],,neutral,https://www.investegate.co.uk/announcement/rns/informa--inf/director-pdmr-shareholding/9787627
2026-09-23 15:20:00,2026-09-23T14:20:00.000,EQT Fund Management S.à r.l.,,OUP,Offer update,Publ. of Offering Memorandum & Other Documents,0376W,17801864,,,,,,,
2026-09-23 15:19:41,2026-09-23T14:19:41.000,Royal Bank of Canada,17TZ,PFT,,Publication of Final Terms ,0378W,17801863,,,,[summary failed: HTTP Error 400: Bad Request],,neutral,https://www.investegate.co.uk/announcement/rns/royal-bank-of-canada--17tz/publication-of-final-terms-/9787610
2026-09-23 15:19:34,2026-09-23T14:19:34.000,Morgan Stanley B.V.,71LF,MSC,Miscellaneous,ISM_MSBV_EARLY REDEMPTION_23-09-2026,0381W,17801862,,,,,,,
2026-09-23 15:18:11,2026-09-23T14:18:11.000,Morgan Stanley B.V.,71LF,MSC,Miscellaneous,ISM - MSBV-  PARTIAL_RETIREMENT - 23-09-2026,0377W,17801860,,,,,,,
2026-09-23 15:17:07,2026-09-23T14:17:07.000,iShares Digital Assets AG,,PFT,,Final Terms- ishares Digital asset 23.09.2026,0374W,17801858,,,,,,,
2026-09-23 15:15:00,2026-09-23T14:15:00.000,Burberry Group PLC,BRBY,TRS,,Transfer of Treasury Shares,0367W,17801857,1035.5,1.123046875,,[summary failed: HTTP Error 400: Bad Request],,neutral,https://www.investegate.co.uk/announcement/rns/burberry-group--brby/transfer-of-treasury-shares/9787604
2026-09-23 15:14:40,2026-09-23T14:14:40.000,Senior PLC,SNR,HOL,Holding(s) in company,Holding(s) in Company,0373W,17801856,296.5,0.1689189189189189,,[summary failed: HTTP Error 400: Bad Request],,neutral,https://www.investegate.co.uk/announcement/rns/senior--snr/holding-s-in-company/9787603
2026-09-23 15:05:47,2026-09-23T14:05:47.000,Wetherspoon (JD) PLC,JDW,DSH,Director/PDMR shareholding,Director/PDMR Shareholding,0368W,17801851,807,-0.85995085995086,,[summary failed: HTTP Error 400: Bad Request],,neutral,https://www.investegate.co.uk/announcement/rns/wetherspoon-j-d---jdw/director-pdmr-shareholding/9787595
2026-09-23 15:05:09,2026-09-23T14:05:09.000,Smart(J.)&Co(Contractors) PLC,SMJ,POS,Change of position,Transaction in Own Shares,0366W,17801850,113.5,0.0,,[summary failed: HTTP Error 400: Bad Request],,neutral,https://www.investegate.co.uk/announcement/rns/smart-j-co---smj/transaction-in-own-shares/9787594
2026-09-23 15:03:29,2026-09-23T14:03:29.000,HSBC Bank plc,48CF,STA,,Pre Stabilisation Notice,0365W,17801848,,,,[summary failed: HTTP Error 400: Bad Request],,neutral,https://www.investegate.co.uk/announcement/rns/hsbc-bank-plc--48cf/pre-stabilisation-notice/9787593
2026-09-23 15:00:00,2026-09-23T14:00:00.000,Weir PLC,WEIR,NRA,,Brian Doffing to join Weir,0263W,17801845,2688,-0.8849557522123894,,[summary failed: HTTP Error 400: Bad Request],,neutral,https://www.investegate.co.uk/announcement/rns/weir-group--weir/brian-doffing-to-join-weir/9787590
2026-09-23 15:00:00,2026-09-23T14:00:00.000,Airtel Mobile Commerce N.V.,,REA,,FCA Approves Registration Document,0358W,17801841,,,,,,,
2026-09-23 14:56:23,2026-09-23T13:56:23.000,Card Factory PLC,CARD,HOL,Holding(s) in company,Holding(s) in Company,0362W,17801825,71.3,0.0,,[summary failed: HTTP Error 400: Bad Request],,neutral,https://www.investegate.co.uk/announcement/rns/card-factory--card/holding-s-in-company/9787566
2026-09-23 14:55:00,2026-09-23T13:55:00.000,Sampo Oyj,0HAG,HOL,Holding(s) in company,Sampo Oyj: Arvopaperimarkkinalain 9 luvun 10 pykälässä tarkoitettu ilmoitus (Solidium Oy),1274224-fi,17801824,8.814,-5.611479974298565,,,,,
2026-09-23 14:55:00,2026-09-23T13:55:00.000,Sampo Oyj,0HAG,HOL,Holding(s) in company,Sampo plc: Disclosure Under Chapter 9 Section 10 of the Securities Market Act (Solidium Oy),1274224-en,17801823,8.814,-5.611479974298565,,,,,
2026-09-23 14:54:26,2026-09-23T13:54:26.000,Hays PLC,HAS,DSH,Director/PDMR shareholding,Director/PDMR Shareholding,0359W,17801822,64.4,2.222222222222222,,[summary failed: HTTP Error 400: Bad Request],,neutral,https://www.investegate.co.uk/announcement/rns/hays--has/director-pdmr-shareholding/9787565
2026-09-23 14:51:17,2026-09-23T13:51:17.000,Beazley PLC,BEZ,HOL,Holding(s) in company,Holding(s) in Company,0356W,17801819,1306,0.0,,[summary failed: HTTP Error 400: Bad Request],,neutral,https://www.investegate.co.uk/announcement/rns/beazley--bez/holding-s-in-company/9787562
2026-09-23 14:50:00,2026-09-23T13:50:00.000,Man Group plc,EMG,DSH,Director/PDMR shareholding,Director/PDMR Shareholding,0352W,17801817,338.6,-0.4117647058823529,,[summary failed: HTTP Error 400: Bad Request],,neutral,https://www.investegate.co.uk/announcement/rns/man-group--emg/director-pdmr-shareholding/9787560
2026-09-23 14:45:00,2026-09-23T13:45:00.000,Hungarian Export-Import Bank Ltd,BO61,BOA,Board appointment/change,Changes regarding senior executives,0291W,17801814,104.33,,,,,,
2026-09-23 14:42:00,2026-09-23T13:42:00.000,Natixis Syndicate,,MSCL,,Post-Stabilisation Announcement,0923443132,17801805,,,,,,,
2026-09-23 14:41:00,2026-09-23T13:41:00.000,Lancashire Holdings Limited,LRE,NOR,Notice of results,Notice of Q3 2026 Trading Statement and Conference Call,60923-4394,17801802,640.5,-1.688411358403684,,[summary failed: HTTP Error 400: Bad Request],,neutral,https://www.investegate.co.uk/announcement/prn/lancashire-holdings-limited--lre/notice-of-q3-2026-trading-statement-and-confe-/9787540
2026-09-23 14:40:00,2026-09-23T13:40:00.000,Sampo Oyj,0HAG,MSCL,,Announcement of Sampo plc’s results and Annual General Meeting in 2027,1274221-en,17801795,8.814,-5.611479974298565,,,,,
2026-09-23 14:40:00,2026-09-23T13:40:00.000,Sampo Oyj,0HAG,MSCL,,Sampo Oyj:n tulostiedottaminen ja varsinainen yhtiökokous vuonna 2027,1274221-fi,17801796,8.814,-5.611479974298565,,,,,
2026-09-23 14:38:36,2026-09-23T13:38:36.000,ING Bank N.V. London Branch,,STA,,Post Stabilisation Notice ASN,0342W,17801787,,,,,,,
2026-09-23 14:36:14,2026-09-23T13:36:14.000,Gooch & Housego PLC,GHH,HOL,Holding(s) in company,Holding(s) in Company,0338W,17801780,1225,0.4098360655737705,,[summary failed: HTTP Error 400: Bad Request],,neutral,https://www.investegate.co.uk/announcement/rns/gooch-housego--ghh/holding-s-in-company/9787524
2026-09-23 14:35:18,2026-09-23T13:35:18.000,Rotork PLC,ROR,HOL,Holding(s) in company,Holding(s) in Company,0337W,17801777,485.6,-0.04116920543433512,,[summary failed: HTTP Error 400: Bad Request],,neutral,https://www.investegate.co.uk/announcement/rns/rotork--ror/holding-s-in-company/9787517
2026-09-23 14:34:00,2026-09-23T13:34:00.000,Natixis Syndicate,,MSCL,,Post-Stabilisation Announcement,0923231454,17801771,,,,,,,
2026-09-23 14:33:04,2026-09-23T13:33:04.000,PayPoint PLC,PAY,DSH,Director/PDMR shareholding,PayPoint plc : Director/PDMR Shareholding,1274223-en,17801770,627,-0.7911392405063291,,[summary failed: HTTP Error 400: Bad Request],,neutral,https://www.investegate.co.uk/announcement/gnw/paypoint--pay/paypoint-plc-director-pdmr-shareholding/9787514
2026-09-23 14:32:09,2026-09-23T13:32:09.000,Diploma PLC,DPLM,DSH,Director/PDMR shareholding,Director/PDMR Shareholding,0332W,17801768,7620.0,-0.06557377049180328,,[summary failed: HTTP Error 400: Bad Request],,neutral,https://www.investegate.co.uk/announcement/rns/diploma--dplm/director-pdmr-shareholding/9787511
2026-09-23 14:30:00,2026-09-23T13:30:00.000,MITIE Group PLC,MTO,HOL,Holding(s) in company,Holding(s) in Company,0289W,17801765,210.4,-0.0949667616334283,,[summary failed: HTTP Error 400: Bad Request],,neutral,https://www.investegate.co.uk/announcement/rns/mitie-group--mto/holding-s-in-company/9787508
2026-09-23 14:26:11,2026-09-23T13:26:11.000,Merchants Trust PLC,MRCH,MSC,Miscellaneous,Block Listing Return,0327W,17801760,665,-0.4491017964071856,,[summary failed: HTTP Error 400: Bad Request],,neutral,https://www.investegate.co.uk/announcement/rns/merchants-trust--mrch/block-listing-return/9787504
2026-09-23 14:22:46,2026-09-23T13:22:46.000,Lowland Investment Co PLC,LWI,DOC,,Monthly Factsheet as at 31 August 2026,0323W,17801757,187,0.0,,[summary failed: HTTP Error 400: Bad Request],,neutral,https://www.investegate.co.uk/announcement/rns/lowland-investment-co--lwi/monthly-factsheet-as-at-31-august-2026/9787501
2026-09-23 14:22:45,2026-09-23T13:22:45.000,European Smaller Companies Tst PLC,ESCT,DOC,,Monthly Factsheet as at 31 August 2026,0322W,17801756,237,-0.2105263157894737,,[summary failed: HTTP Error 400: Bad Request],,neutral,https://www.investegate.co.uk/announcement/rns/the-european-smaller-companies-trust--esct/monthly-factsheet-as-at-31-august-2026/9787500
2026-09-23 14:22:44,2026-09-23T13:22:44.000,Henderson Far East Income Limited,HFEL,DOC,,Monthly Factsheet as at 31 August 2026,0321W,17801755,272,0.0,,[summary failed: HTTP Error 400: Bad Request],,neutral,https://www.investegate.co.uk/announcement/rns/henderson-far-east-income-ltd---hfel/monthly-factsheet-as-at-31-august-2026/9787499
2026-09-23 14:22:43,2026-09-23T13:22:43.000,City of London Investment Trust PLC,CTY,DOC,,Monthly Factsheet as at 31 August 2026,0320W,17801754,578,-0.5163511187607573,,[summary failed: HTTP Error 400: Bad Request],,neutral,https://www.investegate.co.uk/announcement/rns/city-of-london-inv-trust--cty/monthly-factsheet-as-at-31-august-2026/9787498
2026-09-23 14:22:42,2026-09-23T13:22:42.000,Henderson High Income Trust PLC,HHI,DOC,,Monthly Factsheet as at 31 August 2026,0319W,17801753,204,-0.970873786407767,,[summary failed: HTTP Error 400: Bad Request],,neutral,https://www.investegate.co.uk/announcement/rns/henderson-high-income-trust--hhi/monthly-factsheet-as-at-31-august-2026/9787497
2026-09-23 14:22:40,2026-09-23T13:22:40.000,North American Income Trust (The),NAIT,DOC,,Monthly Factsheet as at 31 August 2026,0318W,17801752,422,-0.9389671361502347,,[summary failed: HTTP Error 400: Bad Request],,neutral,https://www.investegate.co.uk/announcement/rns/north-american-income-trust-the---nait/monthly-factsheet-as-at-31-august-2026/9787496
2026-09-23 14:22:39,2026-09-23T13:22:39.000,Henderson Smaller Cos Inv Tst PLC,HSL,DOC,,Monthly Factsheet as at 31 August 2026,0317W,17801751,967,-0.51440329218107,,[summary failed: HTTP Error 400: Bad Request],,neutral,https://www.investegate.co.uk/announcement/rns/henderson-smaller-companies-inv-trust--hsl/monthly-factsheet-as-at-31-august-2026/9787495
2026-09-23 14:22:00,2026-09-23T13:22:00.000,Gfinity PLC,GFIN,HOL,Holding(s) in company,Holding(s) in Company,0312W,17801750,0.0575,6.481481481481481,,[summary failed: HTTP Error 400: Bad Request],,neutral,https://www.investegate.co.uk/announcement/rns/gfinity--gfin/holding-s-in-company/9787494
2026-09-23 14:21:00,2026-09-23T13:21:00.000,Gfinity PLC,GFIN,HOL,Holding(s) in company,Holding(s) in Company,0309W,17801749,0.0575,6.481481481481481,,[summary failed: HTTP Error 400: Bad Request],,neutral,https://www.investegate.co.uk/announcement/rns/gfinity--gfin/holding-s-in-company/9787491
2026-09-23 14:20:14,2026-09-23T13:20:14.000,Bankers Investment Trust PLC,BNKR,DOC,,Monthly Factsheet as at 31 August 2026,0316W,17801747,153.4,0.1305483028720627,,[summary failed: HTTP Error 400: Bad Request],,neutral,https://www.investegate.co.uk/announcement/rns/bankers-inv-trust--bnkr/monthly-factsheet-as-at-31-august-2026/9787490
2026-09-23 14:18:18,2026-09-23T13:18:18.000,Janus Henderson Fund Mgmnt UK Ltd.,,DOC,,Monthly Factsheet as at 31 August 2026,0311W,17801745,,,,,,,
2026-09-23 14:13:07,2026-09-23T13:13:07.000,Rotork PLC,ROR,DSH,Director/PDMR shareholding,Director/PDMR Shareholding,0307W,17801737,485.6,-0.04116920543433512,,[summary failed: HTTP Error 400: Bad Request],,neutral,https://www.investegate.co.uk/announcement/rns/rotork--ror/director-pdmr-shareholding/9787480
2026-09-23 14:10:51,2026-09-23T13:10:51.000,Wheatley Group Capital PLC,60RZ,ACS,,Annual Financial Report,0305W,17801736,78.802,,,[summary failed: HTTP Error 400: Bad Request],,neutral,https://www.investegate.co.uk/announcement/rns/wheatley-group-capital-plc--60rz/annual-financial-report/9787479
2026-09-23 14:10:31,2026-09-23T13:10:31.000,Fevertree Drinks PLC,FEVR,HOL,Holding(s) in company,Holding(s) in Company,0304W,17801735,854.5,-2.119129438717068,,[summary failed: HTTP Error 400: Bad Request],,neutral,https://www.investegate.co.uk/announcement/rns/fevertree-drinks--fevr/holding-s-in-company/9787478
2026-09-23 14:09:16,2026-09-23T13:09:16.000,Palace Capital PLC,PCA,HOL,Holding(s) in company,Holding(s) in Company,0302W,17801733,195.5,2.894736842105263,,[summary failed: HTTP Error 400: Bad Request],,neutral,https://www.investegate.co.uk/announcement/rns/palace-capital--pca/holding-s-in-company/9787476
2026-09-23 14:08:43,2026-09-23T13:08:43.000,IG Design Group PLC,IGR,HOL,Holding(s) in company,Holding(s) in Company,0303W,17801732,90.0,5.882352941176471,,[summary failed: HTTP Error 400: Bad Request],,neutral,https://www.investegate.co.uk/announcement/rns/ig-design-group--igr/holding-s-in-company/9787473
2026-09-23 14:06:46,2026-09-23T13:06:46.000,IG Design Group PLC,IGR,HOL,Holding(s) in company,Holding(s) in Company,0301W,17801729,90.0,5.882352941176471,,[summary failed: HTTP Error 400: Bad Request],,neutral,https://www.investegate.co.uk/announcement/rns/ig-design-group--igr/holding-s-in-company/9787473
2026-09-23 14:05:54,2026-09-23T13:05:54.000,Schroder Income Growth Fund PLC,SCF,DIV,Dividend declaration,Dividend Declaration,0300W,17801728,368,-0.2710027100271003,,[summary failed: HTTP Error 400: Bad Request],,neutral,https://www.investegate.co.uk/announcement/rns/schroder-income-growth-fund--scf/dividend-declaration/9787470
2026-09-23 14:05:18,2026-09-23T13:05:18.000,On the Beach Group PLC,OTB,HOL,Holding(s) in company,Holding(s) in Company,0299W,17801727,163.2,-3.546099290780142,,[summary failed: HTTP Error 400: Bad Request],,neutral,https://www.investegate.co.uk/announcement/rns/on-the-beach-group--otb/holding-s-in-company/9787469
2026-09-23 14:04:32,2026-09-23T13:04:32.000,Palace Capital PLC,PCA,DSH,Director/PDMR shareholding,PDMR/PCA Dealing,0298W,17801726,195.5,2.894736842105263,,[summary failed: HTTP Error 400: Bad Request],,neutral,https://www.investegate.co.uk/announcement/rns/palace-capital--pca/pdmr-pca-dealing/9787468
2026-09-23 14:00:00,2026-09-23T13:00:00.000,Balfour Beatty PLC,BBY,HOL,Holding(s) in company,Holding(s) in Company,0143W,17801717,927,-0.8556149732620321,,[summary failed: HTTP Error 400: Bad Request],,neutral,https://www.investegate.co.uk/announcement/rns/balfour-beatty--bby/holding-s-in-company/9787454
2026-09-23 14:00:00,2026-09-23T13:00:00.000,Kier Group PLC,KIE,HOL,Holding(s) in company,Holding(s) in Company,0251W,17801719,306.2,-0.5198180636777128,,[summary failed: HTTP Error 400: Bad Request],,neutral,https://www.investegate.co.uk/announcement/rns/kier-group--kie/holding-s-in-company/9787455
2026-09-23 13:44:14,2026-09-23T12:44:14.000,British Land Co PLC,BLND,HOL,Holding(s) in company,Holding(s) in Company,0277W,17801702,395.2,-1.74042764793635,,[summary failed: HTTP Error 400: Bad Request],,neutral,https://www.investegate.co.uk/announcement/rns/british-land-company--blnd/holding-s-in-company/9787440
2026-09-23 13:43:37,2026-09-23T12:43:37.000,OFFA BTL Ltd,XC39,DOC,,OFFA BTL Ltd - Senior Certificate Amendment,0275W,17801701,,,,,,,
2026-09-23 13:42:51,2026-09-23T12:42:51.000,OFFA BTL Ltd,XC39,DOC,,OFFA BTL Ltd - OO Senior Certificate Amendment,0274W,17801700,,,,,,,
2026-09-23 13:39:33,2026-09-23T12:39:33.000,OFFA BTL Ltd,XC39,DOC,,OFFA BTL Ltd - August Investor Report 2026,0267W,17801695,,,,,,,
2026-09-23 13:39:33,2026-09-23T12:39:33.000,Axis Bank Limited,AXB,MSC,Miscellaneous,update,0266W,17801694,64.2,-0.1555209953343701,,[summary failed: HTTP Error 400: Bad Request],,neutral,https://www.investegate.co.uk/announcement/rns/axis-bank-limited--axb/update/9787432
2026-09-23 13:29:14,2026-09-23T12:29:14.000,B.P. Marsh & Partners PLC,BPM,MSC,Miscellaneous,PDMR - Correction,0250W,17801682,653,-0.6088280060882801,,[summary failed: HTTP Error 400: Bad Request],,neutral,https://www.investegate.co.uk/announcement/rns/b-p-marsh-partners--bpm/pdmr-correction/9787420
2026-09-23 13:29:04,2026-09-23T12:29:04.000,Georgina Energy PLC,GEX,DRL,Drilling/exploration,Hussar EP513 Prospect Update ,0259W,17801681,10.25,-9.89010989010989,,[summary failed: HTTP Error 400: Bad Request],,neutral,https://www.investegate.co.uk/announcement/rns/georgina-energy-plc--gex/hussar-ep513-prospect-update-/9787419
2026-09-23 13:28:08,2026-09-23T12:28:08.000,Pennant International Group PLC,PEN,HOL,Holding(s) in company,Holding(s) in Company,0258W,17801679,30.0,0.0,,[summary failed: HTTP Error 400: Bad Request],,neutral,https://www.investegate.co.uk/announcement/rns/pennant-international-group--pen/holding-s-in-company/9787417
2026-09-23 13:27:46,2026-09-23T12:27:46.000,Gooch & Housego PLC,GHH,HOL,Holding(s) in company,Holding(s) in Company,0255W,17801677,1225,0.4098360655737705,,[summary failed: HTTP Error 400: Bad Request],,neutral,https://www.investegate.co.uk/announcement/rns/gooch-housego--ghh/holding-s-in-company/9787415
2026-09-23 13:24:44,2026-09-23T12:24:44.000,Zotefoams PLC,ZTF,HOL,Holding(s) in company,Holding(s) in Company,0252W,17801674,426.5,-1.728110599078341,,[summary failed: HTTP Error 400: Bad Request],,neutral,https://www.investegate.co.uk/announcement/rns/zotefoams--ztf/holding-s-in-company/9787411
2026-09-23 13:20:15,2026-09-23T12:20:15.000,Gooch & Housego PLC,GHH,HOL,Holding(s) in company,Holding(s) in Company,0246W,17801667,1225,0.4098360655737705,,[summary failed: HTTP Error 400: Bad Request],,neutral,https://www.investegate.co.uk/announcement/rns/gooch-housego--ghh/holding-s-in-company/9787233
2026-09-23 13:20:13,2026-09-23T12:20:13.000,Turkiye Garanti Bankasi A.S.,,MSCL,,Turkiye Garanti Bankasi A.S.: _Redemption of the debt instrument at abroad within the Medium Term Note (MTN) program XS3184157066,2404078_en,17801668,,,,,,,
2026-09-23 13:17:04,2026-09-23T12:17:04.000,Turkiye Garanti Bankasi A.S.,,MSCL,,Turkiye Garanti Bankasi A.S.: Redemption of the debt instrument at abroad within the Medium Term Note (MTN) program XS3184156928,2404074_en,17801665,,,,,,,
2026-09-23 13:11:27,2026-09-23T12:11:27.000,Advanced Medical Solutions Grp PLC,AMS,HOL,Holding(s) in company,Holding(s) in Company,0236W,17801657,282,0.0,,[summary failed: HTTP Error 400: Bad Request],,neutral,https://www.investegate.co.uk/announcement/rns/advanced-medical-solutions-group--ams/holding-s-in-company/9787393
2026-09-23 13:10:52,2026-09-23T12:10:52.000,iShares Physical Metals Plc,,PFT,,Publication of Final Terms,0233W,17801655,,,,,,,
2026-09-23 13:10:05,2026-09-23T12:10:05.000,Zenzic Partners Limited,,MSC,Miscellaneous,Coupon Payment Announcement,0230W,17801653,,,,,,,
2026-09-23 13:09:53,2026-09-23T12:09:53.000,iShares Physical Metals Plc,,PFT,,Publication of Final Terms,0229W,17801652,,,,,,,
2026-09-23 13:08:10,2026-09-23T12:08:10.000,iShares Physical Metals Plc,,PFT,,Publication of Final Terms,0226W,17801649,,,,,,,
2026-09-23 13:07:48,2026-09-23T12:07:48.000,Zenzic Partners Limited,,DOC,,Coupon Payment Announcement,0227W,17801647,,,,,,,
2026-09-23 13:06:02,2026-09-23T12:06:02.000,Rotork PLC,ROR,HOL,Holding(s) in company,Holding(s) in Company,0224W,17801646,485.6,-0.04116920543433512,,[summary failed: HTTP Error 400: Bad Request],,neutral,https://www.investegate.co.uk/announcement/rns/rotork--ror/holding-s-in-company/9787382
2026-09-23 13:03:14,2026-09-23T12:03:14.000,Rotork PLC,ROR,HOL,Holding(s) in company,Holding(s) in Company,0220W,17801641,485.6,-0.04116920543433512,,[summary failed: HTTP Error 400: Bad Request],,neutral,https://www.investegate.co.uk/announcement/rns/rotork--ror/holding-s-in-company/9787377
2026-09-23 13:00:35,2026-09-23T12:00:35.000,Shell plc,SHEL,POS,Change of position,Transaction in Own Shares,1274205-en,17801635,3580.0,1.994301994301994,,[summary failed: HTTP Error 400: Bad Request],,neutral,https://www.investegate.co.uk/announcement/gnw/shell--shel/transaction-in-own-shares/9787374
2026-09-23 13:00:09,2026-09-23T12:00:09.000,Fuel Ventures VCT PLC,FVV,RAG,Regulatory application/grant,Result of AGM,0214W,17801634,92,0.0,,[summary failed: HTTP Error 400: Bad Request],,neutral,https://www.investegate.co.uk/announcement/rns/fuel-ventures-vct--fvv/result-of-agm/9787369
2026-09-23 13:00:00,2026-09-23T12:00:00.000,LSL Property Services PLC,LSL,DSH,Director/PDMR shareholding,Director’s Share Purchase ,0002W,17801633,252,1.204819277108434,,[summary failed: HTTP Error 400: Bad Request],,neutral,https://www.investegate.co.uk/announcement/rns/lsl-property-services--lsl/director-s-share-purchase-/9787364
2026-09-23 13:00:00,2026-09-23T12:00:00.000,Lloyds Banking Group PLC,LLOY,DSH,Director/PDMR shareholding,Director/PDMR Shareholding,9848V,17801632,107.55,-0.6925207756232687,,[summary failed: HTTP Error 400: Bad Request],,neutral,https://www.investegate.co.uk/announcement/rns/lloyds-banking-group--lloy/director-pdmr-shareholding/9787363
2026-09-23 12:57:16,2026-09-23T11:57:16.000,Blackfinch Spring VCT PLC,BFSP,CIR,Circular,Publication of Circular ,0199W,17801617,82,0.0,,[summary failed: HTTP Error 400: Bad Request],,neutral,https://www.investegate.co.uk/announcement/rns/blackfinch-spring-vct--bfsp/publication-of-circular-/9787348
2026-09-23 12:56:47,2026-09-23T11:56:47.000,Ferrexpo PLC,FXPO,HOL,Holding(s) in company,Holding(s) in Company,0196W,17801616,29.02,-0.274914089347079,,[summary failed: HTTP Error 400: Bad Request],,neutral,https://www.investegate.co.uk/announcement/rns/ferrexpo--fxpo/holding-s-in-company/9787346
2026-09-23 12:54:53,2026-09-23T11:54:53.000,Turkiye Garanti Bankasi A.S.,,MSCL,,Turkiye Garanti Bankasi A.S.: Announcement Regarding the Investigation by the Competition Board,2404066_en,17801614,,,,,,,
2026-09-23 12:51:23,2026-09-23T11:51:23.000,Turkiye Garanti Bankasi A.S.,,MSCL,,Turkiye Garanti Bankasi A.S.: Redemption of the debt instrument at abroad within the Medium Term Note (MTN) program XS3183304503,2404060_en,17801612,,,,,,,
2026-09-23 12:48:13,2026-09-23T11:48:13.000,Turkiye Garanti Bankasi A.S.,,MSCL,,Turkiye Garanti Bankasi A.S.: Redemption of the debt instrument at abroad within the Medium Term Note (MTN) program XS3183304412,2404058_en,17801609,,,,,,,
2026-09-23 12:45:13,2026-09-23T11:45:13.000,Turkiye Garanti Bankasi A.S.,,MSCL,,Turkiye Garanti Bankasi A.S.: Prospectus – Issuer Information Document,2404056_en,17801604,,,,,,,
2026-09-23 12:40:53,2026-09-23T11:40:53.000,Turkiye Garanti Bankasi A.S.,,MSCL,,Turkiye Garanti Bankasi A.S.: Prospectus – Capital Markets Instrument Note,2404044_en,17801590,,,,,,,
2026-09-23 12:37:36,2026-09-23T11:37:36.000,Frontier Developments PLC,FDEV,ACS,,Annual Report and Notice of AGM,0174W,17801577,612,-0.970873786407767,,[summary failed: HTTP Error 400: Bad Request],,neutral,https://www.investegate.co.uk/announcement/rns/frontier-developments--fdev/annual-report-and-notice-of-agm/9787307
2026-09-23 12:35:00,2026-09-23T11:35:00.000,Scottish Mortgage Inv Tst PLC,SMT,MSC,Miscellaneous,Update on NAV and Anthropic Valuation,0163W,17801572,1573,0.03179650238473768,,[summary failed: HTTP Error 400: Bad Request],,neutral,https://www.investegate.co.uk/announcement/rns/scottish-mortgage-inv-trust--smt/update-on-nav-and-anthropic-valuation/9787302
2026-09-23 12:35:00,2026-09-23T11:35:00.000,Baillie Gifford US Growth Trust PLC,USA,MSC,Miscellaneous,Update on NAV and Anthropic Valuation,0155W,17801571,378,-0.2638522427440633,,[summary failed: HTTP Error 400: Bad Request],,neutral,https://www.investegate.co.uk/announcement/rns/baillie-gifford-us-growth-trust--usa/update-on-nav-and-anthropic-valuation/9787300
2026-09-23 12:35:00,2026-09-23T11:35:00.000,Schiehallion Fund Limited (The),,MSC,Miscellaneous,Update on NAV and Anthropic Valuation,0158W,17801573,,,,,,,
2026-09-23 12:33:03,2026-09-23T11:33:03.000,Turkiye Garanti Bankasi A.S.,,MSCL,,Turkiye Garanti Bankasi A.S.: Prospectus – Summary,2404040_en,17801570,,,,,,,
2026-09-23 12:30:57,2026-09-23T11:30:57.000,Baltic Classifieds Group PLC,BCG,RAG,Regulatory application/grant,Result of AGM,0087W,17801564,2.144,-5.467372134038801,,[summary failed: HTTP Error 400: Bad Request],,neutral,https://www.investegate.co.uk/announcement/rns/baltic-classifieds-group--bcg/result-of-agm/9787293
2026-09-23 12:30:13,2026-09-23T11:30:13.000,System1 Group PLC,SYS1,AGM,AGM statement,Annual General Meeting arrangements,0152W,17801561,335,0.0,,[summary failed: HTTP Error 400: Bad Request],,neutral,https://www.investegate.co.uk/announcement/rns/system1-group--sys1/annual-general-meeting-arrangements/9787291
2026-09-23 12:22:36,2026-09-23T11:22:36.000,China Pacific Insurance Grp Co. Ltd,CPIC,DSH,Director/PDMR shareholding,Director/PDMR Shareholding,0137W,17801553,22.8,0.0,,[summary failed: HTTP Error 400: Bad Request],,neutral,https://www.investegate.co.uk/announcement/rns/china-pacific-insurance-group-co-ltd--cpic/director-pdmr-shareholding/9787283
2026-09-23 12:17:18,2026-09-23T11:17:18.000,BioPharma Credit PLC,BPCR,HOL,Holding(s) in company,Holding(s) in Company,0133W,17801546,0.97,0.0,,,,,
2026-09-23 12:15:00,2026-09-23T11:15:00.000,Chaleit Holdings PLC,,EFN,,Intention to Float - AIM,0116W,17801540,,,,,,,
2026-09-23 12:14:25,2026-09-23T11:14:25.000,Costain Group PLC,COST,HOL,Holding(s) in company,Holding(s) in Company,0128W,17801538,253,-0.9784735812133072,,[summary failed: HTTP Error 400: Bad Request],,neutral,https://www.investegate.co.uk/announcement/rns/costain-group--cost/holding-s-in-company/9787266
2026-09-23 12:11:21,2026-09-23T11:11:21.000,J.P. Morgan Securities PLC.,,STA,,Stabilisation Notice,0125W,17801537,,,,,,,
2026-09-23 12:09:15,2026-09-23T11:09:15.000,"Deutsche Bank AG, Frankfurt",,STA,,Pre Stabilisation Notice,0120W,17801536,,,,,,,
2026-09-23 12:05:33,2026-09-23T11:05:33.000,SDI Group PLC,SDI,RAG,Regulatory application/grant,Result of AGM,0114W,17801531,91.5,-2.659574468085106,,[summary failed: HTTP Error 400: Bad Request],,neutral,https://www.investegate.co.uk/announcement/rns/sdi-group--sdi/result-of-agm/9787257
2026-09-23 12:05:12,2026-09-23T11:05:12.000,Jardine Matheson Hldgs Ltd,JAR,POS,Change of position,Transaction in Own Shares,0115W,17801530,62.5,0.0,,[summary failed: HTTP Error 400: Bad Request],,neutral,https://www.investegate.co.uk/announcement/rns/jardine-matheson-holdings-ltd-singapore-reg---jar/transaction-in-own-shares/9787256
2026-09-23 12:04:20,2026-09-23T11:04:20.000,McBride PLC,MCB,DSH,Director/PDMR shareholding,Sale of Shares ,0112W,17801529,175.4,-2.986725663716814,,[summary failed: HTTP Error 400: Bad Request],,neutral,https://www.investegate.co.uk/announcement/rns/mcbride--mcb/sale-of-shares-/9787255
2026-09-23 12:02:48,2026-09-23T11:02:48.000,London & Quadrant Housing Trust,44EB,ACS,,Audited Financial Statements & Group Board Change,0108W,17801528,92,-0.7818819088703154,,[summary failed: HTTP Error 400: Bad Request],,neutral,https://www.investegate.co.uk/announcement/rns/london-quadrant-housing-trust--44eb/audited-financial-statements-group-board-change/9787251
2026-09-23 12:00:00,2026-09-23T11:00:00.000,GETECH Group plc,GTC,MSC,Miscellaneous,Exercise of Share Options & Total Voting Rights,0102W,17801525,4.3,8.860759493670885,,[summary failed: HTTP Error 400: Bad Request],,neutral,https://www.investegate.co.uk/announcement/rns/getech-group--gtc/exercise-of-share-options-total-voting-rights/9787247
2026-09-23 12:00:00,2026-09-23T11:00:00.000,Bytes Technology Group PLC,BYIT,HOL,Holding(s) in company,Holding(s) in Company,9961V,17801523,447,-1.018600531443756,,[summary failed: HTTP Error 400: Bad Request],,neutral,https://www.investegate.co.uk/announcement/rns/bytes-technology-group--byit/holding-s-in-company/9787246
2026-09-23 11:59:23,2026-09-23T10:59:23.000,GE Capital UK Funding Unltd Company,75VG,IR,Interim results,Half-year Financial Report,0105W,17801514,122,,,[summary failed: HTTP Error 400: Bad Request],,neutral,https://www.investegate.co.uk/announcement/rns/ge-capital-uk-funding-unlimited-company--75vg/half-year-financial-report/9787236
2026-09-23 11:58:54,2026-09-23T10:58:54.000,GE Capital European Funding UnltdCo,39AS,IR,Interim results,Half-year Financial Report,0074W,17801512,119.081,,,[summary failed: HTTP Error 400: Bad Request],,neutral,https://www.investegate.co.uk/announcement/rns/ge-capital-european-funding-unlimited-company--39as/half-year-financial-report/9787235
2026-09-23 11:57:24,2026-09-23T10:57:24.000,Gooch & Housego PLC,GHH,HOL,Holding(s) in company,Holding(s) in Company,0091W,17801510,1225,0.4098360655737705,,[summary failed: HTTP Error 400: Bad Request],,neutral,https://www.investegate.co.uk/announcement/rns/gooch-housego--ghh/holding-s-in-company/9787233
2026-09-23 11:55:59,2026-09-23T10:55:59.000,Ming Yang Smart Energy Group Ltd,MYSE,MSC,Miscellaneous,Securities Non-Trading Transfer Progress,0090W,17801500,11.7,0.0,,[summary failed: HTTP Error 400: Bad Request],,neutral,https://www.investegate.co.uk/announcement/rns/ming-yang-smart-energy-group-limited--myse/securities-non-trading-transfer-progress/9787223
2026-09-23 11:55:28,2026-09-23T10:55:28.000,Sage Group PLC (The),SGE,MSC,Miscellaneous,Notice of determination of make-whole amount,0089W,17801497,1000.0,1.050929668552951,,[summary failed: HTTP Error 400: Bad Request],,neutral,https://www.investegate.co.uk/announcement/rns/sage-group--sge/notice-of-determination-of-make-whole-amount/9787220
2026-09-23 11:47:57,2026-09-23T10:47:57.000,Gresham House Energy Storage Fund,GRID,DSH,Director/PDMR shareholding,Replacement: Director/PDMR Shareholding,0051W,17801474,97,0.2066115702479339,,[summary failed: HTTP Error 400: Bad Request],,neutral,https://www.investegate.co.uk/announcement/rns/gresham-house-energy-storage-fund--grid/replacement-director-pdmr-shareholding/9787193
2026-09-23 11:36:16,2026-09-23T10:36:16.000,Cadence Minerals PLC,KDNC,ROI,Result of issue,Result of Oversubscribed WRAP Retail Offer,0040W,17801446,4.85,-4.901960784313725,,[summary failed: HTTP Error 400: Bad Request],,neutral,https://www.investegate.co.uk/announcement/rns/cadence-minerals--kdnc/result-of-oversubscribed-wrap-retail-offer/9787169
2026-09-23 11:36:06,2026-09-23T10:36:06.000,Kazera Global PLC,KZG,HOL,Holding(s) in company,Holding(s) in Company,0042W,17801445,1.775,-1.388888888888889,,[summary failed: HTTP Error 400: Bad Request],,neutral,https://www.investegate.co.uk/announcement/rns/kazera-global--kzg/holding-s-in-company/9787168
2026-09-23 11:30:00,2026-09-23T10:30:00.000,Videndum PLC,VID,HOL,Holding(s) in company,Holding(s) in Company,9964V,17801438,216,12.79373368146214,,[summary failed: HTTP Error 400: Bad Request],,neutral,https://www.investegate.co.uk/announcement/rns/videndum--vid/holding-s-in-company/9787158
2026-09-23 11:16:01,2026-09-23T10:16:01.000,McBride PLC,MCB,HOL,Holding(s) in company,Holding(s) in Company,9988V,17801395,175.4,-2.986725663716814,,[summary failed: HTTP Error 400: Bad Request],,neutral,https://www.investegate.co.uk/announcement/rns/mcbride--mcb/holding-s-in-company/9787116
2026-09-23 11:00:00,2026-09-23T10:00:00.000,Dunelm Group plc,DNLM,DSH,Director/PDMR shareholding,Director/PDMR Shareholding,9842V,17801366,782.5,-0.6349206349206349,,[summary failed: HTTP Error 400: Bad Request],,neutral,https://www.investegate.co.uk/announcement/rns/dunelm-group--dnlm/director-pdmr-shareholding/9787084
2026-09-23 11:00:00,2026-09-23T10:00:00.000,Motability Operations Group PLC,AE87,BOA,Board appointment/change,Chief Finance Officer Succession,9933V,17801368,89.18935,,,,,,
2026-09-23 11:00:00,2026-09-23T10:00:00.000,Rank Group PLC,RNK,DSH,Director/PDMR shareholding,Director/PDMR Shareholding,9929V,17801367,79.1,-3.536585365853659,,[summary failed: HTTP Error 400: Bad Request],,neutral,https://www.investegate.co.uk/announcement/rns/rank-group--rnk/director-pdmr-shareholding/9787085
2026-09-23 11:00:00,2026-09-23T10:00:00.000,British Smaller Companies VCT PLC,BSV,PDI,Price/dividend information,Publication of a Prospectus,9937V,17801369,72.5,0.0,,,,,
2026-09-23 10:46:03,2026-09-23T09:46:03.000,Turkiye Garanti Bankasi A.S.,,MSCL,,Turkiye Garanti Bankasi A.S.: Intermediary Institution Warrants Issuance Application,2403960_en,17801336,,,,,,,
2026-09-23 10:40:13,2026-09-23T09:40:13.000,Sunda Energy PLC,SNDA,NOG,,Posting of Circular and Notice of General Meeting,9932V,17801318,1.6,-1.538461538461538,,[summary failed: HTTP Error 400: Bad Request],,neutral,https://www.investegate.co.uk/announcement/rns/sunda-energy--snda/posting-of-circular-and-notice-of-general-meeting/9787035
2026-09-23 10:37:17,2026-09-23T09:37:17.000,Jardine Matheson Hldgs Ltd,JAR,DSH,Director/PDMR shareholding,Director/PDMR Shareholding,9931V,17801313,62.5,0.0,,[summary failed: HTTP Error 400: Bad Request],,neutral,https://www.investegate.co.uk/announcement/rns/jardine-matheson-holdings-ltd-singapore-reg---jar/director-pdmr-shareholding/9787031
2026-09-23 10:31:37,2026-09-23T09:31:37.000,Meridian Mining plc,MNO,HOL,Holding(s) in company,Holding(s) in Company,9928V,17801305,121.5,2.531645569620253,,[summary failed: HTTP Error 400: Bad Request],,neutral,https://www.investegate.co.uk/announcement/rns/meridian-mining-plc--mno/holding-s-in-company/9787021
2026-09-23 10:28:34,2026-09-23T09:28:34.000,Morgan Stanley & Co. Int'l plc,GJ03,STA,,Stabilisation Notice,9926V,17801297,,,,,,,
2026-09-23 10:27:59,2026-09-23T09:27:59.000,Avation PLC,AVAP,NOR,Notice of results,FY2026 RESULTS AND INVESTOR PRESENTATION,9924V,17801292,135,-1.45985401459854,,[summary failed: HTTP Error 400: Bad Request],,neutral,https://www.investegate.co.uk/announcement/rns/avation--avap/fy2026-results-and-investor-presentation/9787010
2026-09-23 10:27:49,2026-09-23T09:27:49.000,BNP Paribas Primary New Issues,,STA,,Stabilization Notice - PRE STAB - DOLCETTO,1274174-en,17801293,,,,,,,
2026-09-23 10:25:00,2026-09-23T09:25:00.000,The Lindsell Train Investment Trust plc,LTI,RDN,,Director Declaration,60923-4212,17801290,5.72,-0.6944444444444444,,[summary failed: HTTP Error 400: Bad Request],,neutral,https://www.investegate.co.uk/announcement/prn/lindsell-train-inv-trust--lti/director-declaration/9787008
2026-09-23 10:23:50,2026-09-23T09:23:50.000,Jardine Matheson Hldgs Ltd,JAR,DSH,Director/PDMR shareholding,Correction: Director/PDMR Shareholding,9882V,17801247,62.5,0.0,,[summary failed: HTTP Error 400: Bad Request],,neutral,https://www.investegate.co.uk/announcement/rns/jardine-matheson-holdings-ltd-singapore-reg---jar/correction-director-pdmr-shareholding/9786963
2026-09-23 10:23:41,2026-09-23T09:23:41.000,Entain PLC,ENT,HOL,Holding(s) in company,TR-1: Notification of Major Holdings,9923V,17801246,459.6,-3.587161736941473,,,,,
2026-09-23 10:20:25,2026-09-23T09:20:25.000,Tower Bridge Funding 2024-3 PLC,,UPD,,Redemption of Notes and Cancellation of Listing,9881V,17801228,,,,,,,
2026-09-23 10:19:55,2026-09-23T09:19:55.000,Zinc Media Group PLC,ZIN,MSC,Miscellaneous,Investor Presentation via Engage Investor,9880V,17801226,50.8,-10.08849557522124,,[summary failed: HTTP Error 400: Bad Request],,neutral,https://www.investegate.co.uk/announcement/rns/zinc-media-group--zin/investor-presentation-via-engage-investor/9786943
2026-09-23 10:13:15,2026-09-23T09:13:15.000,Seeing Machines Limited,SEE,AGR,,Interim extension of convertible loan notes,9861V,17801221,4.2,-10.63829787234043,,[summary failed: HTTP Error 400: Bad Request],,neutral,https://www.investegate.co.uk/announcement/rns/seeing-machines-ltd-npv-di---see/interim-extension-of-convertible-loan-notes/9786935
2026-09-23 10:00:00,2026-09-23T09:00:00.000,Costain Group PLC,COST,POS,Change of position,Transaction in Own Shares,9723V,17801204,253,-0.9784735812133072,,[summary failed: HTTP Error 400: Bad Request],,neutral,https://www.investegate.co.uk/announcement/rns/costain-group--cost/transaction-in-own-shares/9786917
2026-09-23 10:00:00,2026-09-23T09:00:00.000,Aterian PLC,ATN,CON,Contract,CLN Conversion,9847V,17801205,24,0.0,,[summary failed: HTTP Error 400: Bad Request],,neutral,https://www.investegate.co.uk/announcement/rns/aterian--atn/cln-conversion/9786918
2026-09-23 09:59:36,2026-09-23T08:59:36.000,Cranswick PLC,CWK,DSH,Director/PDMR shareholding,Director/PDMR Shareholding,9854V,17801203,5010.0,-2.906976744186047,,[summary failed: HTTP Error 400: Bad Request],,neutral,https://www.investegate.co.uk/announcement/rns/cranswick--cwk/director-pdmr-shareholding/9786916
2026-09-23 09:52:06,2026-09-23T08:52:06.000,J.P. Morgan Securities PLC.,,STA,,Stabilisation Notice,9845V,17801196,,,,,,,
2026-09-23 09:47:21,2026-09-23T08:47:21.000,Intertek Group PLC,ITRK,HOL,Holding(s) in company,Holding(s) in Company,9841V,17801126,5865,-0.08517887563884156,,[summary failed: HTTP Error 400: Bad Request],,neutral,https://www.investegate.co.uk/announcement/rns/intertek-group--itrk/holding-s-in-company/9786840
2026-09-23 09:46:00,2026-09-23T08:46:00.000,Gfinity PLC,GFIN,HOL,Holding(s) in company,Holding(s) in Company,9828V,17801118,0.0575,6.481481481481481,,[summary failed: HTTP Error 400: Bad Request],,neutral,https://www.investegate.co.uk/announcement/rns/gfinity--gfin/holding-s-in-company/9786832
2026-09-23 09:45:55,2026-09-23T08:45:55.000,Eco Buildings Group PLC,ECOB,HOL,Holding(s) in company,Holding(s) in Company,9839V,17801117,9.85,0.5102040816326531,,[summary failed: HTTP Error 400: Bad Request],,neutral,https://www.investegate.co.uk/announcement/rns/eco-buildings-group-plc--ecob/holding-s-in-company/9786831
2026-09-23 09:45:01,2026-09-23T08:45:01.000,Gfinity PLC,GFIN,HOL,Holding(s) in company,Holding(s) in Company,9825V,17801115,0.0575,6.481481481481481,,[summary failed: HTTP Error 400: Bad Request],,neutral,https://www.investegate.co.uk/announcement/rns/gfinity--gfin/holding-s-in-company/9786828
2026-09-23 09:44:23,2026-09-23T08:44:23.000,Custodian Property Income REIT plc,CREI,RDN,,Custodian Property Income REIT plc: Director Declaration,2403896_en,17801116,81,-0.2463054187192118,,[summary failed: HTTP Error 400: Bad Request],,neutral,https://www.investegate.co.uk/announcement/eqs/custodian-property-income-reit--crei/custodian-property-income-reit-plc-director-/9786858
2026-09-23 09:43:22,2026-09-23T08:43:22.000,Imperial Brands PLC,IMB,POS,Change of position,Transaction in Own Shares,9836V,17801111,2467,0.7761437908496732,,[summary failed: HTTP Error 400: Bad Request],,neutral,https://www.investegate.co.uk/announcement/rns/imperial-brands--imb/transaction-in-own-shares/9786825
2026-09-23 09:43:00,2026-09-23T08:43:00.000,BH Macro Limited,BHMG,POS,Change of position,Transaction in Own Shares,60923-4196,17801113,411.5,-2.256532066508314,,[summary failed: HTTP Error 400: Bad Request],,neutral,https://www.investegate.co.uk/announcement/prn/bh-macro-ltd-gbp-shares--bhmg/transaction-in-own-shares/9786829
2026-09-23 09:41:54,2026-09-23T08:41:54.000,Central Asia Metals PLC,CAML,MSC,Miscellaneous,Adjournment of the Second Court Hearing,9834V,17801108,167.8,-1.525821596244131,,[summary failed: HTTP Error 400: Bad Request],,neutral,https://www.investegate.co.uk/announcement/rns/central-asia-metals--caml/adjournment-of-the-second-court-hearing/9786821
2026-09-23 09:39:07,2026-09-23T08:39:07.000,Pollen Street Group Limited,POLN,SPC,,Announcement regarding media speculation ,9829V,17801102,917,12.51533742331288,,[summary failed: HTTP Error 400: Bad Request],,neutral,https://www.investegate.co.uk/announcement/rns/pollen-street--poln/announcement-regarding-media-speculation-/9786818
2026-09-23 09:38:40,2026-09-23T08:38:40.000,Genuit Group PLC,GEN,HOL,Holding(s) in company,Holding(s) in Company,9831V,17801101,265.6,-1.116902457185406,,,,,
2026-09-23 09:37:30,2026-09-23T08:37:30.000,IntegraFin Holdings plc,IHP,DSH,Director/PDMR shareholding,Director/PDMR Shareholding,9830V,17801100,367,-2.133333333333333,,[summary failed: HTTP Error 400: Bad Request],,neutral,https://www.investegate.co.uk/announcement/rns/integrafin-holding--ihp/director-pdmr-shareholding/9786814
2026-09-23 09:31:14,2026-09-23T08:31:14.000,Glenveagh Properties plc,GLV,HOL,Holding(s) in company,Holding(s) in Company,9824V,17801099,2.34,6.363636363636364,,[summary failed: HTTP Error 400: Bad Request],,neutral,https://www.investegate.co.uk/announcement/rns/glenveagh-properties-cdi---glv/holding-s-in-company/9786813
2026-09-23 09:24:16,2026-09-23T08:24:16.000,Triple Point Venture VCT PLC,TPV,DIV,Dividend declaration,Dividend Declaration,9693V,17801091,87,0.0,,,,,
2026-09-23 09:24:00,2026-09-23T08:24:00.000,The Lindsell Train Investment Trust plc,LTI,MSCL,,Monthly Report as at 31 August 2026,60923-4178,17801093,5.72,-0.6944444444444444,,[summary failed: HTTP Error 400: Bad Request],,neutral,https://www.investegate.co.uk/announcement/prn/lindsell-train-inv-trust--lti/monthly-report-as-at-31-august-2026/9786808
2026-09-23 09:22:53,2026-09-23T08:22:53.000,St. James's Place PLC,STJ,HOL,Holding(s) in company,Holding(s) in Company,9719V,17801089,1097,-1.878354203935599,,[summary failed: HTTP Error 400: Bad Request],,neutral,https://www.investegate.co.uk/announcement/rns/st-james-s-place--stj/holding-s-in-company/9786803
2026-09-23 09:21:00,2026-09-23T08:21:00.000,Wickes Group PLC,WIX,RDN,,Director Declaration,9819V,17801086,200.0,-3.381642512077295,,[summary failed: HTTP Error 400: Bad Request],,neutral,https://www.investegate.co.uk/announcement/rns/wickes-group--wix/director-declaration/9786799
2026-09-23 09:19:29,2026-09-23T08:19:29.000,Staffline Group PLC,STAF,DSH,Director/PDMR shareholding,Director/PDMR Shareholding,9818V,17801085,39.7,0.0,,[summary failed: HTTP Error 400: Bad Request],,neutral,https://www.investegate.co.uk/announcement/rns/staffline-group--staf/director-pdmr-shareholding/9786798
2026-09-23 09:15:00,2026-09-23T08:15:00.000,Rightmove Plc,RMV,HOL,Holding(s) in company,Holding(s) in Company,60922-3868,17801080,468,-3.425505571605448,,[summary failed: HTTP Error 400: Bad Request],,neutral,https://www.investegate.co.uk/announcement/prn/rightmove--rmv/holding-s-in-company/9786796
2026-09-23 09:14:14,2026-09-23T08:14:14.000,Brooks Macdonald Group PLC,BRK,HOL,Holding(s) in company,Holding(s) in Company,9736V,17801077,1580.0,-0.6289308176100629,,[summary failed: HTTP Error 400: Bad Request],,neutral,https://www.investegate.co.uk/announcement/rns/brooks-macdonald-group--brk/holding-s-in-company/9786791
2026-09-23 09:13:12,2026-09-23T08:13:12.000,Unite Group PLC (The),UTG,HOL,Holding(s) in company,Holding(s) in Company,9734V,17801075,464,-1.569792108612643,,[summary failed: HTTP Error 400: Bad Request],,neutral,https://www.investegate.co.uk/announcement/rns/unite-group--utg/holding-s-in-company/9786789
2026-09-23 09:05:13,2026-09-23T08:05:13.000,DFS Furniture plc,DFS,HOL,Holding(s) in company,Holding(s) in Company,9724V,17801063,145,4.316546762589928,,[summary failed: HTTP Error 400: Bad Request],,neutral,https://www.investegate.co.uk/announcement/rns/dfs-furniture--dfs/holding-s-in-company/9786777
2026-09-23 09:00:00,2026-09-23T08:00:00.000,GCP Infrastructure Investments Ltd,GCP,POS,Change of position,Transaction in Own Shares,8556V,17801060,84.5,-0.7050528789659224,,[summary failed: HTTP Error 400: Bad Request],,neutral,https://www.investegate.co.uk/announcement/rns/gcp-infrastructure-investments-ltd--gcp/transaction-in-own-shares/9786772
2026-09-23 09:00:00,2026-09-23T08:00:00.000,Premier African Minerals Limited,PREM,IR,Interim results,Half-year Financial Report,9703V,17801061,0.00625,0.0,,[summary failed: HTTP Error 400: Bad Request],,neutral,https://www.investegate.co.uk/announcement/rns/premier-african-minerals-ltd--prem/half-year-financial-report/9786773
2026-09-23 09:00:00,2026-09-23T08:00:00.000,B&M European Value Retail PLC,BME,BOA,Board appointment/change,Appointment of a Non-Executive Director,8507V,17801062,246.4,-2.144559173947577,,[summary failed: HTTP Error 400: Bad Request],,neutral,https://www.investegate.co.uk/announcement/rns/b-m-european-value-retail-s-a-di---bme/appointment-of-a-non-executive-director/9786774
2026-09-23 08:45:46,2026-09-23T07:45:46.000,Robert Walters PLC,RWA,HOL,Holding(s) in company,Holding(s) in Company,9709V,17801053,139.5,7.722007722007722,,[summary failed: HTTP Error 400: Bad Request],,neutral,https://www.investegate.co.uk/announcement/rns/robert-walters--rwa/holding-s-in-company/9786764
2026-09-23 08:44:00,2026-09-23T07:44:00.000,Artemis UK Future Leaders Plc,AFL,POS,Change of position,Transaction in Own Shares,60923-4157,17801051,390.0,0.3861003861003861,,[summary failed: HTTP Error 400: Bad Request],,neutral,https://www.investegate.co.uk/announcement/prn/artemis-uk-future-leaders-plc--afl/transaction-in-own-shares/9786766
2026-09-23 08:39:02,2026-09-23T07:39:02.000,Kazakhstan (Republic of),91VR,PSP,,Publication of a Supplementary Prospectus,9708V,17801046,105.354,,,[summary failed: HTTP Error 400: Bad Request],,neutral,https://www.investegate.co.uk/announcement/rns/the-republic-of-kazakhstan--91vr/publication-of-a-supplementary-prospectus/9786755
2026-09-23 08:36:48,2026-09-23T07:36:48.000,UBS AG,17WI,STA,,Pre Stabilisation Notice Rabobank GBP 10NC5 T2,9704V,17801044,,,,[summary failed: HTTP Error 400: Bad Request],,neutral,https://www.investegate.co.uk/announcement/rns/ubs-ag--17wi/pre-stabilisation-notice-rabobank-gbp-10nc5-t2/9786754
2026-09-23 08:36:09,2026-09-23T07:36:09.000,Deutsche Bank AG London,,STA,,Pre Stabilisation Notice - Ford EUR 3.1yr,9707V,17801043,,,,,,,
2026-09-23 08:35:05,2026-09-23T07:35:05.000,Journeo PLC,JNEO,HOL,Holding(s) in company,Holding(s) in Company,9705V,17801040,542,0.0,,[summary failed: HTTP Error 400: Bad Request],,neutral,https://www.investegate.co.uk/announcement/rns/journeo--jneo/holding-s-in-company/9786750
2026-09-23 08:30:00,2026-09-23T07:30:00.000,Geo Exploration Limited,GEO,NRA,,Gorge & Juno Gold Projects – Tom Harris Interview,8620V,17801034,0.0585,0.0,,[summary failed: HTTP Error 400: Bad Request],,neutral,https://www.investegate.co.uk/announcement/rns/geo-exploration-limited--geo/gorge-juno-gold-projects-tom-harris-interview/9786743
2026-09-23 08:30:00,2026-09-23T07:30:00.000,Eurocell plc,ECEL,DSH,Director/PDMR shareholding,Director/PDMR Shareholding,9690V,17801033,137,0.7352941176470588,,[summary failed: HTTP Error 400: Bad Request],,neutral,https://www.investegate.co.uk/announcement/rns/eurocell--ecel/director-pdmr-shareholding/9786742
2026-09-23 08:30:00,2026-09-23T07:30:00.000,Syncona Limited,SYNC,HOL,Holding(s) in company,Holding(s) in Company,9688V,17801032,117.8,1.551724137931034,,[summary failed: HTTP Error 400: Bad Request],,neutral,https://www.investegate.co.uk/announcement/rns/syncona-limited-npv--sync/holding-s-in-company/9786741
2026-09-23 08:30:00,2026-09-23T07:30:00.000,Keller Group PLC,KLR,HOL,Holding(s) in company,Holding(s) in Company,60922-3970,17801035,3284,-0.06086427267194157,,[summary failed: HTTP Error 400: Bad Request],,neutral,https://www.investegate.co.uk/announcement/prn/keller-group--klr/holding-s-in-company/9786747
2026-09-23 08:21:24,2026-09-23T07:21:24.000,"Deutsche Bank AG, Frankfurt",,STA,,Pre Stabilisation Notice - Bayer EUR 30NC6 & 30NC9,9696V,17800949,,,,,,,
2026-09-23 08:20:23,2026-09-23T07:20:23.000,Inter-American Development Bank,93TH,IOD,Issue of debt,Issue of Debt,9695V,17800948,,,,[summary failed: HTTP Error 400: Bad Request],,neutral,https://www.investegate.co.uk/announcement/rns/inter-american-development-bank--93th/issue-of-debt/9786658
2026-09-23 08:00:00,2026-09-23T07:00:00.000,Essentra plc,ESNT,HOL,Holding(s) in company,Holding(s) in Company,8630V,17800818,109.6,0.5504587155963303,,[summary failed: HTTP Error 400: Bad Request],,neutral,https://www.investegate.co.uk/announcement/rns/essentra--esnt/holding-s-in-company/9786524
2026-09-23 08:00:00,2026-09-23T07:00:00.000,Ampeak Energy Limited,AMP,BOA,Board appointment/change,CEO Succession,8506V,17800817,2.2,-4.347826086956522,,[summary failed: HTTP Error 400: Bad Request],,neutral,https://www.investegate.co.uk/announcement/rns/ampeak-energy-limited--amp/ceo-succession/9786523
2026-09-23 07:52:52,2026-09-23T06:52:52.000,ING Bank N.V. London Branch,,STA,,Post-Stabilisation notice Dufry One B.V. ,9583V,17800811,,,,,,,
2026-09-23 07:45:00,2026-09-23T06:45:00.000,TotalEnergies SE,TTE,MSCL,,Nigeria: TotalEnergies Launches the Ima Gas Development to Supply Nigeria LNG Liquefaction Plant,0922736436,17800730,79.75,1.916932907348243,,[summary failed: HTTP Error 400: Bad Request],,neutral,https://www.investegate.co.uk/announcement/bzw/totalenergies-se--tte/nigeria-totalenergies-launches-the-ima-gas-d-/9786436
2026-09-23 07:37:56,2026-09-23T06:37:56.000,Card Factory PLC,CARD,HOL,Holding(s) in company,Holding(s) in Company,9575V,17800727,71.3,0.0,,[summary failed: HTTP Error 400: Bad Request],,neutral,https://www.investegate.co.uk/announcement/rns/card-factory--card/holding-s-in-company/9786431
2026-09-23 07:30:03,2026-09-23T06:30:03.000,Financial Conduct Authority,,SUS,Suspension,Suspension - PACIFIC ASSETS TRUST PLC,2403222_en,17800723,,,,,,,
2026-09-23 07:30:00,2026-09-23T06:30:00.000,NCC Group PLC,NCC,POS,Change of position,Transaction in Own Shares,8521V,17800721,138.8,3.582089552238806,,[summary failed: HTTP Error 400: Bad Request],,neutral,https://www.investegate.co.uk/announcement/rns/ncc-group--ncc/transaction-in-own-shares/9786422
2026-09-23 07:08:52,2026-09-23T06:08:52.000,Reabold Resources PLC,RBD,MSC,Miscellaneous,Reabold Notes Beacon Announcement,9498V,17800219,64.5,0.0,,[summary failed: HTTP Error 400: Bad Request],,neutral,https://www.investegate.co.uk/announcement/rns/reabold-resources--rbd/reabold-notes-beacon-announcement/9785918
2026-09-23 07:05:00,2026-09-23T06:05:00.000,Strategic Equity Capital Plc,SEC,DIV,Dividend declaration,Dividend Declaration,60922-3959,17800218,396,-0.2518891687657431,,[summary failed: HTTP Error 400: Bad Request],,neutral,https://www.investegate.co.uk/announcement/prn/strategic-equity-capital--sec/dividend-declaration/9785917
2026-09-23 07:02:01,2026-09-23T06:02:01.000,Airtel Africa PLC,AAF,ITF,,Airtel Money Intention to Float Announcement ,9488V,17800167,310.2,-0.5769230769230769,,[summary failed: HTTP Error 400: Bad Request],,neutral,https://www.investegate.co.uk/announcement/rns/airtel-africa--aaf/airtel-money-intention-to-float-announcement-/9785842
2026-09-23 07:01:01,2026-09-23T06:01:01.000,Judges Scientific PLC,JDG,BOA,Board appointment/change,Board change,8477V,17800108,3720.0,-1.846965699208443,,[summary failed: HTTP Error 400: Bad Request],,neutral,https://www.investegate.co.uk/announcement/rns/judges-scientific--jdg/board-change/9785787
2026-09-23 07:01:01,2026-09-23T06:01:01.000,B.P. Marsh & Partners PLC,BPM,POS,Change of position,Purchase of Own Shares and Total Voting Rights,8674V,17800107,653,-0.6088280060882801,,[summary failed: HTTP Error 400: Bad Request],,neutral,https://www.investegate.co.uk/announcement/rns/b-p-marsh-partners--bpm/purchase-of-own-shares-and-total-voting-rights/9785786
2026-09-23 07:01:00,2026-09-23T06:01:00.000,NB Private Equity Partners Limited,NBPE,BOA,Board appointment/change,NBPE Announces Appointment of New Non-Executive Director and Chairman Designate,1274085-en,17800122,1458,0.9695290858725762,,[summary failed: HTTP Error 400: Bad Request],,neutral,https://www.investegate.co.uk/announcement/gnw/neuberger-private-equity-partners-limited--nbpe/nbpe-announces-appointment-of-new-non-executi-/9785889
2026-09-23 07:00:05,2026-09-23T06:00:05.000,Ecclesiastical Insurance Office PLC,ELLA,BOA,Board appointment/change,Directorate change,8707V,17799962,137.5,0.9174311926605505,,[summary failed: HTTP Error 400: Bad Request],,neutral,https://www.investegate.co.uk/announcement/rns/ecclesiastical-insurance-office-plc--ella/directorate-change/9785667
2026-09-23 07:00:05,2026-09-23T06:00:05.000,Portmeirion Group PLC,PMP,MSC,Miscellaneous,Update on Proposed Name Change to Spode Group PLC ,8655V,17799967,51,0.0,,[summary failed: HTTP Error 400: Bad Request],,neutral,https://www.investegate.co.uk/announcement/rns/portmeirion-group--pmp/update-on-proposed-name-change-to-spode-group-plc-/9785672
2026-09-23 07:00:04,2026-09-23T06:00:04.000,Caledonia Mining Corporation PLC,CMCL,HOL,Holding(s) in company,Holding(s) in Company,8450V,17799918,1830.0,1.385041551246537,,[summary failed: HTTP Error 400: Bad Request],,neutral,https://www.investegate.co.uk/announcement/rns/caledonia-mining-corporation-di---cmcl/holding-s-in-company/9785623
2026-09-23 07:00:04,2026-09-23T06:00:04.000,Globalworth Real Estate Inv Ltd,GWI,FUR,,Issue of Scrip Dividend Shares & Admission to AIM ,9491V,17799917,1.595,-0.3125,,[summary failed: HTTP Error 400: Bad Request],,neutral,https://www.investegate.co.uk/announcement/rns/globalworth-real-estate-investments-limited--gwi/issue-of-scrip-dividend-shares-admission-to-aim-/9785622
2026-09-23 07:00:04,2026-09-23T06:00:04.000,Savannah Resources PLC,SAV,ROI,Result of issue,Result of Accelerated Bookbuild and Subscription,9489V,17799916,5.82,,,[summary failed: HTTP Error 400: Bad Request],,neutral,https://www.investegate.co.uk/announcement/rns/savannah-resources--sav/result-of-accelerated-bookbuild-and-subscription/9785621
2026-09-23 07:00:04,2026-09-23T06:00:04.000,Nexus Infrastructure PLC,NEXS,TST,Trading statement,Pre-close Trading update and Board change,8795V,17799915,94,-8.737864077669903,,[summary failed: HTTP Error 400: Bad Request],,neutral,https://www.investegate.co.uk/announcement/rns/nexus-infrastructure--nexs/pre-close-trading-update-and-board-change/9785620
2026-09-23 07:00:04,2026-09-23T06:00:04.000,TruFin PLC,TRU,DSH,Director/PDMR shareholding,Director/PDMR Shareholding,8531V,17799919,97,-3.0,,[summary failed: HTTP Error 400: Bad Request],,neutral,https://www.investegate.co.uk/announcement/rns/trufin--tru/director-pdmr-shareholding/9785624
2026-09-23 07:00:04,2026-09-23T06:00:04.000,Pharos Energy PLC,PHAR,IR,Interim results,2026 Interim Results,8734V,17799913,29.8,-0.6666666666666667,,[summary failed: HTTP Error 400: Bad Request],,neutral,https://www.investegate.co.uk/announcement/rns/pharos-energy--phar/2026-interim-results/9785618
2026-09-23 07:00:04,2026-09-23T06:00:04.000,Cordiant Digital Infrastructure Ltd,CORD,TST,Trading statement,First Quarter Trading Update,8732V,17799911,125,-1.185770750988142,,[summary failed: HTTP Error 400: Bad Request],,neutral,https://www.investegate.co.uk/announcement/rns/cordiant-digital-infrastructure-limited-npv--cord/first-quarter-trading-update/9785617
2026-09-23 07:00:04,2026-09-23T06:00:04.000,Sherborne Investors (Guernsey)C Ltd,SIGC,IR,Interim results,Half-year Financial Report,8731V,17799910,30.5,0.0,,[summary failed: HTTP Error 400: Bad Request],,neutral,https://www.investegate.co.uk/announcement/rns/sherborne-investors-guernsey-c-limited-npv--sigc/half-year-financial-report/9785616
2026-09-23 07:00:04,2026-09-23T06:00:04.000,Aurrigo International PLC,AURR,IR,Interim results,Interim results for the six months to 30 June 2026,8786V,17799914,112.5,-7.407407407407407,,[summary failed: HTTP Error 400: Bad Request],,neutral,https://www.investegate.co.uk/announcement/rns/aurrigo-international--aurr/interim-results-for-the-six-months-to-30-june-2026/9785619
2026-09-23 07:00:04,2026-09-23T06:00:04.000,Intercede Group PLC,IGP,DSH,Director/PDMR shareholding,Director/PDMR Shareholding,8611V,17799920,125,4.602510460251046,,[summary failed: HTTP Error 400: Bad Request],,neutral,https://www.investegate.co.uk/announcement/rns/intercede-group--igp/director-pdmr-shareholding/9785625
2026-09-23 07:00:04,2026-09-23T06:00:04.000,Gelion PLC,GELN,MSC,Miscellaneous,Patents Update,8709V,17799949,14.25,-1.724137931034483,,[summary failed: HTTP Error 400: Bad Request],,neutral,https://www.investegate.co.uk/announcement/rns/gelion--geln/patents-update/9785654
2026-09-23 07:00:04,2026-09-23T06:00:04.000,First Property Group PLC,FPO,DSH,Director/PDMR shareholding,Share purchase by Associate & Director holding,8671V,17799923,14.75,0.0,,[summary failed: HTTP Error 400: Bad Request],,neutral,https://www.investegate.co.uk/announcement/rns/first-property-group--fpo/share-purchase-by-associate-director-holding/9785628
2026-09-23 07:00:04,2026-09-23T06:00:04.000,Target Healthcare REIT PLC,THRL,DSH,Director/PDMR shareholding,Director/PDMR Shareholding,8673V,17799924,113,-0.8771929824561404,,[summary failed: HTTP Error 400: Bad Request],,neutral,https://www.investegate.co.uk/announcement/rns/target-healthcare-reit-ltd--thrl/director-pdmr-shareholding/9785629
2026-09-23 07:00:04,2026-09-23T06:00:04.000,WPP PLC,WPP,BOA,Board appointment/change,Directorate change - CFO Succession,8690V,17799925,387,0.6501950585175553,,[summary failed: HTTP Error 400: Bad Request],,neutral,https://www.investegate.co.uk/announcement/rns/wpp--wpp/directorate-change-cfo-succession/9785630
2026-09-23 07:00:04,2026-09-23T06:00:04.000,Pearson PLC,PSON,BOA,Board appointment/change,Directorate change,8717V,17799926,1203,0.4173622704507513,,[summary failed: HTTP Error 400: Bad Request],,neutral,https://www.investegate.co.uk/announcement/rns/pearson--pson/directorate-change/9785631
2026-09-23 07:00:04,2026-09-23T06:00:04.000,Diageo PLC,DGE,BOA,Board appointment/change,Directorate change,8726V,17799928,1620.5,-1.098565761367104,,[summary failed: HTTP Error 400: Bad Request],,neutral,https://www.investegate.co.uk/announcement/rns/diageo--dge/directorate-change/9785633
2026-09-23 07:00:04,2026-09-23T06:00:04.000,Airtel Mobile Commerce N.V.,,ITF,,Airtel Mobile Commerce N.V. Intention to Float,9490V,17799936,,,,,,,
2026-09-23 07:00:04,2026-09-23T06:00:04.000,Target Healthcare REIT PLC,THRL,MSC,Miscellaneous,Investor Presentation via Investor Meet Company,8333V,17799937,113,-0.8771929824561404,,[summary failed: HTTP Error 400: Bad Request],,neutral,https://www.investegate.co.uk/announcement/rns/target-healthcare-reit-ltd--thrl/investor-presentation-via-investor-meet-company/9785642
2026-09-23 07:00:04,2026-09-23T06:00:04.000,B.P. Marsh & Partners PLC,BPM,NOR,Notice of results,Notice of HY Results and Investor Presentation,8400V,17799938,653,-0.6088280060882801,,[summary failed: HTTP Error 400: Bad Request],,neutral,https://www.investegate.co.uk/announcement/rns/b-p-marsh-partners--bpm/notice-of-hy-results-and-investor-presentation/9785643
2026-09-23 07:00:04,2026-09-23T06:00:04.000,Seascape Energy Asia PLC,SEA,NOR,Notice of results,Notice of Results and Investor Presentation,8483V,17799939,97,-0.8179959100204499,,[summary failed: HTTP Error 400: Bad Request],,neutral,https://www.investegate.co.uk/announcement/rns/seascape-energy-asia-plc--sea/notice-of-results-and-investor-presentation/9785644
2026-09-23 07:00:04,2026-09-23T06:00:04.000,Bradda Head Lithium Ltd,BHL,NOA,Notice of AGM,Notice of 2026 Annual General Meeting,8513V,17799940,1.8,0.0,,[summary failed: HTTP Error 400: Bad Request],,neutral,https://www.investegate.co.uk/announcement/rns/bradda-head-lithium-limited-npv-di---bhl/notice-of-2026-annual-general-meeting/9785645
2026-09-23 07:00:04,2026-09-23T06:00:04.000,Novacyt S.A.,NCYT,NOR,Notice of results,Notice of Results,8532V,17799941,41.9,-1.179245283018868,,[summary failed: HTTP Error 400: Bad Request],,neutral,https://www.investegate.co.uk/announcement/rns/novacyt-s-a-cdi---ncyt/notice-of-results/9785646
2026-09-23 07:00:04,2026-09-23T06:00:04.000,Workspace Group PLC,WKP,MSC,Miscellaneous,Block Listing Application,8543V,17799943,356,-1.657458563535912,,[summary failed: HTTP Error 400: Bad Request],,neutral,https://www.investegate.co.uk/announcement/rns/workspace-group--wkp/block-listing-application/9785648
2026-09-23 07:00:04,2026-09-23T06:00:04.000,Mendell Helium PLC,MDH,MSC,Miscellaneous,Rost 2-26 recent gas sample records 11.5% helium,8560V,17799944,4.35,-7.446808510638298,,[summary failed: HTTP Error 400: Bad Request],,neutral,https://www.investegate.co.uk/announcement/rns/mendell-helium-plc--mdh/rost-2-26-recent-gas-sample-records-11-5-helium/9785649
2026-09-23 07:00:04,2026-09-23T06:00:04.000,NAHL Group PLC,NAH,NOR,Notice of results,Notice of Interim Results & Investor Presentation,8613V,17799945,37,2.777777777777778,,[summary failed: HTTP Error 400: Bad Request],,neutral,https://www.investegate.co.uk/announcement/rns/nahl-group--nah/notice-of-interim-results-investor-presentation/9785650
2026-09-23 07:00:04,2026-09-23T06:00:04.000,Tritax Big Box REIT plc,BBOX,MSC,Miscellaneous,1 million sq ft logistics facility and pre-let ,8643V,17799946,147,-1.342281879194631,,[summary failed: HTTP Error 400: Bad Request],,neutral,https://www.investegate.co.uk/announcement/rns/tritax-big-box-reit--bbox/1-million-sq-ft-logistics-facility-and-pre-let-/9785651
2026-09-23 07:00:04,2026-09-23T06:00:04.000,AstraZeneca PLC,AZN,MSC,Miscellaneous,Trixeo approved in EU for asthma,8647V,17799947,12430.0,-1.909722222222222,,[summary failed: HTTP Error 400: Bad Request],,neutral,https://www.investegate.co.uk/announcement/rns/astrazeneca--azn/trixeo-approved-in-eu-for-asthma/9785652
2026-09-23 07:00:04,2026-09-23T06:00:04.000,ACG Metals Limited,ACG,NOA,Notice of AGM,2026 Annual General Meeting,8686V,17799948,1890.0,0.8,,[summary failed: HTTP Error 400: Bad Request],,neutral,https://www.investegate.co.uk/announcement/rns/acg-acquisition-company-limited-cls-a-npv-di---acg/2026-annual-general-meeting/9785653
2026-09-23 07:00:04,2026-09-23T06:00:04.000,Johnson Service Group PLC,JSG,HOL,Holding(s) in company,Holding(s) in Company,8659V,17799922,137.9,0.804093567251462,,[summary failed: HTTP Error 400: Bad Request],,neutral,https://www.investegate.co.uk/announcement/rns/johnson-service-group--jsg/holding-s-in-company/9785627
2026-09-23 07:00:04,2026-09-23T06:00:04.000,Neoterra Group PLC,TERA,MSC,Miscellaneous,Extension of CCL Debt Facility,8718V,17799951,1.55,-8.823529411764707,,[summary failed: HTTP Error 400: Bad Request],,neutral,https://www.investegate.co.uk/announcement/rns/neoterra-group--tera/extension-of-ccl-debt-facility/9785656
2026-09-23 07:00:04,2026-09-23T06:00:04.000,Arkadian Strategic Metals PLC,AKN,NRA,,Arkadian: US-Greenland deal may aid Motzfeldt,9495V,17799960,0.012,3.448275862068966,,[summary failed: HTTP Error 400: Bad Request],,neutral,https://www.investegate.co.uk/announcement/rns/arkadian-strategic-metals-plc--akn/arkadian-us-greenland-deal-may-aid-motzfeldt/9785665
2026-09-23 07:00:04,2026-09-23T06:00:04.000,Greatland Resources Limited,GGP,NRA,,Corporate Presentation – September 2026 ,9494V,17799959,582,0.9540329575021683,,[summary failed: HTTP Error 400: Bad Request],,neutral,https://www.investegate.co.uk/announcement/rns/greatland-gold--ggp/corporate-presentation-september-2026-/9785664
2026-09-23 07:00:04,2026-09-23T06:00:04.000,Fermi Inc.,FRMI,NRA,,Fermi and TensorWave Agree to Extend Closing Date,8680V,17799958,4.965,-0.6006006006006006,,,,,
2026-09-23 07:00:04,2026-09-23T06:00:04.000,Potentially AI PLC,AGI,NRA,,Q&A with Company co-founder and app demonstration,8641V,17799957,5.75,9.523809523809524,,[summary failed: HTTP Error 400: Bad Request],,neutral,https://www.investegate.co.uk/announcement/rns/potentially-ai-plc--agi/q-a-with-company-co-founder-and-app-demonstration/9785662
2026-09-23 07:00:04,2026-09-23T06:00:04.000,Boku Inc,BOKU,NRA,,Boku appoints Karim Ahmad as Chief Product Officer,7852V,17799956,132,7.317073170731707,,[summary failed: HTTP Error 400: Bad Request],,neutral,https://www.investegate.co.uk/announcement/rns/boku-inc-di-reg-s-cat-3-144a--boku/boku-appoints-karim-ahmad-as-chief-product-officer/9785661
2026-09-23 07:00:04,2026-09-23T06:00:04.000,Berkeley Energia Limited,BKY,NOA,Notice of AGM,Date of Annual General Meeting ,8979V,17799955,26,0.0,,[summary failed: HTTP Error 400: Bad Request],,neutral,https://www.investegate.co.uk/announcement/rns/berkeley-energia-limited-di---bky/date-of-annual-general-meeting-/9785660
2026-09-23 07:00:04,2026-09-23T06:00:04.000,Sovereign Metals Limited,SVML,NOA,Notice of AGM,Date of Annual General Meeting,8789V,17799954,26.5,0.0,,[summary failed: HTTP Error 400: Bad Request],,neutral,https://www.investegate.co.uk/announcement/rns/sovereign-metals-limited-npv-di---svml/date-of-annual-general-meeting/9785659
2026-09-23 07:00:04,2026-09-23T06:00:04.000,McBride PLC,MCB,MSC,Miscellaneous,Redemption of B Shares,8710V,17799950,175.4,-2.986725663716814,,[summary failed: HTTP Error 400: Bad Request],,neutral,https://www.investegate.co.uk/announcement/rns/mcbride--mcb/redemption-of-b-shares/9785655
2026-09-23 07:00:04,2026-09-23T06:00:04.000,R.E.A. Holdings plc,RE.,IR,Interim results,R.E.A. Holdings plc: Half yearly results,2403448_en,17800133,121,-2.811244979919679,,,,,
2026-09-23 07:00:04,2026-09-23T06:00:04.000,Ondine Biomedical Inc.,OBI,MSC,Miscellaneous,Steriwave Deploys in 5 Southern Ontario Hospitals,8725V,17799952,10.75,0.0,,[summary failed: HTTP Error 400: Bad Request],,neutral,https://www.investegate.co.uk/announcement/rns/ondine-biomedical-inc-npv-cdi---obi/steriwave-deploys-in-5-southern-ontario-hospitals/9785657
2026-09-23 07:00:04,2026-09-23T06:00:04.000,Orosur Mining Inc,OMI,MSC,Miscellaneous,Private Placement for Gross Proceeds up to C$14m,8733V,17799953,16.7,-16.5,,[summary failed: HTTP Error 400: Bad Request],,neutral,https://www.investegate.co.uk/announcement/rns/orosur-mining-inc--omi/private-placement-for-gross-proceeds-up-to-c-14m/9785658
2026-09-23 07:00:03,2026-09-23T06:00:03.000,Beacon Energy PLC,BCE,UPD,,Update on well integrity & testing at Colle Santo,8663V,17799888,2.86,-12.0,,[summary failed: HTTP Error 400: Bad Request],,neutral,https://www.investegate.co.uk/announcement/rns/beacon-energy-npv--bce/update-on-well-integrity-testing-at-colle-santo/9785593
2026-09-23 07:00:03,2026-09-23T06:00:03.000,BSF Enterprise PLC,BSFA,UPD,,Key US patent for ETSYL Technology ,8660V,17799887,1.125,18.42105263157895,,[summary failed: HTTP Error 400: Bad Request],,neutral,https://www.investegate.co.uk/announcement/rns/bsf-enterprise--bsfa/key-us-patent-for-etsyl-technology-/9785592
2026-09-23 07:00:03,2026-09-23T06:00:03.000,Kavango Resources PLC,KAV,IR,Interim results,Unaudited Interim Results,8657V,17799886,0.675,-3.571428571428571,,[summary failed: HTTP Error 400: Bad Request],,neutral,https://www.investegate.co.uk/announcement/rns/kavango-resources--kav/unaudited-interim-results/9785590
2026-09-23 07:00:03,2026-09-23T06:00:03.000,AEP Plantations PLC,AEP,POS,Change of position,Transaction in Own Shares,8658V,17799885,208.5,2.70935960591133,,[summary failed: HTTP Error 400: Bad Request],,neutral,https://www.investegate.co.uk/announcement/rns/anglo-eastern-plantations--aep/transaction-in-own-shares/9785591
2026-09-23 07:00:03,2026-09-23T06:00:03.000,Tern PLC,TERN,ROI,Result of issue,Results of Open Offer and Total Voting Rights ,8656V,17799884,0.925,0.0,,[summary failed: HTTP Error 400: Bad Request],,neutral,https://www.investegate.co.uk/announcement/rns/tern--tern/results-of-open-offer-and-total-voting-rights-/9785589
2026-09-23 07:00:03,2026-09-23T06:00:03.000,Portmeirion Group PLC,PMP,IR,Interim results,Interim Results For Six Months Ended 30 June 2026,8650V,17799883,51,0.0,,[summary failed: HTTP Error 400: Bad Request],,neutral,https://www.investegate.co.uk/announcement/rns/portmeirion-group--pmp/interim-results-for-six-months-ended-30-june-2026/9785588
2026-09-23 07:00:03,2026-09-23T06:00:03.000,International Workplace Group PLC,IWG,POS,Change of position,Transaction in Own Shares,8645V,17799882,176.4,0.398406374501992,,[summary failed: HTTP Error 400: Bad Request],,neutral,https://www.investegate.co.uk/announcement/rns/iwg--iwg/transaction-in-own-shares/9785586
2026-09-23 07:00:03,2026-09-23T06:00:03.000,CT Healthcare Trust PLC,CTHT,POS,Change of position,Transaction in Own Shares,8649V,17799881,125.8,-3.230769230769231,,[summary failed: HTTP Error 400: Bad Request],,neutral,https://www.investegate.co.uk/announcement/rns/ct-healthcare-trust-plc--ctht/transaction-in-own-shares/9785587
2026-09-23 07:00:03,2026-09-23T06:00:03.000,BTG Consulting PLC,BTG,ACQ,Acquisition,Acquisition,8722V,17799907,116,1.754385964912281,,[summary failed: HTTP Error 400: Bad Request],,neutral,https://www.investegate.co.uk/announcement/rns/btg-consulting-plc--btg/acquisition/9785612
2026-09-23 07:00:03,2026-09-23T06:00:03.000,Lexington Gold Limited,LEX,IR,Interim results,Interim Results,8675V,17799890,2.45,-7.547169811320755,,[summary failed: HTTP Error 400: Bad Request],,neutral,https://www.investegate.co.uk/announcement/rns/lexington-gold-ltd-di---lex/interim-results/9785596
2026-09-23 07:00:03,2026-09-23T06:00:03.000,Aminex PLC,AEX,UPD,,Ntorya Operations Update,8676V,17799891,2.05,5.128205128205128,,[summary failed: HTTP Error 400: Bad Request],,neutral,https://www.investegate.co.uk/announcement/rns/aminex-cdi---aex/ntorya-operations-update/9785597
2026-09-23 07:00:03,2026-09-23T06:00:03.000,Renishaw PLC,RSW,FR,Final results,Final Results,8669V,17799892,5565,0.5420054200542005,,[summary failed: HTTP Error 400: Bad Request],,neutral,https://www.investegate.co.uk/announcement/rns/renishaw--rsw/final-results/9785594
2026-09-23 07:00:03,2026-09-23T06:00:03.000,Plus500 Limited,PLUS,POS,Change of position,Transaction in Own Shares,8677V,17799893,3436,-2.607709750566893,,[summary failed: HTTP Error 400: Bad Request],,neutral,https://www.investegate.co.uk/announcement/rns/plus500-ltd-di---plus/transaction-in-own-shares/9785598
2026-09-23 07:00:03,2026-09-23T06:00:03.000,PetroTal Corp.,PTAL,UPD,,Bretana Development Drilling Resumes,8678V,17799894,29.5,0.0,,[summary failed: HTTP Error 400: Bad Request],,neutral,https://www.investegate.co.uk/announcement/rns/petrotal-corporation-npv-di---ptal/bretana-development-drilling-resumes/9785599
2026-09-23 07:00:03,2026-09-23T06:00:03.000,Gresham House Energy Storage Fund,GRID,IR,Interim results,Interim Results for period ended 30 June 2026,8679V,17799895,97,0.2066115702479339,,[summary failed: HTTP Error 400: Bad Request],,neutral,https://www.investegate.co.uk/announcement/rns/gresham-house-energy-storage-fund--grid/interim-results-for-period-ended-30-june-2026/9785600
2026-09-23 07:00:03,2026-09-23T06:00:03.000,InterContinental Hotels Group PLC,IHG,POS,Change of position,Transaction in Own Shares,8681V,17799896,156.45,1.524983776768332,,[summary failed: HTTP Error 400: Bad Request],,neutral,https://www.investegate.co.uk/announcement/rns/intercontinental-hotels-group--ihg/transaction-in-own-shares/9785601
2026-09-23 07:00:03,2026-09-23T06:00:03.000,Andrews Sykes Group PLC,ASY,IR,Interim results,Half-year Report,8682V,17799897,540.0,0.0,,[summary failed: HTTP Error 400: Bad Request],,neutral,https://www.investegate.co.uk/announcement/rns/andrews-sykes-group--asy/half-year-report/9785602
2026-09-23 07:00:03,2026-09-23T06:00:03.000,Pantheon Infrastructure PLC,PINT,IR,Interim results,Half-year Report,8689V,17799898,117.2,0.5145797598627787,,[summary failed: HTTP Error 400: Bad Request],,neutral,https://www.investegate.co.uk/announcement/rns/pantheon-infrastructure--pint/half-year-report/9785603
2026-09-23 07:00:03,2026-09-23T06:00:03.000,Metir PLC,MET,UPD,,PFAS Development and Commercial Update,8692V,17799899,0.65,-3.703703703703704,,[summary failed: HTTP Error 400: Bad Request],,neutral,https://www.investegate.co.uk/announcement/rns/metir-plc--met/pfas-development-and-commercial-update/9785604
2026-09-23 07:00:03,2026-09-23T06:00:03.000,Tungsten West PLC,TUN,AGR,,Strategic Tungsten Supply and Offtake Agreement,8695V,17799900,46.7,4.943820224719101,,[summary failed: HTTP Error 400: Bad Request],,neutral,https://www.investegate.co.uk/announcement/rns/tungsten-west--tun/strategic-tungsten-supply-and-offtake-agreement/9785605
2026-09-23 07:00:03,2026-09-23T06:00:03.000,Kooth PLC,KOO,IR,Interim results,Unaudited Half Year Results,8702V,17799901,170.0,-3.409090909090909,,[summary failed: HTTP Error 400: Bad Request],,neutral,https://www.investegate.co.uk/announcement/rns/kooth--koo/unaudited-half-year-results/9785606
2026-09-23 07:00:03,2026-09-23T06:00:03.000,Shuka Minerals PLC,SKA,DRL,Drilling/exploration,Kabwe Drilling (“KBDD01-05”) Results,8706V,17799902,3.7,-2.631578947368421,,[summary failed: HTTP Error 400: Bad Request],,neutral,https://www.investegate.co.uk/announcement/rns/shuka-minerals--ska/kabwe-drilling-kbdd01-05-results/9785608
2026-09-23 07:00:03,2026-09-23T06:00:03.000,Sylvania Platinum Limited,SLP,POS,Change of position,Share Buyback Update,8708V,17799903,95,-3.061224489795918,,[summary failed: HTTP Error 400: Bad Request],,neutral,https://www.investegate.co.uk/announcement/rns/sylvania-platinum-ltd-di---slp/share-buyback-update/9785609
2026-09-23 07:00:03,2026-09-23T06:00:03.000,AO World plc,AO.,POS,Change of position,Transaction in Own Shares,8704V,17799904,93,-0.4282655246252677,,,,,
2026-09-23 07:00:03,2026-09-23T06:00:03.000,Zinc Media Group PLC,ZIN,IR,Interim results,Interim results,8711V,17799905,50.8,-10.08849557522124,,[summary failed: HTTP Error 400: Bad Request],,neutral,https://www.investegate.co.uk/announcement/rns/zinc-media-group--zin/interim-results/9785610
2026-09-23 07:00:03,2026-09-23T06:00:03.000,Great Western Mining Corp. plc,GWMO,DRL,Drilling/exploration,Completion of Drilling: Defender Tungsten Project,8712V,17799906,3.45,-13.75,,[summary failed: HTTP Error 400: Bad Request],,neutral,https://www.investegate.co.uk/announcement/rns/great-western-mining-corporation-cdi---gwmo/completion-of-drilling-defender-tungsten-project/9785611
2026-09-23 07:00:03,2026-09-23T06:00:03.000,Chapel Down Group PLC,CDGP,IR,Interim results,Unaudited results for the period ended 30/06/2026,8670V,17799889,48.5,5.434782608695652,,[summary failed: HTTP Error 400: Bad Request],,neutral,https://www.investegate.co.uk/announcement/rns/chapel-down-group--cdgp/unaudited-results-for-the-period-ended-30-06-2026/9785595
2026-09-23 07:00:03,2026-09-23T06:00:03.000,AJ Bell PLC,AJB,POS,Change of position,Transaction in Own Shares,8729V,17799912,578,-2.857142857142857,,[summary failed: HTTP Error 400: Bad Request],,neutral,https://www.investegate.co.uk/announcement/rns/aj-bell--ajb/transaction-in-own-shares/9785615
2026-09-23 07:00:03,2026-09-23T06:00:03.000,Boku Inc,BOKU,IR,Interim results,Interim Results,8724V,17799909,132,7.317073170731707,,[summary failed: HTTP Error 400: Bad Request],,neutral,https://www.investegate.co.uk/announcement/rns/boku-inc-di-reg-s-cat-3-144a--boku/interim-results/9785613
2026-09-23 07:00:03,2026-09-23T06:00:03.000,Zephyr Energy PLC,ZPHR,UPD,,Q2 non-operated production,8728V,17799908,3.1,3.333333333333333,,[summary failed: HTTP Error 400: Bad Request],,neutral,https://www.investegate.co.uk/announcement/rns/zephyr-energy--zphr/q2-non-operated-production/9785614
2026-09-23 07:00:03,2026-09-23T06:00:03.000,Cairn Homes plc,CRN,POS,Change of position,Cairn Homes Plc: Transaction in Own Shares,2403486_en,17800136,230.5,-0.646551724137931,,[summary failed: HTTP Error 400: Bad Request],,neutral,https://www.investegate.co.uk/announcement/eqs/cairn-homes-cdi---crn/cairn-homes-plc-transaction-in-own-shares/9785892
2026-09-23 07:00:02,2026-09-23T06:00:02.000,CVC Income & Growth Limited,CVCE,IR,Interim results,2026 Interim Financial Report,8138V,17799847,1.08,0.0,,,,,
2026-09-23 07:00:02,2026-09-23T06:00:02.000,Big Yellow Group PLC,BYG,DIS,Disposal,Disposal of Bracknell Industrial Estate ,8481V,17799848,820.0,-1.204819277108434,,[summary failed: HTTP Error 400: Bad Request],,neutral,https://www.investegate.co.uk/announcement/rns/big-yellow-group--byg/disposal-of-bracknell-industrial-estate-/9785545
2026-09-23 07:00:02,2026-09-23T06:00:02.000,Nativo Resources Plc,NTVO,IOE,Issue of equity,Equity Subscription Update,8484V,17799849,0.356,-8.717948717948717,,[summary failed: HTTP Error 400: Bad Request],,neutral,https://www.investegate.co.uk/announcement/rns/nativo-resources--ntvo/equity-subscription-update/9785546
2026-09-23 07:00:02,2026-09-23T06:00:02.000,GlobalData PLC,DATA,POS,Change of position,Transaction in Own Shares,8499V,17799851,59.5,-0.8333333333333333,,[summary failed: HTTP Error 400: Bad Request],,neutral,https://www.investegate.co.uk/announcement/rns/globaldata--data/transaction-in-own-shares/9785547
2026-09-23 07:00:02,2026-09-23T06:00:02.000,Renewables Infrastructure Grp (The),TRIG,POS,Change of position,Transaction in Own Shares,8522V,17799852,78.8,-0.3792667509481669,,[summary failed: HTTP Error 400: Bad Request],,neutral,https://www.investegate.co.uk/announcement/rns/the-renewables-infrastructure-group-limited--trig/transaction-in-own-shares/9785549
2026-09-23 07:00:02,2026-09-23T06:00:02.000,Partners Group Private Equity Ltd,PEY,POS,Change of position,Transaction in Own Shares,8524V,17799853,6.78,-2.586206896551724,,,,,
2026-09-23 07:00:02,2026-09-23T06:00:02.000,Edinburgh Investment Trust PLC,EDIN,POS,Change of position,Transaction in Own Shares,8534V,17799854,834,-0.9501187648456056,,[summary failed: HTTP Error 400: Bad Request],,neutral,https://www.investegate.co.uk/announcement/rns/edinburgh-inv-trust--edin/transaction-in-own-shares/9785551
2026-09-23 07:00:02,2026-09-23T06:00:02.000,Patria Private Equity Trust PLC,PPET,POS,Change of position,Transaction in Own Shares,8544V,17799855,598,0.0,,[summary failed: HTTP Error 400: Bad Request],,neutral,https://www.investegate.co.uk/announcement/rns/patria-private-equity-trust--ppet/transaction-in-own-shares/9785552
2026-09-23 07:00:02,2026-09-23T06:00:02.000,Autins Group PLC,AUTG,AGM,AGM statement,AGM Trading Update,8546V,17799856,12.5,-3.846153846153846,,[summary failed: HTTP Error 400: Bad Request],,neutral,https://www.investegate.co.uk/announcement/rns/autins-group--autg/agm-trading-update/9785562
2026-09-23 07:00:02,2026-09-23T06:00:02.000,Venture Life Group PLC,VLG,POS,Change of position,Transaction in Own Shares,8550V,17799857,68.2,0.0,,[summary failed: HTTP Error 400: Bad Request],,neutral,https://www.investegate.co.uk/announcement/rns/venture-life-group--vlg/transaction-in-own-shares/9785563
2026-09-23 07:00:02,2026-09-23T06:00:02.000,SDI Group PLC,SDI,TST,Trading statement,AGM Trading Update,8558V,17799858,91.5,-2.659574468085106,,[summary failed: HTTP Error 400: Bad Request],,neutral,https://www.investegate.co.uk/announcement/rns/sdi-group--sdi/agm-trading-update/9785564
2026-09-23 07:00:02,2026-09-23T06:00:02.000,MHA PLC,MHA,IOE,Issue of equity,MS UAE Completion Accounts & Issue of Equity,8373V,17799846,134.5,0.373134328358209,,[summary failed: HTTP Error 400: Bad Request],,neutral,https://www.investegate.co.uk/announcement/rns/mha-plc--mha/ms-uae-completion-accounts-issue-of-equity/9785543
2026-09-23 07:00:02,2026-09-23T06:00:02.000,Brown Advisory US Smaller Cos. PLC,BASC,FR,Final results,Annual Financial Report ,8452V,17799845,1570.0,-0.1589825119236884,,[summary failed: HTTP Error 400: Bad Request],,neutral,https://www.investegate.co.uk/announcement/rns/brown-advisory-us-smaller-companies--basc/annual-financial-report-/9785544
2026-09-23 07:00:02,2026-09-23T06:00:02.000,Axis Bank Limited,AXB,MSC,Miscellaneous,Update,9487V,17799844,64.2,-0.1555209953343701,,[summary failed: HTTP Error 400: Bad Request],,neutral,https://www.investegate.co.uk/announcement/rns/axis-bank-limited--axb/update/9785540
2026-09-23 07:00:02,2026-09-23T06:00:02.000,Ecclesiastical Insurance Office PLC,ELLA,IR,Interim results,Half-year Financial Report,8705V,17799831,137.5,0.9174311926605505,,[summary failed: HTTP Error 400: Bad Request],,neutral,https://www.investegate.co.uk/announcement/rns/ecclesiastical-insurance-office-plc--ella/half-year-financial-report/9785528
2026-09-23 07:00:02,2026-09-23T06:00:02.000,Rolls-Royce Holdings plc,RR.,POS,Change of position,Transaction in Own Shares,8041V,17799842,1503.2,1.44418949925766,,,,,
2026-09-23 07:00:02,2026-09-23T06:00:02.000,Grafton Group PLC,GFTU,POS,Change of position,Transaction in Own Shares,8562V,17799859,977.5,-0.468384074941452,,[summary failed: HTTP Error 400: Bad Request],,neutral,https://www.investegate.co.uk/announcement/rns/grafton-group-ut-cdi---gftu/transaction-in-own-shares/9785565
2026-09-23 07:00:02,2026-09-23T06:00:02.000,JD Sports Fashion PLC,JD.,IR,Interim results,HALF YEAR RESULTS 2026/27 ,8637V,17799878,74.22,-5.716463414634146,,,,,
2026-09-23 07:00:02,2026-09-23T06:00:02.000,Pantheon International PLC,PIN,POS,Change of position,Transaction in Own Shares,8572V,17799861,377,0.2659574468085106,,[summary failed: HTTP Error 400: Bad Request],,neutral,https://www.investegate.co.uk/announcement/rns/pantheon-international--pin/transaction-in-own-shares/9785567
2026-09-23 07:00:02,2026-09-23T06:00:02.000,Redcentric PLC,RCN,POS,Change of position,Transaction in Own Shares ,8584V,17799862,95,-2.564102564102564,,[summary failed: HTTP Error 400: Bad Request],,neutral,https://www.investegate.co.uk/announcement/rns/redcentric--rcn/transaction-in-own-shares-/9785568
2026-09-23 07:00:02,2026-09-23T06:00:02.000,KRM22 PLC,KRM,CNT,,New Customer Contract,8586V,17799863,34.5,4.545454545454545,,[summary failed: HTTP Error 400: Bad Request],,neutral,https://www.investegate.co.uk/announcement/rns/krm22--krm/new-customer-contract/9785569
2026-09-23 07:00:02,2026-09-23T06:00:02.000,Judges Scientific PLC,JDG,IR,Interim results,Interim Results,8587V,17799864,3720.0,-1.846965699208443,,[summary failed: HTTP Error 400: Bad Request],,neutral,https://www.investegate.co.uk/announcement/rns/judges-scientific--jdg/interim-results/9785570
2026-09-23 07:00:02,2026-09-23T06:00:02.000,Ampeak Energy Limited,AMP,IR,Interim results,Interim Results ,8589V,17799865,2.2,-4.347826086956522,,[summary failed: HTTP Error 400: Bad Request],,neutral,https://www.investegate.co.uk/announcement/rns/ampeak-energy-limited--amp/interim-results-/9785571
2026-09-23 07:00:02,2026-09-23T06:00:02.000,Experian plc,EXPN,POS,Change of position,Transaction in Own Shares,8590V,17799866,2684,0.3364485981308411,,[summary failed: HTTP Error 400: Bad Request],,neutral,https://www.investegate.co.uk/announcement/rns/experian--expn/transaction-in-own-shares/9785572
2026-09-23 07:00:02,2026-09-23T06:00:02.000,IMI PLC,IMI,POS,Change of position,Transaction in Own Shares,8594V,17799867,3114,0.1930501930501931,,[summary failed: HTTP Error 400: Bad Request],,neutral,https://www.investegate.co.uk/announcement/rns/imi--imi/transaction-in-own-shares/9785573
2026-09-23 07:00:02,2026-09-23T06:00:02.000,VinaCapital Vietnam Opportunity Fd.,VOF,POS,Change of position,Transaction in Own Shares,8520V,17799868,430.0,0.5847953216374269,,[summary failed: HTTP Error 400: Bad Request],,neutral,https://www.investegate.co.uk/announcement/rns/vinacapital-vietnam-opportunity-fund-ltd---vof/transaction-in-own-shares/9785548
2026-09-23 07:00:02,2026-09-23T06:00:02.000,Gaming Realms PLC,GMR,POS,Change of position,Transaction in Own Shares,8603V,17799869,30.7,1.655629139072848,,[summary failed: HTTP Error 400: Bad Request],,neutral,https://www.investegate.co.uk/announcement/rns/gaming-realms--gmr/transaction-in-own-shares/9785574
2026-09-23 07:00:02,2026-09-23T06:00:02.000,SThree plc,STEM,POS,Change of position,Transaction in Own Shares & Rule 2.9 Announcement,8604V,17799870,309,1.311475409836066,,[summary failed: HTTP Error 400: Bad Request],,neutral,https://www.investegate.co.uk/announcement/rns/sthree--stem/transaction-in-own-shares-rule-2-9-announcement/9785575
2026-09-23 07:00:02,2026-09-23T06:00:02.000,Oakley Capital Investments Limited,OCI,POS,Change of position,Transaction in Own Shares,8614V,17799871,522,0.3846153846153846,,[summary failed: HTTP Error 400: Bad Request],,neutral,https://www.investegate.co.uk/announcement/rns/oakley-capital-investments-ltd-di---oci/transaction-in-own-shares/9785576
2026-09-23 07:00:02,2026-09-23T06:00:02.000,Ceres Power Holdings plc,CWR,IR,Interim results,Interim Results,8618V,17799872,434.2,0.4627487274409995,,[summary failed: HTTP Error 400: Bad Request],,neutral,https://www.investegate.co.uk/announcement/rns/ceres-power-holdings--cwr/interim-results/9785577
2026-09-23 07:00:02,2026-09-23T06:00:02.000,Ingenta PLC,ING,IR,Interim results,Interim Results,8621V,17799873,71.5,-12.80487804878049,,[summary failed: HTTP Error 400: Bad Request],,neutral,https://www.investegate.co.uk/announcement/rns/ingenta--ing/interim-results/9785578
2026-09-23 07:00:02,2026-09-23T06:00:02.000,Ruffer Investment Company Limited,RICA,POS,Change of position,Transaction in Own Shares,8626V,17799874,297,-0.5025125628140704,,[summary failed: HTTP Error 400: Bad Request],,neutral,https://www.investegate.co.uk/announcement/rns/ruffer-investment-company-ltd-red-ptg-pref-shares--rica/transaction-in-own-shares/9785579
2026-09-23 07:00:02,2026-09-23T06:00:02.000,Greencoat Renewables PLC,GRP,POS,Change of position,Transaction in Own Shares,8629V,17799875,0.776,1.437908496732026,,[summary failed: HTTP Error 400: Bad Request],,neutral,https://www.investegate.co.uk/announcement/rns/greencoat-renewables-cdi---grp/transaction-in-own-shares/9785580
2026-09-23 07:00:02,2026-09-23T06:00:02.000,Warpaint London PLC,W7L,IR,Interim results,Interim Results,8631V,17799876,196.4,-12.32142857142857,,[summary failed: HTTP Error 400: Bad Request],,neutral,https://www.investegate.co.uk/announcement/rns/warpaint-london--w7l/interim-results/9785581
2026-09-23 07:00:02,2026-09-23T06:00:02.000,Digitalbox PLC,DBOX,IR,Interim results,Interim Results,8638V,17799877,4.925,-4.368932038834951,,[summary failed: HTTP Error 400: Bad Request],,neutral,https://www.investegate.co.uk/announcement/rns/digitalbox--dbox/interim-results/9785583
2026-09-23 07:00:02,2026-09-23T06:00:02.000,Baillie Gifford China Grwth TrstPLC,BGCG,IR,Interim results,Baillie Gifford China Growth Trust Interim Results,8571V,17799860,297,-1.655629139072848,,[summary failed: HTTP Error 400: Bad Request],,neutral,https://www.investegate.co.uk/announcement/rns/baillie-gifford-china-growth-trust--bgcg/baillie-gifford-china-growth-trust-interim-results/9785566
2026-09-23 07:00:02,2026-09-23T06:00:02.000,Foxtons Group PLC,FOXT,ACQ,Acquisition,Four regional acquisitions to augment growth,8644V,17799880,36.5,-0.4092769440654843,,[summary failed: HTTP Error 400: Bad Request],,neutral,https://www.investegate.co.uk/announcement/rns/foxtons-group--foxt/four-regional-acquisitions-to-augment-growth/9785585
2026-09-23 07:00:02,2026-09-23T06:00:02.000,Critical Mineral Resources PLC,CMRS,DRL,Drilling/exploration,Drilling Results,8642V,17799879,2,5.263157894736842,,[summary failed: HTTP Error 400: Bad Request],,neutral,https://www.investegate.co.uk/announcement/rns/critical-mineral-resources-plc--cmrs/drilling-results/9785584
2026-09-23 07:00:01,2026-09-23T06:00:01.000,Conduit Holdings Limited,CRE,HOL,Holding(s) in company,Holding(s) in Company,8570V,17799833,460.5,-0.3246753246753247,,[summary failed: HTTP Error 400: Bad Request],,neutral,https://www.investegate.co.uk/announcement/rns/conduit-holdings-limited-com-shs-di---cre/holding-s-in-company/9785531
2026-09-23 07:00:01,2026-09-23T06:00:01.000,Senior PLC,SNR,HOL,Holding(s) in company,Holding(s) in Company,8684V,17799837,296.5,0.1689189189189189,,[summary failed: HTTP Error 400: Bad Request],,neutral,https://www.investegate.co.uk/announcement/rns/senior--snr/holding-s-in-company/9785533
2026-09-23 07:00:01,2026-09-23T06:00:01.000,Conduit Holdings Limited,CRE,HOL,Holding(s) in company,Holding(s) in Company,8582V,17799835,460.5,-0.3246753246753247,,[summary failed: HTTP Error 400: Bad Request],,neutral,https://www.investegate.co.uk/announcement/rns/conduit-holdings-limited-com-shs-di---cre/holding-s-in-company/9785531
2026-09-23 07:00:01,2026-09-23T06:00:01.000,Vietnam Enterprise Investments Ltd,VEIL,POS,Change of position,Transaction in Own Shares,9486V,17799834,735,0.1362397820163488,,[summary failed: HTTP Error 400: Bad Request],,neutral,https://www.investegate.co.uk/announcement/rns/vietnam-enterprise-investments-di---veil/transaction-in-own-shares/9785529
2026-09-23 07:00:00,2026-09-23T06:00:00.000,BlackRock Energy and Resources Income Trust Plc,BERI,TVR,Total voting rights,Total Voting Rights,60921-3438,17800068,182,1.111111111111111,,[summary failed: HTTP Error 400: Bad Request],,neutral,https://www.investegate.co.uk/announcement/prn/blackrock-energy-and-resources-income-trust--beri/total-voting-rights/9785877
2026-09-23 07:00:00,2026-09-23T06:00:00.000,BlackRock American Income Trust Plc,BRAI,TVR,Total voting rights,Total Voting Rights,60921-3421,17800069,281,-0.3546099290780142,,[summary failed: HTTP Error 400: Bad Request],,neutral,https://www.investegate.co.uk/announcement/prn/blackrock-american-income-trust-plc--brai/total-voting-rights/9785873
2026-09-23 07:00:00,2026-09-23T06:00:00.000,BlackRock Greater Europe Investment Trust Plc,BRGE,TVR,Total voting rights,Total Voting Rights,60921-3444,17800078,591,-0.3372681281618887,,[summary failed: HTTP Error 400: Bad Request],,neutral,https://www.investegate.co.uk/announcement/prn/blackrock-greater-europe-inv-trust--brge/total-voting-rights/9785876
2026-09-23 07:00:00,2026-09-23T06:00:00.000,BH Macro Limited,BHMG,MSCL,,Block Listing Six Monthly Return,60915-0551,17800079,411.5,-2.256532066508314,,[summary failed: HTTP Error 400: Bad Request],,neutral,https://www.investegate.co.uk/announcement/prn/bh-macro-ltd-gbp-shares--bhmg/block-listing-six-monthly-return/9785874
2026-09-23 07:00:00,2026-09-23T06:00:00.000,MIGO Opportunities Trust plc,MIGO,MSCL,,Investor Presentation via Investor Meet Company,60922-3700,17800080,412.5,0.48721071863581,,[summary failed: HTTP Error 400: Bad Request],,neutral,https://www.investegate.co.uk/announcement/prn/migo-opportunities-trust--migo/investor-presentation-via-investor-meet-compa-/9785882
2026-09-23 07:00:00,2026-09-23T06:00:00.000,Acuity RM Group Plc,ACRM,MSCL,,Clarification of Warrant Terms,60923-4004,17800081,1.4,0.0,,[summary failed: HTTP Error 400: Bad Request],,neutral,https://www.investegate.co.uk/announcement/prn/acuity-rm-group--acrm/clarification-of-warrant-terms/9785871
2026-09-23 07:00:00,2026-09-23T06:00:00.000,BlackRock Smaller Companies Trust Plc,BRSC,TVR,Total voting rights,Total Voting Rights,60921-3443,17800094,265,-0.3759398496240602,,[summary failed: HTTP Error 400: Bad Request],,neutral,https://www.investegate.co.uk/announcement/prn/blackrock-smaller-companies-trust--brsc/total-voting-rights/9785875
2026-09-23 07:00:00,2026-09-23T06:00:00.000,Invesco Global Equity Income Trust,IGET,ACS,,Annual Financial Report,a5e5410dad,17800046,403,-0.2475247524752475,,[summary failed: HTTP Error 400: Bad Request],,neutral,https://www.investegate.co.uk/announcement/mfn/invesco-global-equity-income-trust-plc--iget/annual-financial-report/9785895
2026-09-23 07:00:00,2026-09-23T06:00:00.000,Gulf Keystone Petroleum,GKP,MSCL,,Interim Dividend Exchange Rate,05c9361636,17800028,198,2.484472049689441,,[summary failed: HTTP Error 400: Bad Request],,neutral,https://www.investegate.co.uk/announcement/mfn/gulf-keystone-petroleum-ltd-com-shs-di---gkp/interim-dividend-exchange-rate/9785893
2026-09-23 07:00:00,2026-09-23T06:00:00.000,Strategic Equity Capital Plc,SEC,FR,Final results,Final Results,60922-3956,17800111,396,-0.2518891687657431,,[summary failed: HTTP Error 400: Bad Request],,neutral,https://www.investegate.co.uk/announcement/prn/strategic-equity-capital--sec/final-results/9785888
2026-09-23 07:00:00,2026-09-23T06:00:00.000,NB Private Equity Partners Limited,NBPE,IR,Interim results,NBPE Announces Interim Results,1274097-en,17799999,1458,0.9695290858725762,,[summary failed: HTTP Error 400: Bad Request],,neutral,https://www.investegate.co.uk/announcement/gnw/neuberger-private-equity-partners-limited--nbpe/nbpe-announces-interim-results/9785559
2026-09-23 07:00:00,2026-09-23T06:00:00.000,NB Private Equity Partners Limited,NBPE,POS,Change of position,NBPE Announces Transaction in Own Shares,1274094-en,17799988,1458,0.9695290858725762,,[summary failed: HTTP Error 400: Bad Request],,neutral,https://www.investegate.co.uk/announcement/gnw/neuberger-private-equity-partners-limited--nbpe/nbpe-announces-transaction-in-own-shares/9785558
2026-09-23 07:00:00,2026-09-23T06:00:00.000,ICG Enterprise Trust PLC,ICGT,POS,Change of position,Transaction in Own Shares,1274069-en,17799986,1380.0,-1.569186875891583,,[summary failed: HTTP Error 400: Bad Request],,neutral,https://www.investegate.co.uk/announcement/gnw/icg-enterprise-trust--icgt/transaction-in-own-shares/9785557
2026-09-23 07:00:00,2026-09-23T06:00:00.000,Capita,CPI,STR,Strategy/company update,Appointment of Joint Corporate Brokers,4337ee1ecd,17800027,225,0.8968609865470852,,[summary failed: HTTP Error 400: Bad Request],,neutral,https://www.investegate.co.uk/announcement/mfn/capita--cpi/appointment-of-joint-corporate-brokers/9785894
