time_uk,datetime_utc,company,ticker,category_code,category,headline,rns_number,news_id,last_price,pct_change,brief,summary,retail_take,sentiment,source_url
2026-07-24 16:50:08,2026-07-24T15:50:08.000,Scottish Mortgage Inv Tst PLC,SMT,POS,Change of position,Transaction in Own Shares,8503N,17705875,1316,0.228,"SMT purchases 2m own shares at 1,309.95p for treasury; 410.6m shares now held in Treasury.","Scottish Mortgage Investment Trust PLC bought 2,000,000 ordinary shares on 23 July 2026 at 1,309.95p per share for treasury purposes. Following the transaction, the company holds 410,558,993 shares in Treasury, with 1,074,221,887 shares in issue. The denominator for FCA disclosure threshold calculations is now 1,074,221,887 shares.","Routine share buyback activity; treasury purchases support capital management and potentially EPS accretion, but likely viewed as non-event unless part of broader strategic signalling.",neutral,https://www.investegate.co.uk/announcement/rns/scottish-mortgage-inv-trust--smt/transaction-in-own-shares/9685026
2026-07-24 16:49:51,2026-07-24T15:49:51.000,JPMorgan Japanese Inv. Trust PLC,JFJ,POS,Change of position,Transaction in Own Shares,8502N,17705873,792,1.02,"JPMorgan Japanese Investment Trust repurchased 100,000 shares at 792p per share into treasury.","JPMorgan Japanese Investment Trust PLC repurchased 100,000 ordinary shares at 792 pence per share on 24 July 2026. The company now holds 33,436,985 shares in treasury, with 151,176,203 shares in issue. The trust will only re-issue treasury shares at a premium to net asset value, a standard capital management practice for investment trusts.",Routine capital management action; share buybacks at NAV support existing shareholders by reducing share count and potentially enhancing per-share NAV.,positive,https://www.investegate.co.uk/announcement/rns/jpmorgan-japanese-inv-trust--jfj/transaction-in-own-shares/9687381
2026-07-24 16:47:00,2026-07-24T15:47:00.000,BlackRock American Income Trust Plc,BRAI,IOE,Issue of equity,Issue of Equity,60724-1719,17705872,278,0.725,,,,,
2026-07-24 16:46:34,2026-07-24T15:46:34.000,Upland Resources Limited,UPL,RAG,Regulatory application/grant,Result of AGM,8499N,17705871,3,5.263157894736842,Upland Resources passes all AGM resolutions with overwhelming shareholder support.,"Upland Resources Limited held its Annual General Meeting on 24 July 2026, with all resolutions passing with strong majorities. Resolution 1 received 99.99% support, Resolution 2 achieved 99.89%, and Resolution 3 gained 99.37% approval. The Board thanked shareholders for their continued backing.",Routine disclosure showing strong shareholder alignment with management; no material announcements on strategy or operations to drive market movement.,neutral,https://www.investegate.co.uk/announcement/rns/upland-resources-limited-npv--upl/result-of-agm/9687379
2026-07-24 16:45:00,2026-07-24T15:45:00.000,Aberforth Smaller Companies Trust Plc,ASL,POS,Change of position,Transaction in Own Shares,60724-1721,17705870,1716,0.0,"Aberforth Smaller Companies Trust completes share buyback programme, purchasing 22,000 shares at 1,722.35p.","ASCoT purchased 22,000 ordinary shares on 24 July 2026 at 1,722.3485p per share under AGM authority granted 5 March 2026. Total shares cancelled under this authority now reach 1,903,500. Following the purchase, 77,145,605 ordinary shares remain in issue. The buyback programme continues executing the board's capital management strategy.","Routine capital management execution; share buybacks at this price level suggest management views shares as reasonably valued, typically supportive of NAV per share, though modest non-event for market.",neutral,https://www.investegate.co.uk/announcement/prn/aberforth-smaller-companies-trust--asl/transaction-in-own-shares/9687380
2026-07-24 16:44:00,2026-07-24T15:44:00.000,Invesco Bond Income Plus,BIPS,IOE,Issue of equity,Issue of Equity,4bd80d05b7,17705869,170.5,-0.292,"Invesco Bond Income Plus issues 625,000 shares at 170.33p to meet secondary market demand.","Invesco Bond Income Plus Limited has issued 625,000 ordinary shares at 170.33p per share under its block listing facility to satisfy secondary market demand. The allotment uses shareholder authority granted annually and ranks pari passu with existing shares. Total shares in issue now stand at 288,059,911.",Routine equity issuance to meet demand; demonstrates investor appetite but dilutes existing shareholders marginally. Standard capital management activity.,neutral,https://www.investegate.co.uk/announcement/mfn/invesco-bond-income-plus-limited-npv--bips/issue-of-equity/9687378
2026-07-24 16:35:10,2026-07-24T15:35:10.000,"FirstCash Holdings, Inc.",,LOI,,Update on Letter of Intent,8483N,17705867,,,,,,,
2026-07-24 16:32:48,2026-07-24T15:32:48.000,MHA PLC,MHA,MSC,Miscellaneous,Confirmation of Full Year Results   ,8485N,17705866,137.5,-1.786,MHA PLC confirms publication of audited full year results for the year ended 31 March 2026.,"MHA plc, a leading UK professional services firm providing audit, tax, accountancy and advisory services, has published its audited full year results for FY26 following preliminary results announced on 21 July 2026. The company employs over 2,300 people across 32 offices in the UK, Ireland, South-East Europe, UAE and Cayman Islands, operating as the BTI representative for multiple jurisdictions. The audited results are available on the company website.",Routine regulatory filing confirming availability of audited results; no material news disclosed in announcement itself. Market read depends on actual results figures.,neutral,https://www.investegate.co.uk/announcement/rns/mha-plc--mha/confirmation-of-full-year-results-/9687375
2026-07-24 16:31:59,2026-07-24T15:31:59.000,SDCL Efficiency Income Trust PLC ,SEIT,HOL,Holding(s) in company,TR-1 Notification of Major Holdings,8484N,17705865,38.3,0.262,Jefferies Financial Group increases voting rights stake in SDCL Efficiency Income Trust to 14.37% via shares and financial instruments.,"Jefferies Financial Group Inc crossed a major holdings threshold in SDCL Efficiency Income Trust PLC on 23 July 2026, notified 24 July. Total voting rights position is 14.366%, comprising 5.855% from direct share ownership (63.6m shares), 2.672% from stock loan/repo arrangements (29m voting rights), and 5.839% from cash-settled swaps across seven positions expiring between August and December 2026. Previous notification showed 14.179% stake, representing a marginal increase.","Routine major holdings notification showing modest stake increase in an income-focused investment trust; likely reflects normal portfolio positioning rather than strategic shift, no material implications for shareholders.",neutral,https://www.investegate.co.uk/announcement/rns/sdcl-efficiency-income-trust--seit/tr-1-notification-of-major-holdings/9687374
2026-07-24 16:30:00,2026-07-24T15:30:00.000,S4 Capital PLC,SFOR,NOR,Notice of results,Notice of Results,8401N,17705864,35.45,0.997,S4 Capital advances interim results announcement to 5 August from 11 August 2026.,"S4 Capital plc has brought forward its interim results announcement to Wednesday 5 August 2026, six days earlier than previously scheduled. The digital advertising and marketing services company operates through Marketing Services (91% of revenue) and Technology Services (9%), serving clients across 34 countries with approximately 6,200 employees. Geographic revenue split is currently 82% Americas, 12% EMEA, 6% Asia-Pacific. A webcast and conference call will be held at 09:00 BST for investor access.",Early announcement timing suggests confidence in results and management's desire for timely market communication. Non-event for most investors absent actual results disclosure; routine scheduling adjustment.,neutral,https://www.investegate.co.uk/announcement/rns/s4-capital--sfor/notice-of-results/9687373
2026-07-24 16:29:23,2026-07-24T15:29:23.000,EJF Investments Ltd,EJFI,RAG,Regulatory application/grant,Results of AGM and Ordinary Share Class Meeting,8376N,17705863,131,0.0,EJF Investments reports all AGM resolutions passed with 70.11% voting participation. Dividend raised to 11.45p for 2026.,"All 14 resolutions passed at 24 July 2026 AGM and Class Meeting with overwhelming majorities (99.83-100%). 40.7m proxy votes cast representing 70.11% of voting rights. Key approvals: directors re-elected, dividend policy confirmed (targeting 11.45p for FY2026, up 7% from 2025), EY re-appointed as auditor, new Preferred Share issuance framework approved (≥2.0x asset coverage threshold), and investment policy amended removing UCITS restrictions. 2025 Total Return was 4.94% (sterling-adjusted) despite strong 12.09% underlying portfolio performance hampered by FX headwinds. Dividend declared 10.9p in 2025 exceeded target of 10.7p.","Routine AGM result with strong shareholder support. Dividend increase and new capital-raising framework signal management confidence in deal pipeline, though new Preferred Share class represents potential dilution to ordinary shareholders. Non-event for market.",neutral,https://www.investegate.co.uk/announcement/rns/ejf-investments-ltd-npv--ejfi/results-of-agm-and-ordinary-share-class-meeting/9687372
2026-07-24 16:26:20,2026-07-24T15:26:20.000,Nostrum Oil & Gas PLC,NOG,TEN,,TENDER OFFER LAUNCH & POTENTIAL TRANSACTION UPDATE,8481N,17705862,4,14.286,"Nostrum Oil & Gas launches tender offer for $244.4m Senior Secured Notes due 2026 at $400-$650 per $1,000 principal via reverse Dutch auction.","Nostrum Oil & Gas B.V. invites holders of $244.4m 5.00% Senior Secured Notes due 2026 to tender notes in a reverse Dutch auction with purchase prices between $400-$650 per $1,000 principal, capped at $30m acceptance amount. This follows March 2026 in-principle agreement with 50%+ noteholder ad hoc forum to extend maturity to December 2030, amended in June due to Kazakhstan asset restrictions from withholding tax disputes. Parallel consent solicitation passed 20 July 2026. Company simultaneously engaging potential purchaser for business sale, expecting full repayment of Notes if deal completes at indicative terms.","Distressed restructuring; company facing insolvency risk without transaction completion. Tender offer signals debt distress and potential asset impairment from Kazakhstan tax disputes, though sale discussions offer recovery path. Market likely negative given solvency concerns.",negative,https://www.investegate.co.uk/announcement/rns/nostrum-oil-gas--nog/tender-offer-launch-potential-transaction-update/9687371
2026-07-24 16:18:43,2026-07-24T15:18:43.000,Phoenix Copper Limited,PXC,RAG,Regulatory application/grant,Result of AGM & Completion of Fundraise ,8480N,17705860,0.44,0.0,Phoenix Copper completes £2.4m fundraise after shareholder approval; admission expected 27 July.,"All AGM resolutions passed with strong majorities (84-99%+). Company allotted 502.6m new shares across placing (364m), subscription (125m), and retail offer (13.4m), plus 40m shares to Indigo Capital to settle prior debt. On admission, 830.6m total ordinary shares outstanding. Investors receive warrants at 1:3 ratio; total funds raised £2.467m including retail component. Admission to AIM expected 27 July 2026.","Successful capital raise removes near-term funding pressure for this USA-focused copper explorer, though significant dilution from 502.6m new shares may pressure early shareholders despite operational catalyst.",neutral,https://www.investegate.co.uk/announcement/rns/phoenix-copper-limited--pxc/result-of-agm-completion-of-fundraise-/9687369
2026-07-24 16:15:09,2026-07-24T15:15:09.000,Galliford Try Holdings PLC,GFRD,HOL,Holding(s) in company,Holding(s) in Company,8476N,17705857,627,0.966,Aberforth Partners reduces stake in Galliford Try from 9.97% to 4.62% via Nortrust Nominees.,"Aberforth Partners LLP, acting through nominee Nortrust Nominees Ltd, crossed a notification threshold on 23 July 2026 by reducing its voting rights in Galliford Try Holdings PLC from 9.97% to 4.62% (4.66m votes). The disposal was notified to the issuer on 24 July 2026. All voting rights are held indirectly; no financial instruments are involved.","Significant stake reduction by major investor signals reduced conviction or portfolio rebalancing. Below 5%, Aberforth loses substantial influence over the housebuilder.",negative,https://www.investegate.co.uk/announcement/rns/galliford-try--gfrd/holding-s-in-company/9687367
2026-07-24 16:13:00,2026-07-24T15:13:00.000,Ashoka WhiteOak Emerging Markets Trust Plc,AWEM,IOE,Issue of equity,Issue of Ordinary Shares,60724-1688,17705855,175.5,-1.680672268907563,"Ashoka WhiteOak issues 646,422 shares to Investment Manager as first performance fee of £1.17m.","Ashoka WhiteOak Emerging Markets Trust plc issued 646,422 ordinary shares valued at 181.57p each to Acorn Asset Management Ltd on 24 July 2026, settling a £1.17m alpha performance fee for the three-year period to 31 March 2026. The Investment Manager delivered 53.9% returns versus 45.2% benchmark, earning the fee under the trust's alpha-fee structure outlined in its April 2023 IPO prospectus. At least 50% of shares are locked in for three years; post-issuance, total issued capital stands at 42.11 million shares.",Demonstrates investment outperformance justifying the fee structure; payment in shares aligns manager interests but dilutes existing shareholders by 1.5%. Market likely reads as modestly positive validation of manager skill.,positive,https://www.investegate.co.uk/announcement/prn/ashoka-whiteoak-emerging-markets-trust--awem/issue-of-ordinary-shares/9687364
2026-07-24 16:06:03,2026-07-24T15:06:03.000,Senior PLC,SNR,HOL,Holding(s) in company,Holding(s) in Company,8473N,17705852,289.5,0.0,Societe Generale reduces holding in Senior PLC to 10.26% from 11.06% following disposal of voting rights.,"Societe Generale notified on 24 July 2026 of a threshold crossing on 23 July, reducing its voting rights in Senior PLC from 11.06% to 10.26%. The position comprises 43,043,525 direct voting rights (10.26%) plus 3 voting rights via a cash-settled Contract for Difference expiring 25 November 2026. The disposal brings the holding just below the 10.27% level, reducing the bank's influence over the aerospace and defence company.",Reduction in a significant stakeholder position; could signal strategic repositioning by Societe Generale but unlikely to materially impact Senior's operations or market valuation given continued substantial 10%+ holding.,neutral,https://www.investegate.co.uk/announcement/rns/senior--snr/holding-s-in-company/9687361
2026-07-24 16:05:53,2026-07-24T15:05:53.000,Schroders PLC,SDR,HOL,Holding(s) in company,Holding(s) in Company,8472N,17705851,588.5,0.085,Societe Generale's voting stake in Schroders PLC fell below 5% threshold on 23 July 2026.,"Societe Generale reduced its holding in Schroders PLC from 5.23% to 4.93% of voting rights, crossing below the 5% disclosure threshold on 23 July 2026. The current position comprises 75.6m direct voting rights (4.69%) and 3.8m voting rights via cash-settled CFDs expiring April 2028 (0.24%), totalling 79.5m voting rights. The notification was filed on 24 July 2026.",Routine major holdings disclosure showing a modest stake reduction by an institutional investor; no material implications for Schroders or retail investors.,neutral,https://www.investegate.co.uk/announcement/rns/schroders--sdr/holding-s-in-company/9687360
2026-07-24 15:58:00,2026-07-24T14:58:00.000,Amcomri Group PLC,AMCO,HOL,Holding(s) in company,Holding(s) in Company,8470N,17705849,145,-1.712,Rathbones Investment Management crosses 5.33% voting rights threshold in Amcomri Group PLC,"Rathbones Investment Management Limited, controlled by Rathbones Group Plc, has acquired voting rights in Amcomri Group PLC, crossing the 5.33% threshold on 23 July 2026. The holding comprises 3,836,870 direct voting rights representing 5.33% of total voting rights, with no financial instruments involved. The notification was filed on 24 July 2026, one day after the threshold was crossed.",Routine disclosure of major shareholding notification under DTR rules. Indicates passive institutional investor building position but below 10% disclosure trigger; likely neutral market read as no control implications evident.,neutral,https://www.investegate.co.uk/announcement/rns/amcomri-group-plc--amco/holding-s-in-company/9687358
2026-07-24 15:55:00,2026-07-24T14:55:00.000,Hardide PLC,HDD,HOL,Holding(s) in company,Holding(s) in Company,8467N,17705848,94.5,-1.047120418848168,Canaccord Genuity Group reports 9.89% voting stake in Hardide PLC following threshold crossing on 22 July 2026.,"Canaccord Genuity Group Inc., acting for discretionary clients, crossed a major holdings threshold in Hardide PLC on 22 July 2026, triggering mandatory disclosure on 23 July 2026. The entity holds 7,792,581 voting rights representing 9.8875% of total voting rights. Previous notification showed 10.9181% holding, indicating a reduction in the stake. The stake is held through a chain of Canaccord entities including Canaccord Genuity Wealth Group Limited and related subsidiaries.",Routine major holdings disclosure showing a slight reduction in Canaccord's stake below 10%. Purely administrative notification with no strategic implications apparent; standard regulatory requirement.,neutral,https://www.investegate.co.uk/announcement/rns/hardide--hdd/holding-s-in-company/9687357
2026-07-24 15:49:55,2026-07-24T14:49:55.000,Utilico Emerging Markets Trust PLC,UEM,HOL,Holding(s) in company,Holding(s) in Company - City of London,8469N,17705846,282,-1.053,City of London Investment Management Company Limited increases stake in Utilico Emerging Markets Trust to 13.02%.,"City of London Investment Management Company Limited, a wholly owned subsidiary of City of London Investment Group plc, crossed a notifiable threshold in Utilico Emerging Markets Trust PLC on 22 July 2026. The entity now holds 13.02% of voting rights (22,515,245 shares), up from 12.87% previously. The notification was filed on 24 July 2026. All voting rights are held indirectly through shares; no financial instruments are involved.",Routine disclosure of a marginal increase in an emerging markets fund stake by a regulated investment manager; no material strategic implication for retail investors.,neutral,https://www.investegate.co.uk/announcement/rns/utilico-emerging-markets-ltd-di---uem/holding-s-in-company-city-of-london/9687355
2026-07-24 15:46:25,2026-07-24T14:46:25.000,Morgan Stanley Europe SE,DO72,MSC,Miscellaneous,ISM_MSESE_EARLY REDEMPTION_24-07-2026,8464N,17705844,,,,,,,
2026-07-24 15:45:00,2026-07-24T14:45:00.000,Kibo Energy PLC,KIBO,MSC,Miscellaneous,Cancellation of Trading on AIM,8447N,17705842,0.0065,,Kibo Energy's proposed reverse takeover collapsed; AIM listing cancelled effective 27 July 2026.,"Kibo Energy PLC has cancelled its AIM listing after failing to meet binding terms for a proposed reverse takeover announced 1 July 2026. Trading has been suspended since 14 April 2025. The company will retain its JSE secondary listing and remains a public Irish company. Board discussions on alternative transactions are at early stage with no binding agreements. If concluded, the company intends to pursue future IPO admission.","Negative signal: 15+ month trading suspension, failed deal, delisting removes public market liquidity. Early-stage alternative discussions offer uncertain path forward; no near-term catalyst evident for shareholders.",negative,https://www.investegate.co.uk/announcement/rns/kibo-energy-cdi---kibo/cancellation-of-trading-on-aim/9687349
2026-07-24 15:44:09,2026-07-24T14:44:09.000,Shell plc,SHEL,POS,Change of position,Transaction in Own Shares,1214326-en,17705841,3305,-1.166,"Shell repurchased 75,000 shares on LSE at average price of £33.43 as part of ongoing buyback programme.","Shell plc purchased 75,000 shares for cancellation on 23 July 2026 via the London Stock Exchange at prices between £33.3150 and £33.5850, with a volume-weighted average price of £33.4325 per share. The purchases form part of a share buyback programme announced 7 May 2026, with Goldman Sachs International making independent trading decisions through 24 July 2026 under pre-set parameters and UK/EU market abuse regulations.","Routine share buyback disclosure continuing previously announced programme; no material impact on fundamentals or market expectations, typical capital management activity.",neutral,https://www.investegate.co.uk/announcement/gnw/shell--shel/transaction-in-own-shares/9687350
2026-07-24 15:41:23,2026-07-24T14:41:23.000,Mindflair PLC,MFAI,RAG,Regulatory application/grant,Result of AGM,8462N,17705840,0.425,0.0,Mindflair PLC's AGM results show all resolutions passed without incident.,"Mindflair plc (AIM: MFAI), an AI-focused investment company, held its Annual General Meeting on 24 July 2026 with all resolutions duly passed. The company manages a portfolio of 17 AI technology companies across cyber security, machine learning, and big data, co-investing alongside the British Business Bank and Enterprise Ireland through Sure Valley Ventures' institutional funds. Directors expect cash returns from portfolio company sales in the short to medium term.",Routine governance event with no material announcements; investor focus remains on portfolio performance and NAV discount rather than AGM outcomes.,neutral,https://www.investegate.co.uk/announcement/rns/mindflair--mfai/result-of-agm/9687348
2026-07-24 15:34:00,2026-07-24T14:34:00.000,LMS Capital,LMS,COS,,Company Secretary Change,887853f227,17705838,15.95,0.0,"LMS Capital appoints Lorraine Young as Company Secretary, replacing IQ EQ Secretaries (UK) Limited effective 24 July 2026.","LMS Capital plc has appointed Lorraine Young as Company Secretary with effect from 24 July 2026, succeeding IQ EQ Secretaries (UK) Limited in the role. No further details regarding Young's background, experience, or circumstances of the change were disclosed in the announcement.",Routine administrative change; company secretary appointments are typically non-material corporate housekeeping and unlikely to move the share price absent context about predecessor departure.,neutral,https://www.investegate.co.uk/announcement/mfn/lms-capital--lms/company-secretary-change/9687347
2026-07-24 15:32:52,2026-07-24T14:32:52.000,Kainos Group plc,KNOS,ACS,,Annual Report 2026,8455N,17705836,820.0,2.181,Kainos Group plc files its 2026 Annual Report; document available via FCA's National Storage Mechanism and company website.,"Kainos Group plc (LSE: KNOS) has submitted its Annual Report 2026 to the National Storage Mechanism, with copies available at https://data.fca.org.uk/#/nsm/nationalstoragemechanism and www.kainos.com. Hard copies will be posted to shareholders on 13 August 2026. The announcement provides no financial results or material updates; it is a procedural disclosure confirming filing compliance. Kainos operates three divisions: Digital Services, Workday Services, and Workday Products, serving public sector, commercial, and healthcare customers.","Routine regulatory filing with no forward guidance, earnings data, or material updates disclosed; market will await detailed report contents for any substantive read-through.",neutral,https://www.investegate.co.uk/announcement/rns/kainos-group--knos/annual-report-2026/9687343
2026-07-24 15:31:03,2026-07-24T14:31:03.000,Glenstone REIT PLC,,RSP,,Response to dividend declaration by AIRE,8453N,17705832,,,,,,,
2026-07-24 15:30:00,2026-07-24T14:30:00.000,GSK PLC,GSK,DSH,Director/PDMR shareholding,Director/PDMR Shareholding,8172N,17705827,1925.5,1.05,GSK President US Maya Martinez-Davis acquires 9.407 ADS shares at $50.76 via executive savings plan.,"Maya Martinez-Davis, President of GSK's US operations, acquired 9.407 American Depositary Shares (ADS) on 22 July 2026 at $50.76 per share through her GSK Executive Supplemental Savings Plan account on the New York Stock Exchange. This represents a single transaction notification totalling approximately $477,000 in notional ADS acquisition within her employee benefit plan.",Routine PDMR shareholding disclosure showing insider investment through standard employee savings plan; modest transaction size suggests normal employee benefit participation rather than significant directional market signal.,neutral,https://www.investegate.co.uk/announcement/rns/gsk--gsk/director-pdmr-shareholding/9687336
2026-07-24 15:26:33,2026-07-24T14:26:33.000,CMC Markets Plc,CMCX,RAG,Regulatory application/grant,Result of AGM,8451N,17705822,723,2.408,CMC Markets plc shareholders approve all 21 AGM resolutions with strong majorities; final dividend of 8.3p confirmed.,"All resolutions passed at CMC Markets' 24 July 2026 AGM with overwhelming support. Key approvals include: accounts (99.14% for), Directors' Remuneration Report (90.79%), Share Option Plan (98.83%), dividend of 8.3 pence per share (99.99%), and Director elections including new appointees Emma Earp and Stuart Manning (both 99.89%). Independent shareholder votes on Non-Executive Directors Sarah Ing and Paul Wainscott showed lower support at 67.74% and 79.32% respectively. Dividend payable 14 August 2026 to shareholders on record 10 July. H1 2027 results scheduled for 26 November 2026.",Routine disclosure with strong shareholder backing across governance matters. Modest independent director dissent (Ing and Wainscott) warrants monitoring but insufficient to signal broader concerns. Dividend maintenance confirms capital discipline. Non-event for market pricing.,neutral,https://www.investegate.co.uk/announcement/rns/cmc-markets--cmcx/result-of-agm/9687318
2026-07-24 15:22:01,2026-07-24T14:22:01.000,GB Group PLC,GBG,HOL,Holding(s) in company,Holding(s) in Company,8446N,17705792,207,0.0,JPMorgan Chase reports 5.1% voting rights stake in GB Group PLC via direct shares and cash-settled equity swaps.,"JPMorgan Chase & Co., through J.P. Morgan Securities PLC and Almea 2 Segregated Portfolio Company, crossed a notification threshold in GB Group PLC on 22 July 2026. The bank holds 1.32 million direct voting shares (0.58%) and 10.36 million voting rights via cash-settled equity swaps (4.53%), totalling 5.1% of voting rights. The equity swaps have various expiration dates ranging from September 2026 to July 2033, with the largest single position expiring August 2024 representing 1.27% of voting rights.",Routine major holding disclosure indicating significant derivative positioning by major financial institution; likely reflects portfolio/hedging activity rather than strategic intent given spread across multiple swap expiries.,neutral,https://www.investegate.co.uk/announcement/rns/gb-group--gbg/holding-s-in-company/9687299
2026-07-24 15:19:04,2026-07-24T14:19:04.000,CVC Income & Growth Limited,CVCE,IOE,Issue of equity,Issue of Equity,8406N,17705757,1.09,,,,,,
2026-07-24 15:19:00,2026-07-24T14:19:00.000,British Land Co PLC,BLND,HOL,Holding(s) in company,Holding(s) in Company,8440N,17705756,439.4,2.281,Morgan Stanley's voting rights in British Land increased to 6.22% as of 22 July 2026.,"Morgan Stanley notified of a threshold crossing in British Land Company PLC, with total voting rights rising to 6.224456% (63.8m votes) from 6.202858% previously. Direct voting rights account for 6.009338% via 61.6m shares, while financial instruments including call options and equity swaps represent 0.215118%. The threshold was crossed on 22 July 2026, with notification to the issuer completed on 24 July.",Routine major shareholder disclosure; 6.2% stake represents significant institutional holding but below 5% trigger that would warrant greater market concern; modest increase suggests passive position management rather than strategic shift.,neutral,https://www.investegate.co.uk/announcement/rns/british-land-company--blnd/holding-s-in-company/9687262
2026-07-24 15:11:30,2026-07-24T14:11:30.000,British Land Co PLC,BLND,HOL,Holding(s) in company,Holding(s) in Company,8429N,17705733,439.4,2.281,Morgan Stanley's voting rights in British Land fall slightly to 6.20% from 6.23% following threshold notification.,"Morgan Stanley & Co. International plc notified on 23 July 2026 that its total voting rights in British Land Company PLC decreased to 6.202858% (63.6m votes) from 6.227040% previously. The position comprises 5.991551% in direct shares, 0.007724% via securities lending recalls, and 0.203583% through cash-settled call options and equity swaps expiring between August 2026 and January 2028. The threshold was crossed on 21 July 2026.",Routine major holdings disclosure showing a marginal decrease below the previous notification level; no material strategic implications for British Land shareholders.,neutral,https://www.investegate.co.uk/announcement/rns/british-land-company--blnd/holding-s-in-company/9687241
2026-07-24 15:07:06,2026-07-24T14:07:06.000,Banco Santander S.A.,BNC,DSH,Director/PDMR shareholding,Director/PDMR Shareholding,8422N,17705727,1012,1.606,"Santander executive Francisco Javier Garcia-Carranza Benjumea sold 319,686 shares at €11.95 on 23 July.","Senior Executive Vice-President Francisco Javier Garcia-Carranza Benjumea of Banco Santander disposed of 319,686 ordinary shares (€0.50 nominal value, ISIN ES0113900J37) on 23 July 2026 at €11.9481 per share on XMAD. Total transaction value approximately €3.82 million. This is an initial notification of a PDMR transaction required under regulatory disclosure rules.",Routine director share sale disclosure; modest stake reduction by senior executive unlikely to signal strategic concern absent broader selling patterns or commentary. Non-event for most investors.,neutral,https://www.investegate.co.uk/announcement/rns/banco-santander-s-a---bnc/director-pdmr-shareholding/9687235
2026-07-24 15:04:57,2026-07-24T14:04:57.000,TBC Bank Group PLC,TBCG,ACQ,Acquisition,Acquisition of Majority Stake in OLX Uzbekistan,8420N,17705724,4762,2.453,"TBC Bank Group completes acquisition of majority stake in OLX Uzbekistan, the country's leading online classifieds platform.","TBC Bank Group has completed its acquisition of a majority stake in OLX Uzbekistan through a joint venture with Titan Investments, with TBC owning 50% + 1 share and Titan owning the remainder. OLX UZ is among Uzbekistan's top 10 most-visited websites with over 5 million monthly active users and 2 million active listings, reaching approximately 17% of the country's active internet users. TBC plans to integrate financial and payment services into the platform to drive cross-selling opportunities and customer engagement.",Market likely views positively as strategic diversification into high-growth digital classifieds vertical with immediate customer base expansion and synergy potential for financial services integration.,positive,https://www.investegate.co.uk/announcement/rns/tbc-bank-group--tbcg/acquisition-of-majority-stake-in-olx-uzbekistan/9687231
2026-07-24 15:00:00,2026-07-24T14:00:00.000,Ninety One PLC,N91,HOL,Holding(s) in company,Holding(s) in Company,8276N,17705716,211,1.834,"Forty Two Point Two increases Ninety One plc stake to 32.0032%, crossing significant threshold under DLC structure.","Forty Two Point Two raised its shareholding in Ninety One plc to 32.0032% (212,048,101 voting rights) as of 22 July 2026, up from 31.1900% previously. Under the Dual Listed Companies structure with Ninety One Limited, the aggregate combined holding is 25.9935% on a joint electorate basis. The UK Takeover Panel confirmed voting rights are assessed on joint electorate basis for Rule 9.1 mandatory offer purposes. The stake increase was notified on 23 July 2026.","Significant shareholder stake increase approaching potential mandatory offer threshold; warrants monitoring for regulatory implications and potential corporate action, though current combined position remains below 30% trigger.",neutral,https://www.investegate.co.uk/announcement/rns/ninety-one--n91/holding-s-in-company/9687225
2026-07-24 15:00:00,2026-07-24T14:00:00.000,Ibstock PLC,IBST,HOL,Holding(s) in company,Holding(s) in Company,8352N,17705718,94.05,0.966,JPMorgan Chase & Co. notifies holding in Ibstock PLC below minimum disclosure threshold as of 22 July 2026.,"JPMorgan Chase & Co. crossed a notification threshold in Ibstock PLC on 22 July 2026, with the issuer notified on 24 July. The resulting position shows holdings below the minimum disclosure threshold across direct voting rights, indirect voting rights, and financial instruments. JPMorgan's stake is held through multiple controlled undertakings including J.P. Morgan Securities PLC, J.P. Morgan SE, and J.P. Morgan Securities LLC.",Routine regulatory disclosure of a major holder position falling below reportable thresholds. No material implications for investors given positions are below minimum disclosure requirements.,neutral,https://www.investegate.co.uk/announcement/rns/ibstock--ibst/holding-s-in-company/9687226
2026-07-24 15:00:00,2026-07-24T14:00:00.000,GSK PLC,GSK,ADM,,Admission to Trading,8272N,17705714,1925.5,1.05,"GSK admits 70,759 ordinary shares to trading under Share Save Plan 2022.","GSK plc has admitted 70,759 ordinary shares of 31¼ pence each to trading on the London Stock Exchange Main Market under an existing block listing in connection with the GlaxoSmithKline plc Share Save Plan 2022. The shares are fully fungible with existing ordinary shares (ISIN: GB00BN7SWP63). This admission covers the period 29 May 2026 to 24 July 2026, bringing total admitted ordinary shares to 4,316,292,310.",Routine administrative disclosure relating to employee share plan vesting; immaterial in scale and expected market activity. No material implications for investors.,neutral,https://www.investegate.co.uk/announcement/rns/gsk--gsk/admission-to-trading/9687224
2026-07-24 14:56:57,2026-07-24T13:56:57.000,One Health Group PLC,OHGR,HOL,Holding(s) in company,Holding(s) in Company,8414N,17705697,250.0,0.6036217303822938,Octopus Investments' holding in One Health Group fell to 12.97% from 13.81% on 23 July 2026.,"Octopus Investments Limited, controlled by Octopus Capital Limited, crossed a notification threshold on 23 July 2026 when its voting rights in One Health Group PLC (ISIN GB00BNNT0595) decreased to 12.97% from the previous 13.81%. The holding comprises 1,794,679 indirect voting rights with no direct holdings or financial instruments. The change was notified to the issuer on 24 July 2026.",Routine disclosure of a major shareholder stake reduction below 13% threshold; suggests modest portfolio adjustment with no material implications for company operations or strategy.,neutral,https://www.investegate.co.uk/announcement/rns/one-health-group-plc--ohgr/holding-s-in-company/9687204
2026-07-24 14:53:00,2026-07-24T13:53:00.000,Deutsche Bank AG,OXA2,MSCL,,Buy-Back of Securities,0724118135,17705693,,,,,,,
2026-07-24 14:51:00,2026-07-24T13:51:00.000,TotalEnergies SE,TTE,MSCL,,TotalEnergies Publishes Its Financial Report for First Half 2026,0724446999,17705690,77.25,0.9803921568627451,TotalEnergies files H1 2026 financial report with French regulator; full document available on investor website.,TotalEnergies SE filed its first-half 2026 financial report with the Autorité des marchés financiers on 24 July 2026. The report is available for consultation and download on the company's investor relations website under Results and Investor presentations. No specific financial metrics or performance data were disclosed in this announcement.,"Routine regulatory filing notification; market significance depends entirely on actual H1 2026 results, which must be reviewed separately from this boilerplate disclosure notice.",neutral,https://www.investegate.co.uk/announcement/bzw/totalenergies-se--tte/totalenergies-publishes-its-financial-report-/9687196
2026-07-24 14:46:07,2026-07-24T13:46:07.000,Senior PLC,SNR,HOL,Holding(s) in company,Holding(s) in Company,8405N,17705686,289.5,0.0,JPMorgan Chase increases Senior PLC stake to 7.69% through shares and equity swaps.,"JPMorgan Chase & Co., via J.P. Morgan Securities PLC, crossed a notifiable threshold in Senior PLC on 22 July 2026, holding 7.694829% total voting rights. This comprises 1.276601% in direct shares (5.35m voting rights) and 6.418228% via cash-settled equity swaps expiring between October 2026 and June 2028. The previous notification showed 7.016522%, indicating a modest increase of approximately 68 basis points.","Routine disclosure of major holding notification showing financial institution accumulation; equity swaps suggest short-term positioning rather than strategic control interest, likely neutral market read.",neutral,https://www.investegate.co.uk/announcement/rns/senior--snr/holding-s-in-company/9687193
2026-07-24 14:44:13,2026-07-24T13:44:13.000,CVC Income & Growth Limited,CVCE,DSH,Director/PDMR shareholding,Director/PDMR Shareholding,8337N,17705683,1.09,,,,,,
2026-07-24 14:44:00,2026-07-24T13:44:00.000,TotalEnergies SE,TTE,IR,Interim results,Half-year Financial Report,0724415064,17705684,77.25,0.9803921568627451,TotalEnergies releases H1 2026 interim results with consolidated financial statements and business segment analysis.,"TotalEnergies SE filed its half-year financial report for H1 2026 on July 24, 2026, covering consolidated financial statements as of June 30, 2026. The report includes analysis across four business segments: Exploration & Production, Integrated LNG, Integrated Power, and Downstream (Refining & Chemicals and Marketing & Services). Key metrics cover adjusted net operating income, adjusted net income, earnings per share, cash flow, profitability, GHG emissions, and production figures, with auditors' limited review included.",Standard interim regulatory filing with comprehensive financial and operational data; substance depends on unretrieved linked document containing actual figures and performance metrics needed to assess H1 2026 results quality.,neutral,https://www.investegate.co.uk/announcement/bzw/totalenergies-se--tte/half-year-financial-report/9687190
2026-07-24 14:43:00,2026-07-24T13:43:00.000,Deutsche Bank AG,,MSCL,,Value Per Security,0724668596,17705680,,,,,,,
2026-07-24 14:40:00,2026-07-24T13:40:00.000,Mpac Group PLC,MPAC,DIS,Disposal,Completion of Sale of Mpac Lambert Limited,8397N,17705679,317.5,-1.55,"Mpac completes sale of Lambert subsidiary to Mech.i.Tronic, reducing net debt and refocusing on full-line packaging solutions.","Mpac Group plc has completed the sale of Mpac Lambert Limited to Mech.i.Tronic S.p.A on 24 July 2026, as previously announced on 8 June 2026. The transaction delivers significant net debt reduction for the Group and aligns Mpac towards scalable, full-line packaging machinery solutions. CEO Adam Holland highlighted the completion as an important strategic step, with proceeds providing material deleveraging benefits.","Positive signal: debt reduction and strategic refocus support balance sheet strength and execution of stated strategy, likely viewed favourably by equity investors despite loss of Lambert revenue.",positive,https://www.investegate.co.uk/announcement/rns/mpac-group--mpac/completion-of-sale-of-mpac-lambert-limited/9687186
2026-07-24 14:39:00,2026-07-24T13:39:00.000,Deutsche Bank AG,OXA1,MSCL,,Issuance of Securities,0727825378,17705676,,,,,,,
2026-07-24 14:30:02,2026-07-24T13:30:02.000,Halma PLC,HLMA,DSH,Director/PDMR shareholding,Director/PDMR Shareholding,8394N,17705668,3624,-0.712,"Halma Chief Talent, Culture and Communications Executive Jennifer Ward sold 21,393 shares on 22-23 July 2026.","Jennifer Ward, Chief Talent, Culture and Communications Executive at Halma plc, sold 21,393 ordinary shares across two tranches: 2,248 shares at £36.41 on 22 July and 19,145 shares at £36.45 on 23 July 2026. The aggregate sale value was £779,687.24 at an average price of £36.45 per share on the London Stock Exchange.","Routine PDMR share sale disclosure; modest portfolio rebalancing by senior executive in a diversified safety-focused conglomerate with strong growth track record, unlikely to signal broader concerns.",neutral,https://www.investegate.co.uk/announcement/rns/halma--hlma/director-pdmr-shareholding/9687172
2026-07-24 14:27:46,2026-07-24T13:27:46.000,Mission Group PLC (The),TMG,HOL,Holding(s) in company,Holding(s) in Company,8391N,17705663,19,0.0,Herald Investment Management's clients increase holding in Mission Group PLC to 5.17% of voting rights.,"Herald Investment Management Limited, acting on behalf of its discretionary investment management clients, crossed a major shareholding threshold in The Mission Group PLC on 23 July 2026. The holding increased from 4.07% to 5.17% of voting rights, representing 4,703,925 shares. The notification was filed on 24 July 2026. No financial instruments are involved in the position.","Routine disclosure of a major shareholding change; indicates passive investment management activity rather than strategic intervention, likely a non-event for markets.",neutral,https://www.investegate.co.uk/announcement/rns/the-mission-group--tmg/holding-s-in-company/9687168
2026-07-24 14:26:10,2026-07-24T13:26:10.000,Tata Steel Limited,TTST,MSC,Miscellaneous,"Disclosure under Regulation 30 of SEBI LODR, 2015",8385N,17705659,19.65,-0.758,"Tata Steel's ₹25,186 crore tax dispute restored for High Court hearing on August 19, 2026.","Tata Steel's writ petition challenging a reassessment notice for AY 2019-20 involving a ₹25,185.51 crore loan waiver to Tata Steel BSL has been restored for hearing on August 19, 2026. The High Court initially set aside the notice on technical grounds, but India's Finance Act 2026 introduced a retrospective amendment empowering Jurisdictional Assessing Officers to issue reassessment notices, prompting the Supreme Court to remand the matter. The company now has liberty to challenge the constitutional validity of the retrospective amendment and maintains it has a strong case on merits.",Ongoing tax litigation with significant quantum; outcome uncertain but company confident. Market likely to treat as material contingent liability requiring monitoring given scale and precedential implications.,negative,https://www.investegate.co.uk/announcement/rns/tata-steel-limited--ttst/disclosure-under-regulation-30-of-sebi-lodr-2015/9687162
2026-07-24 14:25:48,2026-07-24T13:25:48.000,Videndum PLC,VID,HOL,Holding(s) in company,Holding(s) in Company,8382N,17705657,240.0,6.667,,,,,
2026-07-24 14:25:35,2026-07-24T13:25:35.000,Potentially AI PLC,AGI,RAG,Regulatory application/grant,Result of AGM,8384N,17705656,8.25,0.61,Potentially AI PLC passes all AGM resolutions. All proposals approved on show of hands.,"Potentially AI PLC (AIM: AGI) held its Annual General Meeting on 24 July 2026, with all resolutions passed by show of hands. The London-based collective AI company provides access to over 1,000 open-source AI models and frontier lab offerings. Three products launch in H2 2026: a consumer app, professional workplace, and marketplace for users to monetise AI-related creations. Proxy voting details available on the company website.","Routine governance disclosure with no material corporate actions or strategic announcements; shareholder approval was unanimous, indicating no internal discord.",neutral,https://www.investegate.co.uk/announcement/rns/potentially-ai-plc--agi/result-of-agm/9687160
2026-07-24 14:15:00,2026-07-24T13:15:00.000,GETECH Group plc,GTC,HOL,Holding(s) in company,Holding(s) in Company,8374N,17705639,2.35,-6,First Equity Limited's holding in GETECH Group plc falls to 6.42% from 7.60% following a disposal of voting rights.,"First Equity Limited, acting as investment manager for the Estate of William Black Armstrong Investments Limited, reduced its stake in GETECH Group plc to 6,417,077 voting rights (6.42%) as of 23 July 2026, down from 8 million shares (7.60%) at the previous notification. The threshold crossing was notified to the issuer on 24 July 2026. The holding remains above the 5% disclosure threshold but represents a material reduction in the shareholder's position.","Routine regulatory disclosure of a significant shareholder reducing stake; likely reflects portfolio rebalancing rather than fundamental concern, but reduction in major holder concentration could be read as neutral to slightly negative depending on market sentiment toward the company.",neutral,https://www.investegate.co.uk/announcement/rns/getech-group--gtc/holding-s-in-company/9687143
2026-07-24 14:12:20,2026-07-24T13:12:20.000,JPMorgan UK Small Cap Grwth&Inc PLC,JUGI,HOL,Holding(s) in company,Holding(s) in Company,8375N,17705637,337.5,0.897,Border to Coast Pensions Partnership reduces holding in JPMorgan UK Small Cap Growth & Income PLC from 5.34% to zero.,"Border to Coast Pensions Partnership Ltd, via Northern Trust Global Services SE, notified on 24 July 2026 of a complete disposal of its voting rights in JPMorgan UK Small Cap Growth & Income PLC (ISIN GB00BF7L8P11). The holding fell from 5.34% to 0%, crossing a notifiable threshold. No direct shares or financial instruments remain held.",Complete exit by major institutional investor signals either portfolio rebalancing or reduced conviction in the small-cap growth strategy; likely a non-event unless part of broader sector rotation.,neutral,https://www.investegate.co.uk/announcement/rns/jpmorgan-uk-small-cap-growth-income--jugi/holding-s-in-company/9687142
2026-07-24 13:58:14,2026-07-24T12:58:14.000,Bluefield Solar Income Fund Limited,BSIF,ROM,Result of meeting,Results of Court & General Meetings,8344N,17705600,92.1,0.109,,,,,
2026-07-24 13:57:16,2026-07-24T12:57:16.000,United Oil & Gas PLC,UOG,HOL,Holding(s) in company,Holding(s) in Company,8341N,17705599,0.19,5.555555555555556,Premier Miton Group plc crossed 5% voting threshold in United Oil & Gas PLC on 9 July 2026.,"Premier Miton Group plc notified its acquisition of a major holding in United Oil & Gas PLC (ISIN GB00BYX0MB92), crossing the 5% voting threshold on 9 July 2026. The asset manager now holds 256,771,460 voting rights representing 5.538616% of total voting rights, all through direct share ownership with no financial instruments involved. The holding was completed in Guildford on the same date.",Routine regulatory disclosure of a major shareholding threshold crossing; standard notification with no apparent activist intent or strategic implications requiring immediate market reassessment.,neutral,https://www.investegate.co.uk/announcement/rns/united-oil-gas--uog/holding-s-in-company/9687101
2026-07-24 13:28:50,2026-07-24T12:28:50.000,South East Water Limited,53HO,RSP,,Rating ,8320N,17705569,86,,South East Water downgraded to BB+ by S&P; secures £200m liquidity backstop following Ofwat redress deal.,"S&P Global Ratings downgraded South East Water (Finance) Limited's senior secured ratings from BBB- to BB+, breaching the company's licence requirement to maintain two investment-grade ratings. The downgrade follows a £30.5 million redress package agreed with Ofwat to settle investigations into 2025/26 winter supply interruptions and licence breaches. South East Water has secured £200 million new liquidity via a bond issuance backstop and plans a £1.9 billion investment programme through 2030 to improve operational resilience.","Credit downgrade and licence breach signal operational stress and financial pressure, though liquidity backstop provides near-term runway; market likely negative on credit deterioration and regulatory issues despite investment commitments.",negative,https://www.investegate.co.uk/announcement/rns/south-east-water-ld--53ho/rating-/9687066
2026-07-24 13:25:12,2026-07-24T12:25:12.000,Victrex PLC,VCT,HOL,Holding(s) in company,Holding(s) in Company,8318N,17705565,748,3.172,"Norges Bank crosses 9% threshold in Victrex PLC, holding 8m voting rights as of 16 July.","Norway's central bank, Norges Bank, notified on 17 July of crossing a major shareholding threshold in Victrex PLC on 16 July 2026. The bank now holds 9.182% of voting rights (8m shares), comprising 9.004% direct voting rights and 0.178% through financial instruments (share lending). This represents a marginal decrease from the previous notification position of 9.182%, with the direct holding slightly down from 8.959%.",Routine disclosure with no material change in Norges Bank's substantial but stable stake; unlikely to signal strategic shift given the minimal movement in holding levels.,neutral,https://www.investegate.co.uk/announcement/rns/victrex-plc--vct/holding-s-in-company/9687063
2026-07-24 13:19:33,2026-07-24T12:19:33.000,EnQuest PLC,ENQ,PDI,Price/dividend information,Publication of a Prospectus,8307N,17705558,27.5,-0.722,EnQuest publishes prospectus for US$833m Malaysia acquisition; shareholder vote set for 11 August 2026.,"EnQuest PLC has published an FCA-approved prospectus for its proposed acquisition of participating interests in four Malaysian production sharing contracts from PETRONAS CARIGALI for maximum US$833m. A general meeting is scheduled for 11 August 2026 to seek shareholder approval. The acquisition constitutes a reverse takeover under UK Listing Rules; EnQuest's shares will be delisted from the London Stock Exchange following Package 1 completion, with re-admission expected around 4 January 2027. No new shares are being issued.","Material M&A requiring shareholder approval with significant delisting/re-listing process; market likely neutral pending vote outcome and deal completion risks, as acquisition represents strategic expansion but involves operational uncertainty.",neutral,https://www.investegate.co.uk/announcement/rns/enquest--enq/publication-of-a-prospectus/9687056
2026-07-24 13:19:01,2026-07-24T12:19:01.000,South Eastern Power Networks PLC,FJ19,ACS,,Annual Financial Report,8311N,17705556,,,,,,,
2026-07-24 13:17:54,2026-07-24T12:17:54.000,Truetide PLC,TRUE,RAG,Regulatory application/grant,Result of AGM,8309N,17705555,3.05,0.0,Truetide PLC's AGM approves all resolutions with notable shareholder dissent on share authority matters.,"All eight resolutions passed at Truetide's 24 July 2026 AGM. Share authority resolutions 7 and 8 received material dissent: 21.09% and 24.35% voting against respectively, compared to under 5% opposition on other matters. The Board acknowledged this dissent and committed to engaging with concerned shareholders. Standard resolutions including accounts (99.95% for) and director re-elections passed comfortably, though directors Hallam, Brown and Li each received 14-18% opposition votes.","Significant minority shareholder opposition to dilution authority signals governance concerns, but all resolutions passed comfortably. Board engagement commitment mitigates but doesn't eliminate sentiment risk.",neutral,https://www.investegate.co.uk/announcement/rns/truetide-plc--true/result-of-agm/9687053
2026-07-24 13:17:51,2026-07-24T12:17:51.000,Victrex PLC,VCT,HOL,Holding(s) in company,Holding(s) in Company,8312N,17705553,748,3.172,Norges Bank crosses 9.18% voting rights threshold in Victrex PLC via share acquisition and financial instruments.,"Norges Bank notified on 17 July 2026 that it crossed the 9% disclosure threshold in Victrex PLC on 16 July. The Norwegian central bank now holds 9.182% total voting rights: 7.84 million shares (9.004%) plus 155,217 voting rights via financial instruments (0.178%). Previous notification showed 9.182% as well. The stake comprises 8 million voting rights in total.",Routine major holding disclosure. Norges Bank's position has remained essentially flat; no material change in control dynamics. Unlikely to trigger significant market reaction as it represents a passive institutional holding notification rather than an activist move.,neutral,https://www.investegate.co.uk/announcement/rns/victrex-plc--vct/holding-s-in-company/9687063
2026-07-24 13:13:02,2026-07-24T12:13:02.000,London Power Networks PLC,81VD,ACS,,Annual Financial Report,8304N,17705549,203.625,,"London Power Networks PLC publishes annual report for year ended 31 March 2026, following Engie acquisition on 7 May 2026.","London Power Networks PLC, the Inner London electricity distribution network operator serving 2.4 million customers, reported profit after tax of £56.5m (down from £242.3m prior year), with turnover of £450.5m (down from £663.1m). The decline was expected and reflects prior-year non-recurring items including inflation catch-up and RIIO-ED1 incentive recovery. EBITDA fell to £285.8m from £505.6m. Capital expenditure was £310.7m gross. The company improved network reliability with customer minutes lost at 9.0 versus 10.5 previously. On 7 May 2026 (post-reporting date), Engie S.A. acquired 100% ownership of UK Power Networks Group.",Routine disclosure of normalised results following prior-year exceptional items; ownership change post-period is material but doesn't affect FY2026 financials. Likely market non-event.,neutral,https://www.investegate.co.uk/announcement/rns/london-power-networks-plc--81vd/annual-financial-report/9687047
2026-07-24 13:07:40,2026-07-24T12:07:40.000,Eastern Power Networks PLC,BF09,ACS,,Annual Financial Report,8292N,17705537,92.547,,,,,,
2026-07-24 13:07:15,2026-07-24T12:07:15.000,Cadence Minerals PLC,KDNC,RAG,Regulatory application/grant,Result of AGM,8284N,17705534,4.95,0.0,Cadence Minerals passes all AGM resolutions; pre-emption rights disapplication withdrawn from vote.,"All resolutions at Cadence Minerals' 24 July 2026 AGM were passed, with strong shareholder support. Financial statements approved (149.1m votes for), Andrew Suckling re-appointed as director (128.1m for), and PKF Littlejohn LLP reappointed as auditor (149.3m for). Directors received authority to allot shares (102.4m for, 50.1m against). Resolution 5 to dis-apply pre-emption rights was withdrawn before voting.","Routine AGM outcome with solid backing on core matters. Withdrawal of pre-emption disapplication resolution suggests shareholder sensitivity on dilution, but poses no immediate concern for trading.",neutral,https://www.investegate.co.uk/announcement/rns/cadence-minerals--kdnc/result-of-agm/9687031
2026-07-24 13:06:08,2026-07-24T12:06:08.000,Fiinu PLC,BANK,RAG,Regulatory application/grant,Result of Annual General Meeting,8281N,17705525,3.75,0.0,Fiinu PLC shareholders approve 12 of 13 AGM resolutions; equity allotment authority fails 75% threshold.,"At its 24 July 2026 AGM, Fiinu PLC secured overwhelming approval for resolutions 1-12, including audited accounts (99.9996%), director re-elections, and share buyback authority (97.33%). However, Resolution 13 on non-pre-emptive equity allotment narrowly failed, securing 65.26% support against the required 75% supermajority threshold. Director Marko Sjoblom faced the most opposition at 32% dissent, whilst remuneration reports attracted circa 20% opposition.","Mixed outcome; routine governance approval offset by failed capital flexibility measure, limiting the company's ability to raise equity quickly without pre-emption rights. Likely read as minor setback but manageable.",neutral,https://www.investegate.co.uk/announcement/rns/fiinu--bank/result-of-annual-general-meeting/9687022
2026-07-24 13:00:00,2026-07-24T12:00:00.000,discoverIE Group plc,DSCV,RAG,Regulatory application/grant,Results of Annual General Meeting,8232N,17705514,739,6.331,discoverIE Group plc shareholders approved all 19 AGM resolutions with strong majorities at today's meeting.,"All resolutions passed at discoverIE's AGM held 24 July 2026 with overwhelming support. Financial statements approved 99.99%, final dividend 100%, and auditor reappointed unanimously. Director re-elections secured 84-94% support, with Bruce Thompson receiving lowest backing at 84.36%. Share allotment authorities and pre-emption rights disapplication passed 84-99%. Total votes cast: 75.99 million (78.06% of issued capital), with 97.36 million shares outstanding.",Routine AGM with overwhelming shareholder approval across all matters; minor dissent on share issuance authorities and Bruce Thompson's re-election suggest some investor caution but nothing material to concern markets.,neutral,https://www.investegate.co.uk/announcement/rns/discoverie-group--dscv/results-of-annual-general-meeting/9687006
2026-07-24 12:57:00,2026-07-24T11:57:00.000,Bank of America Corporation,0Q16,MSCL,,Notification of Filing of Documents,60724-1680,17705512,,,,,,,
2026-07-24 12:36:05,2026-07-24T11:36:05.000,Glenstone REIT PLC,,ACS,,Annual Financial Report,8254N,17705482,,,,,,,
2026-07-24 12:31:58,2026-07-24T11:31:58.000,iShares Physical Metals Plc,,PFT,,Final Terms,8252N,17705476,,,,,,,
2026-07-24 12:30:50,2026-07-24T11:30:50.000,iShares Physical Metals Plc,,PFT,,Final Terms,8244N,17705473,,,,,,,
2026-07-24 12:30:00,2026-07-24T11:30:00.000,BSF Enterprise PLC,BSFA,HOL,Holding(s) in company,UPDATED TR-1,8236N,17705471,0.85,0.0,"Alvar Financial Services notified of 0.09% voting rights via equity swap in BSF Enterprise, down from 9.38% previously.","Alvar Financial Services Ltd submitted an updated TR-1 notification on 24 July 2026 regarding its position in BSF Enterprise PLC (LSE: BSFA). As of 13 May 2026, Alvar holds 150,000 voting rights representing 0.089888% of the company, entirely through an equity swap financial instrument with physical settlement. This represents a significant reduction from its previous notifiable position of 9.378309%, indicating a substantial disposal of its holding in the tissue-engineered materials innovator.",Material reduction in a major shareholder's position suggests either portfolio rebalancing or changed conviction in BSF. Market likely to monitor for further ownership shifts and reassess investor sentiment toward the company.,negative,https://www.investegate.co.uk/announcement/rns/bsf-enterprise--bsfa/updated-tr-1/9686963
2026-07-24 12:29:29,2026-07-24T11:29:29.000,iShares Physical Metals Plc,,PFT,,Final Terms,8248N,17705470,,,,,,,
2026-07-24 12:28:29,2026-07-24T11:28:29.000,Technology Minerals PLC,TM1,ROI,Result of issue,Result of WRAP Retail Offer,8242N,17705466,0.051,0.0,"Technology Minerals raises £2.159m via placing and retail offer, issuing 4.3bn shares at £0.0005 each.","Technology Minerals PLC completed its WRAP Retail Offer raising approximately £32,564 from retail investors at £0.0005 per share, issuing 65.1m shares. Combined with a placing and subscription raising £2.126m (4.254bn shares including an additional £42k commitment), total gross proceeds reached £2.159m. Post-admission on 29 July 2026, issued share capital will be 12.6bn shares with 12.4bn voting rights. New shares rank pari passu with existing ordinary shares.",Significant dilution from 4.3bn new shares at deeply discounted price suggests financial stress; minimal retail demand (£32.5k from retail offer) and reliance on institutional placing raises capital adequacy concerns for this battery metals recycling company.,negative,https://www.investegate.co.uk/announcement/rns/technology-minerals--tm1/result-of-wrap-retail-offer/9686959
2026-07-24 12:27:37,2026-07-24T11:27:37.000,iShares Physical Metals Plc,,PFT,,Final Terms,8240N,17705465,,,,,,,
2026-07-24 12:25:25,2026-07-24T11:25:25.000,Banco Santander S.A.,BNC,IR,Interim results,Half-year Financial Report (UK),8239N,17705463,1012,1.606,"Santander posts H1 2026 earnings of EUR 8,973m, up 31% YoY, buoyed by Poland disposal gain and TSB acquisition integration.","Grupo Santander reported H1 2026 attributable profit of EUR 8,973m (+31% YoY), including a EUR 1,895m capital gain from completing the Poland disposal in Q1 2026 and TSB acquisition costs of EUR 250m in Q2 2026. Underlying attributable profit rose 15% to EUR 7,328m (+14% constant euros). RoTE improved to 17.4% (underlying 15.6%), with efficiency ratio at 42.8%. Loans grew 9% YoY and customer funds 11% YoY. CET1 ratio 14.0% post-TSB impact. TSB added EUR 53bn assets and 4.7mn customers; Webster acquisition announced (USD 12.2bn, pending approval).","Strong operational performance and strategic M&A activity signal disciplined capital deployment, though headline profit inflated by Poland disposal; underlying metrics show solid 15% growth meeting 2026 targets with improving returns trajectory.",positive,https://www.investegate.co.uk/announcement/rns/banco-santander-s-a---bnc/half-year-financial-report-uk-/9686956
2026-07-24 12:25:17,2026-07-24T11:25:17.000,Xtrackers ETC PLC,XGDU,PFT,,Final Terms,8237N,17705462,62.645,0.667,"Xtrackers ETC PLC issues 31,305 gold-backed securities (Tranche 661) under its precious metals programme.","Xtrackers ETC PLC issued 31,305 physical gold ETC securities on 27 July 2026 at USD 54.68 per security, bringing total Series 2 issuance to 97.65 million securities. Securities mature 23 April 2080, backed by allocated gold held by JPMorgan Chase. Base fee is 0.11% per annum with 1.00% maximum. Total net proceeds estimated at USD 1.71 million. Securities listed on Frankfurt, Borsa Italiana and London Stock Exchange.",Routine issuance under existing programme; continuation of ongoing ETC product distribution with standard terms and established custodian arrangements. Non-event for markets.,neutral,https://www.investegate.co.uk/announcement/rns/xtrackers-etc-public-limited-company--xgdu/final-terms/9686955
2026-07-24 12:15:00,2026-07-24T11:15:00.000,Oracle Power PLC,ORCP,RAG,Regulatory application/grant,Result of AGM,8215N,17705454,0.0425,10.38961038961039,Oracle Power shareholders approve all AGM resolutions. International project developer focused on green hydrogen and renewables.,"Oracle Power PLC held its Annual General Meeting on 24 July 2026, with all proposed resolutions receiving shareholder approval as outlined in the formal notice dated 24 June 2026. The AIM-listed international project developer is advancing multiple initiatives including a green hydrogen production facility in Pakistan's Jhimpir Wind Corridor, a 1GW solar park in Thar, a 1.3GW hybrid renewable power plant, and exploration projects in Western Australia covering gold, copper and silver resources. Recent activity includes geotechnical drilling updates and assay results showing up to 71g/t gold at the Northern Zone project.",Routine governance approval with no material new information disclosed. Shareholders confirmed backing for existing strategy; market likely to treat as non-event unless broader project updates emerge.,neutral,https://www.investegate.co.uk/announcement/rns/oracle-power--orcp/result-of-agm/9686943
2026-07-24 12:15:00,2026-07-24T11:15:00.000,Foresight Enterprise VCT Plc,FTF,DSH,Director/PDMR shareholding,Director/PDMR Shareholding,1214292-en,17705455,43.6,0.0,"Director Ian Harris allotted 3,963 ordinary shares via dividend reinvestment scheme on 24 July 2026.","Foresight Enterprise VCT plc allotted 3,963 ordinary shares to director Ian Harris on 24 July 2026 as part of the Company's Dividend Reinvestment Scheme (DRIS). This is a routine notification of director shareholding changes following dividend reinvestment, reflecting the director's participation in the scheme to reinvest dividends into additional shares.",Routine disclosure indicating director confidence through dividend reinvestment; no material market implications or significant shareholding change signalled.,neutral,https://www.investegate.co.uk/announcement/gnw/foresight-enterprise-vct--ftf/director-pdmr-shareholding/9686947
2026-07-24 12:14:02,2026-07-24T11:14:02.000,Origin Enterprises Plc,OGN,TRS,,Re-issue of Treasury Shares,8224N,17705450,366,0.0,Origin Enterprises re-issued 925 treasury shares to satisfy employee share option scheme exercises.,"Origin Enterprises plc transferred 925 treasury shares on 24 July 2026 to satisfy exercises under its Savings Related Share Option Scheme. Treasury shares reduced from 12,075,047 to 12,074,122. Total ordinary shares in issue (excluding treasury shares) now stand at 107,667,409. This is a routine capital management transaction reflecting employee share scheme participation.",Routine disclosure with minimal market impact; reflects standard employee equity participation with negligible dilution effect on existing shareholders.,neutral,https://www.investegate.co.uk/announcement/rns/origin-enterprises-cdi---ogn/re-issue-of-treasury-shares/9686941
2026-07-24 12:10:00,2026-07-24T11:10:00.000,Foresight Enterprise VCT Plc,FTF,IOE,Issue of equity,Issue of Equity,1214290-en,17705432,43.6,0.0,Foresight Enterprise VCT allots 2.74m shares at 45.7p via dividend reinvestment scheme.,"Foresight Enterprise VCT Plc allotted 2,739,218 ordinary shares of 1p each on 24 July 2026 under its Dividend Reinvestment Scheme at 45.7p per share. The shares are expected to be admitted to the Official List and London Stock Exchange on or around 28 July 2026. Following this allotment, the company now has 388,578,309 ordinary shares in issue.","Routine dividend reinvestment scheme execution; reflects shareholder choice to reinvest rather than take cash, indicating retained capital deployment—non-event absent pricing anomalies.",neutral,https://www.investegate.co.uk/announcement/gnw/foresight-enterprise-vct--ftf/issue-of-equity/9686932
2026-07-24 12:06:03,2026-07-24T11:06:03.000,BSF Enterprise PLC,BSFA,HOL,Holding(s) in company,TR-1 from Alvar,8005N,17705427,0.85,0.0,Alvar Financial Services notifies 15% voting rights stake in BSF Enterprise via financial instruments.,"Alvar Financial Services Ltd crossed a 15% voting rights threshold in BSF Enterprise PLC on 2 April 2026, notified to the issuer on 7 April 2026. The 15% stake comprises 35.65 million voting rights held through financial instruments with cash settlement, with no direct share ownership. Alvar Financial Services is independently controlled and holds no other interests in BSF.",Routine regulatory disclosure of major holding threshold crossing. Market impact likely minimal unless Alvar's intentions suggest activist involvement; otherwise standard notification with no immediate trading implications.,neutral,https://www.investegate.co.uk/announcement/rns/bsf-enterprise--bsfa/tr-1-from-alvar/9686920
2026-07-24 12:04:00,2026-07-24T11:04:00.000,BlackRock American Income Trust Plc,BRAI,ROM,Result of meeting,Result of GM,60724-1655,17705425,278,0.725,"BlackRock American Income Trust shareholders overwhelmingly approved share issuance authorities at GM, with 98%+ support across all resolutions.",BlackRock American Income Trust plc held a general meeting on 24 July 2026 to authorize directors to allot or sell up to 20% of issued ordinary share capital on a non-pre-emptive basis. All four resolutions passed with strong shareholder support: Resolution 1 (alloc authority) received 99.28% backing; Resolution 2 (additional alloc) 99.15%; Resolution 3 (disapply pre-emption on new issues) 99.01%; Resolution 4 (disapply pre-emption on treasury sales) 98.80%. The votes represent discretionary votes included.,"Overwhelming approval gives management significant flexibility for capital management and potential acquisitions; strong support indicates shareholder confidence, likely viewed neutrally as routine governance matter with positive optionality.",neutral,https://www.investegate.co.uk/announcement/prn/blackrock-american-income-trust-plc--brai/result-of-gm/9686918
2026-07-24 12:02:15,2026-07-24T11:02:15.000,Workspace Group PLC,WKP,DSH,Director/PDMR shareholding,Director/PDMR Shareholding,8201N,17705421,350.6,-0.114,Workspace Group grants share options to CEO and CFO under Sharesave scheme at 268p exercise price.,"On 23 July 2026, Workspace Group PLC granted options under its Sharesave Option Plan to two persons discharging managerial responsibility: CEO Charlie Green received options over 11,399 shares and CFO Tom Edwards-Moss received options over 6,791 shares, both at an exercise price of 268p per ordinary share.",Routine director share scheme disclosure. Employee participation in Sharesave arrangements is standard practice and typically viewed as positive alignment of management interests with shareholders.,neutral,https://www.investegate.co.uk/announcement/rns/workspace-group--wkp/director-pdmr-shareholding/9686909
2026-07-24 12:01:00,2026-07-24T11:01:00.000,Cirata PLC,CRTA,TST,Trading statement,Q2FY26 Trading Update,8098N,17705412,15,-5.956,"Cirata raises £5.4m, reports growing ACV and pipeline momentum ahead of profitability target.","Data orchestration firm Cirata completed an oversubscribed £5.4m ($7.2m) fundraise, bringing total liquidity to ~$10m. Q2FY26 closing ACV grew to $5.3m from $4.9m; billings reached $0.5m with RCB of $5.7m. Sales pipeline expanded 40% to $21m ACV by April, with Cirata Symphony gaining first customer (UK retailer) and new IBM OEM agreement. Q2 cash overhead of $3.2m tracks annualized guidance of $12-13m. Company reaffirms FY26 cash flow breakeven target with fully staffed go-to-market team.","Market likely reads positively: strong fundraise validation, tangible Symphony traction with enterprise customers, pipeline growth, and management execution on path to breakeven. Demonstrates investor confidence and operational progress.",positive,https://www.investegate.co.uk/announcement/rns/cirata--crta/q2fy26-trading-update/9686901
2026-07-24 12:00:00,2026-07-24T11:00:00.000,Cirata PLC,CRTA,RAG,Regulatory application/grant,Result of General Meeting and Total Voting Rights,8045N,17705408,15,-5.956,Cirata PLC shareholder approval for £5.4m fundraising at 15p per share; Admission to AIM expected 28 July.,"All resolutions at Cirata's General Meeting on 24 July 2026 were approved. The company will issue 36,310,971 new ordinary shares at 15 pence each, raising approximately £5.4m gross (c.$7.2m). A UK branch establishment condition for tax relief eligibility has been satisfied. Post-admission, total issued share capital will comprise 162,759,626 ordinary shares. Trading on AIM is expected to commence 28 July 2026 at 8:00 a.m.",Successful shareholder approval and completion of funding conditions removes barriers to Admission; routine capital raise to support data orchestration technology company's growth. Market likely to view as orderly execution of planned fundraising.,neutral,https://www.investegate.co.uk/announcement/rns/cirata--crta/result-of-general-meeting-and-total-voting-rights/9686896
2026-07-24 11:55:06,2026-07-24T10:55:06.000,STV Group PLC,STVG,HOL,Holding(s) in company,Holding(s) in Company,8193N,17705400,106.25,0.0,Axiom Media Holdings Limited crosses 3.88% voting rights threshold in STV Group PLC.,"Axiom Media Holdings Limited, controlled by Jeremy Lawrence, has notified the FCA of acquiring a 3.88% voting stake in STV Group PLC (1,815,000 shares). The threshold was crossed on 17 July 2026 and reported on 24 July 2026. No financial instruments are involved. This represents a standard major holdings notification under UK disclosure rules.",Routine disclosure of a sub-5% stake crossing the 3% notification threshold; standard regulatory filing with no apparent material significance unless further context on Lawrence's intentions emerges.,neutral,https://www.investegate.co.uk/announcement/rns/stv-group--stvg/holding-s-in-company/9686889
2026-07-24 11:52:50,2026-07-24T10:52:50.000,Herald Investment Trust PLC,HRI,MSC,Miscellaneous,Statistics and Performance Report,8171N,17705394,2975,-1.653,"Herald Investment Trust reports NAV up 28.1% YTD to 3459.7p as of 30 June 2026, with significant long-term returns since 1994.","Herald Investment Trust's NAV per share (excluding accrued income) reached 3459.7p at 30 June 2026, delivering -0.4% performance since 31 May but +28.1% year-to-date and +3405.2% since inception in 1994. The trust held 248 equity positions with 43.6% in overseas equities, 11.7% in UK equities, and 44.7% in cash and government bonds. Net assets totalled £1,655.6m across 47.86m shares in issue, though shares traded at an 11.3% discount to NAV.","Strong YTD performance and exceptional long-term track record, though recent underperformance versus benchmarks and persistent share price discount to NAV may temper investor enthusiasm.",positive,https://www.investegate.co.uk/announcement/rns/herald-investment-trust--hri/statistics-and-performance-report/9686883
2026-07-24 11:44:55,2026-07-24T10:44:55.000,Hercules PLC,HERC,DSH,Director/PDMR shareholding,Director Dealing,8157N,17705344,40.0,3.896103896103896,"Hercules CEO Brusk Korkmaz acquires 100,000 shares, increasing stake to 23.68%.","Brusk Korkmaz, CEO of Hercules plc (AIM: HERC), purchased 100,000 ordinary shares at an average price of 39.75 pence per share through Hercules Real Estate Limited on 24 July 2026. The transaction comprised 70,000 shares at 40.5p and 30,000 shares at 38.0p. Following this acquisition, Korkmaz's beneficial holding increased to 18,270,846 shares, representing 23.68% of issued share capital.","Insider buying by the CEO at these price levels could signal management confidence in the business outlook, though the modest share count increase against his existing substantial stake suggests incremental rather than transformational conviction.",positive,https://www.investegate.co.uk/announcement/rns/hercules-plc--herc/director-dealing/9686831
2026-07-24 11:37:30,2026-07-24T10:37:30.000,Jardine Matheson Hldgs Ltd,JAR,POS,Change of position,Transaction in Own Shares,8108N,17705299,62.5,,"Jardine Matheson repurchased 12,000 shares on 24 July 2026 at weighted average price of US$64.19, to be cancelled.","Jardine Matheson Holdings completed a share repurchase of 12,000 ordinary shares on 24 July 2026 at prices ranging from US$63.20 to US$65.00, with a weighted average of US$64.1883 per share. The repurchased shares will be cancelled, reducing issued share capital to 294,013,976 shares. The repurchase was conducted on a voluntary basis in compliance with FCA disclosure rules.",Routine share buyback execution within an ongoing programme; modest scale (0.004% of shares) suggests steady capital management rather than material shareholder value signal.,neutral,https://www.investegate.co.uk/announcement/rns/jardine-matheson-holdings-ltd-singapore-reg---jar/transaction-in-own-shares/9686788
2026-07-24 11:37:27,2026-07-24T10:37:27.000,Beazley PLC,BEZ,HOL,Holding(s) in company,Holding(s) in Company ,8110N,17705298,1293,0.427,BNP Paribas SA holding in Beazley PLC falls below 5% threshold to 4.86% following derivative position changes.,"BNP Paribas SA notified on 24 July 2026 that its voting rights in Beazley PLC decreased from 5.03% to 4.86% as of 22 July 2026. The position comprises 3.35% in direct shares (20.1m voting rights) and 1.51% through financial instruments, primarily total return swaps expiring between July 2026 and May 2028. The reduction resulted from derivative position adjustments rather than share disposals.","Routine disclosure of major holding below notification threshold; derivative-driven reduction reflects portfolio management rather than strategic exit, unlikely to signal material market concerns.",neutral,https://www.investegate.co.uk/announcement/rns/beazley--bez/holding-s-in-company-/9686787
2026-07-24 11:33:35,2026-07-24T10:33:35.000,RIT Capital Partners PLC,RCP,RTE,,Result of Tender Offer,8077N,17705263,2510.0,-0.594,"RIT Capital Partners completes £300m tender offer, repurchasing 11.2m shares (8.2% of capital) at 18% premium to undisturbed price.","RIT accepted 11.2 million shares (8.2% of issued capital) for purchase at £300 million in the tender offer, with 20.5% of capital validly tendered. The tender price represented an 18% premium to the undisturbed share price. Approximately 80% of shareholders did not tender, which the board interprets as long-term support for the company's strategy. The board will advance additional capital allocation initiatives including a dividend policy review with potential increases from 2027 and continuation of active share buybacks.",Tender completed successfully with strong shareholder retention suggesting confidence in management and strategy; upcoming dividend increases and buybacks likely viewed positively by long-term holders seeking value realization.,positive,https://www.investegate.co.uk/announcement/rns/rit-capital-partners--rcp/result-of-tender-offer/9686752
2026-07-24 11:30:01,2026-07-24T10:30:01.000,Team PLC,TEAM,DSH,Director/PDMR shareholding,Director’s Dealing,7992N,17705255,15.5,0.0,"Team PLC director John Cusins purchases 32,258 shares at 15.5p, increasing stake to 1.21%.","John Cusins, Independent Non-Executive Director of Team PLC, purchased 32,258 ordinary shares on 23 July 2026 at 15.5 pence per share on the London Stock Exchange AIM market. Following this transaction, Cusins holds 1,469,170 shares, representing approximately 1.21% of the Company's issued share capital. The purchase is disclosed under Article 19 of EU Market Abuse Regulation 596/2014.","Insider buying at modest scale signals director confidence in valuation; however, the small purchase size and non-executive role limit significance as a market indicator.",neutral,https://www.investegate.co.uk/announcement/rns/team--team/director-s-dealing/9686743
2026-07-24 11:25:35,2026-07-24T10:25:35.000,Hikma Pharmaceuticals Plc,HIK,HOL,Holding(s) in company,Holding(s) in Company,8043N,17705244,1582,1.867,Wellington Management Group LLP's stake in Hikma Pharmaceuticals falls below 5% threshold to 4.92%.,"Wellington Management Group LLP notified a reduction in its voting rights in Hikma Pharmaceuticals PLC from 5.01% to 4.92% as of 22 July 2026. The stake comprises 10,312,416 direct voting rights (4.88%) and 85,175 voting rights through financial instruments (0.04%), including equity swaps expiring in 2028 and 2033. The notification was submitted to the FCA on 23 July 2026.",Routine disclosure of a major shareholder stake crossing below the 5% regulatory threshold; no strategic implications for the company or broader market implications.,neutral,https://www.investegate.co.uk/announcement/rns/hikma-pharmaceuticals--hik/holding-s-in-company/9686732
2026-07-24 11:21:15,2026-07-24T10:21:15.000,Turkiye Garanti Bankasi A.S.,,MSCL,,Turkiye Garanti Bankasi A.S.: CMB Approval for Bond Issuance to Foreign Markets,2371346_en,17705239,,,,,,,
2026-07-24 11:07:35,2026-07-24T10:07:35.000,Smith & Nephew Plc,SN.,POS,Change of position,Transaction in Own Shares,7640N,17705214,1140.0,1.922,,,,,
2026-07-24 11:06:08,2026-07-24T10:06:08.000,Lowland Investment Co PLC,LWI,BOA,Board appointment/change,Appointment of New Non-Executive Director,8006N,17705211,180.0,0.982,"Lowland Investment Co appoints Cindy Rampersaud as non-executive director from 1 October 2026, succeeding Gaynor Coley as Audit Chair.","Cindy Rampersaud, a qualified accountant with extensive FTSE and governance experience, joins Lowland Investment Company's board as non-executive director from 1 October 2026. She will serve on multiple committees including Audit and Risk, and succeed Gaynor Coley as Audit and Risk Committee Chair upon Coley's retirement. Rampersaud currently sits on JPMorgan US Smaller Companies Investment Trust and the UK Health Security Agency, with previous senior roles at Hipgnosis Songs Fund and across sectors including Pearson, Capita and EMI.",Routine board succession announcement with strong credentials in audit and governance; signals stable institutional management but immaterial to investment performance.,neutral,https://www.investegate.co.uk/announcement/rns/lowland-investment-co--lwi/appointment-of-new-non-executive-director/9686698
2026-07-24 11:00:00,2026-07-24T10:00:00.000,Pacsco Ltd,PACS,UPD,,Update on Company's Future Strategy,7787N,17705201,0.45,19.68085106382979,PACSCo confirms imminent cash shell status; actively seeking reverse takeover targets across any sector.,"PACSCo's board confirms that Bank of Mozambique's acceptance of debt assignment notification is the sole outstanding item before formal classification as an AIM Rule 15 cash shell. The company is now actively pursuing reverse takeover transactions. Target acquisition criteria include: active business in any sector within well-governed jurisdictions, strong management team capable of running an AIM-listed entity, net cash flow generative operations, and growth potential that would benefit from capital markets access.","Signals transformation from operating company to acquisition vehicle; investors should expect volatility pending deal announcement, though strategic optionality may appeal to some.",neutral,https://www.investegate.co.uk/announcement/rns/pacsco-limited--pacs/update-on-company-s-future-strategy/9686688
2026-07-24 11:00:00,2026-07-24T10:00:00.000,Takeover Panel,,POT,,Capricorn Energy plc - deadline for clarification,7973N,17705202,,,,,,,
2026-07-24 10:58:10,2026-07-24T09:58:10.000,Lowland Investment Co PLC,LWI,MSC,Miscellaneous,Result of Audit Tender ,7989N,17705196,180.0,0.982,Lowland Investment appoints Johnston Carmichael LLP as new external auditor following competitive tender process.,"Following a formal tender overseen by the Audit and Risk Committee, Lowland Investment Company PLC will appoint Johnston Carmichael LLP as its external auditor, effective from the year ending 30 September 2027, subject to shareholder approval at the 2027 AGM. Ernst & Young LLP, auditor since 2016, will complete the current year's audit for 30 September 2026 before departing. The appointment reflects a competitive evaluation process and Board endorsement of the Audit Committee's recommendation.",Routine audit rotation following competitive tender; auditor changes in investment trusts are standard governance practice and typically signal no underlying concerns; neutral for investors.,neutral,https://www.investegate.co.uk/announcement/rns/lowland-investment-co--lwi/result-of-audit-tender-/9686683
2026-07-24 10:47:42,2026-07-24T09:47:42.000,Georgina Energy PLC,GEX,IOE,Issue of equity,Exercise of Warrants,7972N,17705180,6.5,4,"Georgina Energy PLC exercises 5m warrants at 5p per share, raising £250k for working capital.","Georgina Energy received notice for exercise of 5,000,000 investor warrants at £0.05 each, generating approximately £250,000 in gross proceeds for work programmes and general working capital. The 5,000,000 new ordinary shares will be admitted to the Equity (transition) category of the Official List and London Stock Exchange on 30 July 2026. Post-admission, the company's enlarged share capital will comprise 227,761,707 ordinary shares.","Routine dilutive capital raise via warrant exercise; modest proceeds suggest early-stage funding needs rather than transformational development, likely neutral to slightly negative for existing shareholders.",neutral,https://www.investegate.co.uk/announcement/rns/georgina-energy-plc--gex/exercise-of-warrants/9686665
2026-07-24 10:47:06,2026-07-24T09:47:06.000,Huddled Group PLC,HUD,HOL,Holding(s) in company,Holding(s) in Company ,7970N,17705178,0.35,-6.666666666666667,"Premier Miton Group plc crosses 10% voting threshold in Huddled Group PLC, increasing stake from 8.24% to 10.44%.","Premier Miton Group plc has increased its holding in Huddled Group PLC to 10.437320% of voting rights (84.68m shares), crossing the 10% disclosure threshold. The previous position stood at 8.242014%. The stake was acquired on 23 July 2026 and notified the same day. The holding is held directly through Premier Miton Group plc's subsidiary chain, with no financial instruments involved.",Routine disclosure of major shareholding increase; signals Premier Miton's continued investment in Huddled but not necessarily indicative of material strategic change absent further announcements.,neutral,https://www.investegate.co.uk/announcement/rns/huddled-group--hud/holding-s-in-company-/9686664
2026-07-24 10:45:21,2026-07-24T09:45:21.000,Science Group PLC,SAG,NOR,Notice of results,Notice of Interim Results,7968N,17705174,587,0.0,Science Group PLC to release interim results for H1 2026 on 27 July 2026.,"Science Group plc (AIM:SAG) announced it will publish its interim results for the six-month period ending 30 June 2026 on Monday, 27 July 2026. This is a routine notification of the results release date. The announcement provides contact details for the company secretary and joint brokers Panmure Liberum and Peel Hunt.",Routine disclosure notifying the market of interim results publication date; imminent financial update provides opportunity for investors to assess H1 2026 performance.,neutral,https://www.investegate.co.uk/announcement/rns/science-group--sag/notice-of-interim-results/9686661
2026-07-24 10:41:39,2026-07-24T09:41:39.000,HSBC ETFs PLC,,RAG,Regulatory application/grant,Result of AGM,7962N,17705168,,,,,,,
2026-07-24 10:35:00,2026-07-24T09:35:00.000,Sirius Real Estate Limited,SRE,DSH,Director/PDMR shareholding,Notification of Transactions by PDMRs,7487N,17705166,98.5,1.026,Sirius Real Estate grants deferred bonus share awards to three executives under 2017 plan.,"On 23 July 2026, Sirius Real Estate granted nil-cost option awards under its Deferred Bonus Plan to three PDMRs for bonuses earned in the year ended 31 March 2026: CEO Andrew Coombs (299,152 shares), CFO Chris Bowman (365,040 shares), and CIO Tariq Khader (101,304 shares). Each award vests in two equal tranches on 23 July 2027 and 23 July 2028. All awards were accepted on the grant date.",Routine PDMR disclosure of deferred compensation awards reflecting prior-year bonus accruals; standard governance notification with no immediate market implications.,neutral,https://www.investegate.co.uk/announcement/rns/sirius-real-estate-ltd---sre/notification-of-transactions-by-pdmrs/9686653
2026-07-24 10:34:09,2026-07-24T09:34:09.000,Latham(James) PLC,LTHM,ACS,,Posting of Annual Report and Notice of AGM,7951N,17705164,1075,0.0,James Latham posts 2026 Annual Report; AGM scheduled for 19 August in Hemel Hempstead.,"James Latham plc has posted its Annual Report for the year ended 31 March 2026 to shareholders and made it available on its website. The company's Annual General Meeting will be held on Wednesday 19 August 2026 at 9:00am at the Leverstock Suite, Holiday Inn, Breakspear Way, Hemel Hempstead, Hertfordshire. The timber and decorative panels distributor operates 12 UK and Ireland depots and is listed on AIM.",Routine regulatory filing; no substantive financial or operational details disclosed in announcement. Investors awaiting full annual report content for material assessment.,neutral,https://www.investegate.co.uk/announcement/rns/latham-james---lthm/posting-of-annual-report-and-notice-of-agm/9686651
2026-07-24 10:32:10,2026-07-24T09:32:10.000,Ceiba Investments Limited,CBA,STR,Strategy/company update,Statement re U.S. Sanctions Designation,7944N,17705162,29,,Ceiba Investments designated as blocked person under US sanctions relating to Cuba operations.,"The U.S. Department of State designated Ceiba Investments Limited as a blocked person and Specially Designated National under Executive Order 14404 on 23 July 2026. The company, which invests exclusively in Cuban real estate and tourism assets since 1996, is listed on London's Specialist Fund Segment (ticker: CBA). The Board is assessing the impact and will release further details later today.","Material negative development for a Cuba-focused investment company now subject to U.S. sanctions, likely triggering asset freeze, trading restrictions, and significant shareholder value concerns pending board assessment.",negative,https://www.investegate.co.uk/announcement/rns/ceiba-investments-limited-npv--cba/statement-re-u-s-sanctions-designation/9686649
2026-07-24 10:30:00,2026-07-24T09:30:00.000,Sirius Real Estate Limited,SRE,DSH,Director/PDMR shareholding,Notification of Transactions by PDMRs,7485N,17705158,98.5,1.026,"Sirius Real Estate grants LTIP and SIP awards to eight PDMRs on 23 July 2026, with CEO receiving largest allocation.","Sirius Real Estate granted nil-cost options to executive directors and senior management under its 2021 Long Term Incentive Plan and 2019 Share Incentive Plan on 23 July 2026. CEO Andrew Coombs received the largest award of 1.94m shares, followed by CFO Chris Bowman with 1.66m shares. Five other executives (COO, Chief Impact Officer, Chief HR Officer, Chief Investment Officer, General Counsel) each received 764,750 shares. Awards vest subject to three-year performance conditions measured against a 15-company real estate peer group, with additional two-year holding periods post-vesting.",Routine disclosure of executive compensation through share incentives; aligns management with shareholder interests over three-year horizon. Non-event for markets as standard LTIP/SIP grants.,neutral,https://www.investegate.co.uk/announcement/rns/sirius-real-estate-ltd---sre/notification-of-transactions-by-pdmrs/9686644
2026-07-24 10:27:40,2026-07-24T09:27:40.000,Hongkong Land Hldgs Ltd,HKLD,POS,Change of position,Transaction in Own Shares,7946N,17705156,7.41,0.0,"Hongkong Land repurchased 416,000 shares on 23 July 2026 at an average price of US$7.738 per share for cancellation.","Hongkong Land Holdings completed a share repurchase on 23 July 2026, acquiring 416,000 ordinary shares at prices ranging from US$7.63 to US$7.77 per share, with a weighted average purchase price of US$7.738. The repurchased shares will be cancelled. Following the transaction, the company's issued share capital consists of 2,131,880,626 ordinary shares with one vote each and holds no treasury shares.",Routine capital management activity; share buybacks are generally neutral to modestly positive as they can support EPS but represent no major strategic signal without context on buyback program size or rationale.,neutral,https://www.investegate.co.uk/announcement/rns/hongkong-land-holding-ltd-sing-reg---hkld/transaction-in-own-shares/9686643
2026-07-24 10:24:57,2026-07-24T09:24:57.000,DCI Advisors Limited,DCI,HOL,Holding(s) in company,Holding(s) in Company,7942N,17705085,4.6,0.0,Lars Ernest Bader's stake in DCI Advisors Limited fell to 9.52% from 10.27% on 23 July 2026.,"Lars Ernest Bader, a Malta-registered individual, reduced his voting rights in DCI Advisors Limited (ISIN: GG00BSWT8V72) to 9.52% from 10.27% on 23 July 2026. His direct holding decreased from 92,925,600 shares to 86,125,600 shares, representing a disposal of approximately 6.8 million shares. The notification was filed on the same day the threshold was crossed.",Routine disclosure of major shareholder stake reduction below 10% threshold; no material implications signaled for investors without further context on transaction terms or strategic intent.,neutral,https://www.investegate.co.uk/announcement/rns/dci-advisors-ltd--dci/holding-s-in-company/9686572
2026-07-24 10:24:25,2026-07-24T09:24:25.000,Halfords Group PLC,HFD,DSH,Director/PDMR shareholding,Halfords Group PLC: Director/PDMR Shareholding,2371326_en,17705086,236,1.724,"Halfords General Counsel Tim O'Gorman exercises 7,680 shares under 2023 Performance Share Plan at £2.37.","Tim O'Gorman, General Counsel and Company Secretary at Halfords Group PLC, exercised an award under the 2023 Performance Share Plan on 21 July 2026. He acquired 7,680 ordinary 1p shares at £2.37 per share on the London Stock Exchange Main Market. This represents a routine vesting of previously granted performance shares under the company's incentive scheme.",Routine director share award exercise indicating performance conditions were met; typical equity scheme activity with no material implications for investors.,neutral,https://www.investegate.co.uk/announcement/eqs/halfords-group--hfd/halfords-group-plc-director-pdmr-shareholdin-/9686641
2026-07-24 10:23:34,2026-07-24T09:23:34.000,River Global PLC,RVRG,HOL,Holding(s) in company,Holding(s) in Company,7941N,17705082,2.5,0.0,"Somers Limited's voting stake in River Global PLC fell below 5% threshold, dropping from 5.33% to 4.86% as of 26 June 2026.","Somers Limited, a Bermuda-registered entity ultimately controlled by the HH Stephens No 1 Trust, crossed below the 5% voting rights threshold in River Global PLC. The holding decreased from 7,665,960 shares (5.33% of voting rights) to 8,015,960 shares (4.86% of voting rights) on 26 June 2026. The notification was filed 21 July 2026. No financial instruments or indirect holdings were involved.",Routine disclosure of a major shareholding threshold crossing; passive reduction indicates a natural market adjustment rather than strategic action. Immaterial for retail investors absent broader context about the company's fundamentals.,neutral,https://www.investegate.co.uk/announcement/rns/river-global-plc--rvrb/holding-s-in-company/9686567
2026-07-24 10:00:39,2026-07-24T09:00:39.000,India Capital Growth Fund Limited,IGC,POS,Change of position,Transaction in Own Shares and Total Voting Rights,7637N,17704912,166.5,-0.299,"India Capital Growth Fund repurchases 50,000 shares at 167p; voting shares now 65.05m.","On 23 July 2026, India Capital Growth Fund Limited purchased 50,000 ordinary shares of 1p each for treasury at 167p per share. Following this transaction, the company has 65,052,624 shares with voting rights in issue, 47,449,549 shares in treasury, and 112,502,173 total shares including treasury holdings. The fund manages £126.6m in total assets with an average annual return of 12.7% since inception.",Routine share buyback disclosure establishing voting denominator for shareholders; standard capital management activity with no material implications for shareholders.,neutral,https://www.investegate.co.uk/announcement/rns/india-capital-growth-fund-ltd---igc/transaction-in-own-shares-and-total-voting-rights/9686397
2026-07-24 10:00:26,2026-07-24T09:00:26.000,Puma VCT 13 PLC,PU13,OUP,Offer update,Offer for Subscription - Update,7781N,17704911,117.5,0.0,"Puma VCT 13 closes oversubscribed offer after raising £53.5m, exceeding £50m target.","Puma VCT 13 plc is closing its offer for subscription on 25 August 2026 after raising gross proceeds exceeding £53.5m as of 23 July 2026. The offer, launched 24 September 2025, targeted £50m with a £20m over-allotment facility, both fully exercised. Final allotment is expected 28 August 2026 with admission within two business days thereafter.","Strong oversubscription signals investor confidence in the VCT's investment strategy, though the closing represents conclusion of fundraising activity rather than ongoing news.",positive,https://www.investegate.co.uk/announcement/rns/puma-vct-13--pu13/offer-for-subscription-update/9686396
2026-07-24 10:00:01,2026-07-24T09:00:01.000,Sky News,,NRA,,Financial Period 1 July 2024 - 30 June 2025,6339N,17704909,,,,,,,
2026-07-24 10:00:01,2026-07-24T09:00:01.000,Marks and Spencer Group PLC,MKS,DSH,Director/PDMR shareholding,Director/PDMR Shareholding,7684N,17704908,380.6,0.237,"M Lemming, M&S Managing Director International, sold 82,997 shares at £3.78 on 23 July.","M Lemming, a PDMR and Managing Director of International operations at Marks and Spencer, sold 82,997 ordinary 1p shares on 23 July 2026 at £3.78255 per share on the London Stock Exchange. The transaction generated approximately £314,000 in proceeds. This is an initial notification of the share disposal.","Routine disclosure of insider share sale. Directors selling shares can signal confidence concerns, though single transactions lack significance without broader context of holdings or pattern.",neutral,https://www.investegate.co.uk/announcement/rns/marks-spencer-group--mks/director-pdmr-shareholding/9686392
2026-07-24 10:00:01,2026-07-24T09:00:01.000,Harbour Energy PLC,HBR,HOL,Holding(s) in company,Holding(s) in Company,6630N,17704907,256.2,-2.363,"LET, LLC's holding in Harbour Energy falls from 7.24% to 6.94% of voting rights on 23 July 2026.","LET, LLC (formerly LLOG Holdings, LLC), controlled by The Trustees of the Gerald A. Boelte Trust, reduced its voting rights in Harbour Energy PLC from 7.24% to 6.94%, representing 109.7 million shares. The reduction occurred on 23 July 2026. A one-year lock-up period from the 22 December 2025 RNS announcement continues to apply. Harbour Energy shares are being distributed to other entities and employees/former employees of LET, LLC.",Routine major holding notification reflecting share distribution to other entities and employee participants; below 5% disclosure threshold so minor market relevance; lock-up restrictions remain in place.,neutral,https://www.investegate.co.uk/announcement/rns/harbour-energy--hbr/holding-s-in-company/9686391
2026-07-24 09:53:07,2026-07-24T08:53:07.000,Tooru PLC,TOO,MSC,Miscellaneous,OAF and Pulsin Update,7773N,17704899,0.17,16.129,Tooru's OAF brand hits record retail sales; Pulsin recovery on track with new listings and product launches.,"OAF delivered record week-on-week retail sales momentum evidenced by EPOS data. Pulsin is recovering from 2025 supply constraints with significant revenue growth forecast over next two quarters, supported by new listings with TK Maxx (UK-wide) and Holland & Barrett, plus three international distributor agreements. Multiple product launches underway across Kids, Keto and Functional ranges, with improved margins from input cost reductions.","Positive momentum across both brands with tangible retail traction, new distribution secured, and margin improvement provides encouragement for growth trajectory through 2026.",positive,https://www.investegate.co.uk/announcement/rns/tooru-plc--too/oaf-and-pulsin-update/9686383
2026-07-24 09:52:57,2026-07-24T08:52:57.000,South East Water Limited,53HO,UPD,,Liquidity Update ,7772N,17704898,86,,South East Water secures £200m liquidity backstop for future bond issuance to support £1.9bn investment programme.,South East Water (Finance) Limited has secured £200 million in new liquidity under an agreement that will backstop a future bond issuance. The facility strengthens the company's liquidity position and supports its transformation programme and major capital investment plan totalling £1.9 billion between 2025 and 2030.,Positive signal of access to capital markets and financial flexibility to fund infrastructure investment; de-risks delivery of planned spending programme and transformation initiatives.,positive,https://www.investegate.co.uk/announcement/rns/south-east-water-ld--53ho/liquidity-update-/9686382
2026-07-24 09:51:03,2026-07-24T08:51:03.000,Vietnam Enterprise Investments Ltd,VEIL,NRA,,QuotedData's In The HotSeat,7770N,17704896,690.0,-0.289,Vietnam Enterprise Investments to appear on QuotedData's weekly investment companies webinar on 24 July 2026.,"Vietnam Enterprise Investments Ltd (VEIL) is featured as the guest on QuotedData's ""In The HotSeat"" weekly webinar on 24 July 2026 at 11am. Company representatives Tung Dang, Thuy Anh Nguyen, and Viet Vu will be interviewed by James Carthew alongside discussion of weekly investment company sector news. The webinar is available live with Q&A opportunities and recorded afterwards on QuotedData's website.","Non-event announcement. Standard investor relations activity with no material business updates, regulatory changes, or performance information disclosed; routine promotional appearance.",neutral,https://www.investegate.co.uk/announcement/rns/vietnam-enterprise-investments-di---veil/quoteddata-s-in-the-hotseat/9686380
2026-07-24 09:42:14,2026-07-24T08:42:14.000,Imperial Brands PLC,IMB,POS,Change of position,Transaction in Own Shares,7688N,17704853,2823,0.93,"Imperial Brands repurchased 180,000 shares at average 2,794.19p on 23 July under its £1.45bn buyback programme announced October 2025.","Imperial Brands PLC purchased 180,000 ordinary shares for cancellation on 23 July 2026 at an average price of 2,794.1857 pence per share (range 2,781–2,817p), via Barclays as LSE on-exchange broker. The transaction forms part of the company's £1.45bn share repurchase programme announced 7 October 2025. Following settlement and cancellation, 766,526,628 ordinary shares remain in issue (excluding treasury shares). Detailed transaction-level data across multiple trading venues (XLON, CHIX, BATE, TRQX, AQXE) is disclosed per MAR Article 5(1)(b).",Routine capital return execution; buyback progression within disclosed programme signals management confidence but provides no material fundamental insight. Non-event for markets.,neutral,https://www.investegate.co.uk/announcement/rns/imperial-brands--imb/transaction-in-own-shares/9686337
2026-07-24 09:40:00,2026-07-24T08:40:00.000,BH Macro Limited,BHMG,POS,Change of position,Transaction in Own Shares,60724-1627,17704852,417.5,0.0,"BH Macro repurchased 15,207 Sterling shares at 4.17p on 23 July, holding them in treasury.","BH Macro Limited purchased 15,207 of its own Sterling ordinary shares on 23 July 2026 via J.P. Morgan Securities at a weighted average price of 4.17p. The shares will be held in treasury. Following the transaction, total voting rights in the company number 459,295,997. Sterling shares in issue (excluding treasury) total 300,051,596 with 77,704,116 held in treasury.",Routine share buyback and treasury holding disclosure for a closed-ended investment company. No material market implication; standard capital management activity.,neutral,https://www.investegate.co.uk/announcement/prn/bh-macro-ltd-gbp-shares--bhmg/transaction-in-own-shares/9686336
2026-07-24 09:25:00,2026-07-24T08:25:00.000,Artemis UK Future Leaders Plc,AFL,POS,Change of position,Transaction in Own Shares,60724-1624,17704824,373,-0.6657789613848202,"Artemis UK Future Leaders repurchased 7,671 shares at 374.7p, holding them in treasury.","On 23 July 2026, Artemis UK Future Leaders Plc purchased 7,671 ordinary shares representing 0.02% of issued capital at 374.741 pence per share for treasury. The company now holds 20,728,166 shares in treasury out of 49,826,436 total issued shares, reducing voting shares to 29,098,270. The purchase is a routine capital management action under the company's share buyback programme.",Routine share buyback with minimal material impact; signals ongoing capital return policy but scale is negligible. Non-event for investors.,neutral,https://www.investegate.co.uk/announcement/prn/artemis-uk-future-leaders-plc--afl/transaction-in-own-shares/9686328
2026-07-24 09:21:20,2026-07-24T08:21:20.000,National Grid Electricity Dist. PLC,55GJ,ACS,,Annual Financial Report,7633N,17704766,99.52,,National Grid Electricity Distribution publishes 2025/26 Annual Report and Accounts filed with FCA.,"National Grid Electricity Distribution plc, a subsidiary of National Grid plc, has published its Annual Report and Accounts for 2025/26 as required under Listing Rule 17.2.1. The document has been submitted to the Financial Conduct Authority via the National Storage Mechanism and is available for public inspection. Copies are accessible electronically on the National Grid website at www.nationalgrid.com.","Routine regulatory filing with no disclosed financial metrics or operational updates. Market impact minimal unless full accounts reveal material changes to dividend policy, capex plans, or regulatory settlement assumptions.",neutral,https://www.investegate.co.uk/announcement/rns/national-grid-electricity-distribution-plc--55gj/annual-financial-report/9686248
2026-07-24 09:19:00,2026-07-24T08:19:00.000,ZIGUP plc,ZIG,ACS,,Annual Report and Accounts and Notice of AGM,60724-1623,17704765,454.5,0.664,ZIGUP plc announces FY2026 Annual Report and AGM scheduled for 29 September 2026.,"ZIGUP plc has published its Annual Report and Accounts for the year ended 30 April 2026 and issued notice of its Annual General Meeting, to be held on 29 September 2026 at 10:30 a.m. in London. The documents are available on the company's investor relations website and via the FCA's National Storage Mechanism. Full details on shareholder voting and proxy appointment procedures are included in the AGM notice.",Routine regulatory disclosure of annual results and AGM notice with no material operational or financial announcements; standard corporate governance filing.,neutral,https://www.investegate.co.uk/announcement/prn/zigup--zig/annual-report-and-accounts-and-notice-of-agm/9686247
2026-07-24 09:11:54,2026-07-24T08:11:54.000,Red Rock Resources plc,RRR,MSC,Miscellaneous,Signature of Contract,7623N,17704755,0.02,0.0,Red Rock Resources signs $7.2m DRC housing factory contract following competitive tender process.,"Red Rock Resources' 50-50 joint venture with Koto DRC SARL has secured final contract signature with DRC's Ministry of Rural Development for construction of wall panel manufacturing facilities and low-cost housing in Kinshasa. Lot 1 contract valued at $7,158,887 with initial payment now authorized. This milestone follows an 18-month process including tender award in 2026 and regulatory approvals. Company noted financial position remains stretched while awaiting asset disposals and further fundraising.","Positive milestone removing execution risk on a long-pending DRC project, though company remains financially constrained and dependent on stakeholder support; likely viewed as development progress but not a near-term revenue driver.",positive,https://www.investegate.co.uk/announcement/rns/red-rock-resources--rrr/signature-of-contract/9686236
2026-07-24 09:10:36,2026-07-24T08:10:36.000,Ocado Group PLC,OCDO,DSH,Director/PDMR shareholding,Directors' Dealings,7621N,17704753,186.9,2.805,Ocado CEO Tim Steiner delays share transfer completion dates to his father by one year across multiple tranches through 2029.,"Tim Steiner, Ocado CEO, has agreed with his father Nicolas Steiner to further delay completion of seven forward sale agreements covering 14 million shares originally entered into on 21 June 2010. The third agreement completion extends from 24 July 2026 to 24 July 2027; the fourth from 24 July 2027 to 24 July 2028; and the remaining three from 24 July 2028 to 24 July 2029. Steiner retains beneficial interest until completion. Consideration remains £100 plus 97% of market value (payable over three years). No additional payments required for the delay.",Routine disclosure of an internal share transfer arrangement between family members with no change to Steiner's economic interest or voting rights. Market should treat as non-event.,neutral,https://www.investegate.co.uk/announcement/rns/ocado-group--ocdo/directors-dealings/9686234
2026-07-24 08:56:02,2026-07-24T07:56:02.000,Hill & Smith PLC,HILS,HOL,Holding(s) in company,Holding(s) in Company,7609N,17704739,3030.0,-0.493,FMR LLC crosses 5.67% voting stake in Hill & Smith PLC via multiple Fidelity-controlled entities.,"FMR LLC, the ultimate controlling entity of Fidelity-affiliated investment firms, notified on 23 July 2026 of acquiring a 5.665700% voting stake in Hill & Smith PLC (4,444,963 voting rights) as of 22 July 2026. The holding is distributed across three Fidelity entities: Fidelity Management & Research Company LLC, FMR Investment Management (UK) Limited, and Fidelity Management Trust Company, each holding 3.522100%. The threshold crossing represents a standard regulatory notification of major shareholding.",Routine disclosure of a major institutional investor's position crossing the 5% threshold; no immediate strategic implications but signals Fidelity's confidence in the company.,neutral,https://www.investegate.co.uk/announcement/rns/hill-and-smith--hils/holding-s-in-company/9686219
2026-07-24 08:45:00,2026-07-24T07:45:00.000,Oxford Instruments Plc,OXIG,POS,Change of position,Transaction in Own Shares,60724-1612,17704723,2994,-0.861,"Oxford Instruments repurchased 33,608 shares at 28.06-30.28p during week of 17-23 July under existing buyback programme.","Oxford Instruments executed share purchases totalling 33,608 ordinary shares between 17-23 July 2026 via JP Morgan Securities on the London Stock Exchange, at prices ranging from 28.06p to 30.28p per share. Volume-weighted average prices ranged from 28.35p to 30.12p daily. Following settlement and cancellation, total issued shares reduced to 55,000,134 with no treasury shares held. The purchases form part of the buyback programme announced 2 March 2026.",Routine share buyback execution within announced programme; demonstrates capital return to shareholders via cancellation. No material news content; standard market procedure with transparent execution pricing disclosed.,neutral,https://www.investegate.co.uk/announcement/prn/oxford-instruments--oxig/transaction-in-own-shares/9686203
2026-07-24 08:20:10,2026-07-24T07:20:10.000,AIB Group PLC,AIBG,HOL,Holding(s) in company,Holding in Company,7484N,17704685,926,2.434,"Principal Global Investors falls below 4% threshold in AIB Group, triggering regulatory notification.","Principal Global Investors, LLC, through its parent Principal Financial Group, crossed below the 4% regulatory threshold in AIB Group PLC on 21 July 2026, notified 23 July. The entity now holds 3.99% of voting rights (83.34m shares) via indirect holdings, down from 4.00% previously. PGI is a registered US investment adviser managing these shares on behalf of various clients with discretionary voting power.",Routine disclosure reflecting a minor shareholding reduction; no material strategic implications for the bank or significant market catalyst expected.,neutral,https://www.investegate.co.uk/announcement/rns/aib-group-cdi---aibg/holding-in-company/9686162
2026-07-24 08:18:45,2026-07-24T07:18:45.000,Rabobank International London,,STA,,Stabilisation Notice,7483N,17704683,,,,,,,
2026-07-24 08:00:16,2026-07-24T07:00:16.000,Kuntarahoitus Oyj,ZK05,IOD,Issue of debt,Municipality Finance issues EUR 25 million notes under its MTN programme,2371048_en,17704578,,,,,,,
2026-07-24 08:00:00,2026-07-24T07:00:00.000,HSBC Bank plc,48CF,STA,,Post Stabilisation Notice,2712N,17704571,,,HSBC confirms no stabilisation activity occurred during Iberdrola's EUR 1.5bn bond offering.,"HSBC Bank plc acted as Stabilising Manager for Iberdrola Finanzas' dual-tranche bond issuance totalling EUR 750m each: a 3.125% bond due June 2030 priced at 99.833, and a 3.75% bond due June 2036 priced at 99.705. The notice confirms no stabilisation trading was undertaken during the offer period, a standard post-offering disclosure indicating market conditions did not require price support mechanisms.","Routine post-issuance disclosure with no market implications; confirms orderly bond placement without need for stabilisation intervention, suggesting adequate investor demand.",neutral,https://www.investegate.co.uk/announcement/rns/hsbc-bank-plc--48cf/post-stabilisation-notice/9686050
2026-07-24 08:00:00,2026-07-24T07:00:00.000,HSBC Bank plc,48CF,STA,,Post Stabilisation Notice,2714N,17704575,,,HSBC confirms no stabilisation activity on Iberdrola's €750m dual-tranche bond offering.,"HSBC Bank plc, acting as Stabilising Manager, confirms no stabilisation was undertaken for Iberdrola Finanzas' €750m bond issuance comprising two tranches: €750m of 3.125% notes due June 2030 offered at 99.833, and €750m of 3.75% notes due June 2036 offered at 99.705. The announcement is a routine post-issuance notice confirming market-making activity parameters.",Routine regulatory disclosure indicating the bond offering completed without requiring price support; suggests adequate demand. Immaterial for retail investors; standard post-issuance procedure.,neutral,https://www.investegate.co.uk/announcement/rns/hsbc-bank-plc--48cf/post-stabilisation-notice/9686050
2026-07-24 07:54:00,2026-07-24T06:54:00.000,Quantum Blockchain Technologies Plc,QBT,MSCL,,Notice Regarding US Patent Application,60724-1592,17704568,0.345,0.0,Quantum Blockchain Technologies receives US patent allowance notice for ASIC Ultra Boost cryptocurrency mining technology.,"Quantum Blockchain Technologies (AIM: QBT) has received a Notice of Allowance from the US Patent and Trademark Office for patent application 18/696,073, titled ""Message Scheduling for Cryptographic Hashing"" (internally known as ""ASIC Ultra Boost""). The company is confirming details with UK and US patent attorneys and will provide further updates. The development indicates progress in the company's R&D programme focused on developing advanced Bitcoin mining tools and techniques.","Patent allowances are typically positive signals for tech-focused investors as they validate intellectual property and competitive advantage, though full market impact depends on commercialisation timing and competitive landscape.",positive,https://www.investegate.co.uk/announcement/prn/quantum-blockchain-technologies--qbt/notice-regarding-us-patent-application/9686046
2026-07-24 07:30:00,2026-07-24T06:30:00.000,Scancell Holdings Plc,SCLP,ACQ,Acquisition,Correction: Merger and Financing ,6688N,17704542,9.4,-10.476,Scancell corrects pro forma net cash to £59.2m and Private Placement gross proceeds to $39.1m in merger financing announcement.,"Scancell corrects two figures in its 23 July merger announcement with Neuphoria Therapeutics: pro forma net cash balance revised to £59.2m ($79.1m) and Private Placement gross proceeds confirmed at $39.1m (£29.2m). The all-share merger creates combined company listed on Nasdaq with Scancell shareholders owning 85.5%, Neuphoria 14.5%. Financing includes $39.1m private placement, ~$15m UK raising, and up to $25m BlackRock debt. Expected completion Q4 2026 pending shareholder approvals. Combined entity will focus on iSCIB1+ Phase 3 trial in melanoma with fast-track FDA designation.","Technical correction with no material change to transaction fundamentals; sufficient funding secured and cash position clarified, supporting execution of lead clinical programme through 2028-29 milestones.",neutral,https://www.investegate.co.uk/announcement/rns/scancell-holdings--sclp/correction-merger-and-financing-/9686017
2026-07-24 07:02:15,2026-07-24T06:02:15.000,Lowland Investment Co PLC,LWI,MSC,Miscellaneous,Future retirement of Fund Manager,7463N,17704032,180.0,0.982,Lowland Investment Co's long-serving fund manager James Henderson to retire June 2027 after 36 years; Laura Foll takes over.,"James Henderson, Fund Manager of Lowland Investment Company plc for 36 years, will retire in June 2027 after 44 years in financial services. Laura Foll, who has managed the fund since 2016 and brings 17 years of industry experience, will assume full responsibility. Henderson will work closely with the team during the transition period. No changes to the Company's investment objective or strategy are planned.",Orderly succession with internal continuity likely viewed positively; Laura Foll's decade-long track record and Board confidence suggest minimal disruption risk for investors.,positive,https://www.investegate.co.uk/announcement/rns/lowland-investment-co--lwi/future-retirement-of-fund-manager/9685494
2026-07-24 07:01:20,2026-07-24T06:01:20.000,Taylor Maritime Limited,TMIP,TST,Trading statement,Trading Update & Quarterly Results,7472N,17703985,57.5,-3.361,Taylor Maritime announces $45m third capital redemption and Q2 results as managed wind-down progresses with five remaining vessels.,"Taylor Maritime completed its third compulsory share redemption of $45m (85.83 cents per share) in July, bringing total shareholder returns to $218.4m ($1.10 per share since IPO). Q2 net profit was $1.5m on $9.0m charter revenue with $13,433 daily TCE earnings. Fleet reduced to 5 vessels (average age 12.4 years) worth $88.9m after divesting one Ultramax and exiting a 50% JV stake for $28m combined proceeds. NAV declined to $122.2m (85.20 cents per share) from $154.3m as cash decreased to $44.7m from $72.0m. Company targets substantially returning NAV by year-end and plans delisting following final vessel sales.",Managed wind-down proceeding as planned with substantial capital returns; flat TCE performance offset by fleet shrinkage. Delisting signals endgame for closed-ended investment fund; execution risk remains on remaining vessel disposals in current market conditions.,neutral,https://www.investegate.co.uk/announcement/rns/taylor-maritime-investments-limited-npv--tmip/trading-update-quarterly-results/9685447
2026-07-24 07:01:01,2026-07-24T06:01:01.000,Wise Group PLC,WISE,MSC,Miscellaneous,Wise US national trust bank charter application,6703N,17703963,861,-4.904,OCC denies Wise's US national trust bank charter application; company plans resubmission under new GENIUS Act framework.,"The US Office of the Comptroller of the Currency rejected Wise's national trust bank charter application submitted over a year ago, citing historical compliance issues the company has since addressed. The rejection was influenced by a July 2025 Multi-State Consent Order and changing regulatory conditions, including the Federal Reserve's May 2026 pause on account access for uninsured trust banks, which undermined the original application's viability. Wise maintains 80+ licenses globally and 48-state money transmitter licenses; the denial does not affect existing operations. The company plans to submit a new application under the GENIUS Act framework.",Setback for Wise's US banking ambitions but operationally immaterial given existing licenses. Market likely views this as negative near-term optics but manageable given the company's scale ($240bn annual transaction volume) and regulatory flexibility to reapply.,negative,https://www.investegate.co.uk/announcement/rns/wise-class-a--wise/wise-us-national-trust-bank-charter-application/9685426
2026-07-24 07:01:01,2026-07-24T06:01:01.000,HarbourVest Global Priv. Equity Ltd,HVPE,POS,Change of position,Transaction in Own Shares,6568N,17703964,3350.0,1.056,"HarbourVest repurchases 7,000 shares at £33.28 each for cancellation under AGM authority.","HarbourVest Global Private Equity Limited purchased 7,000 ordinary shares on 23 July 2026 at an average price of £33.2801 per share for cancellation, acting under authority granted at its 15 July 2026 AGM. Following this transaction, the company has 69,590,352 shares in issue. This figure serves as the denominator for FCA Disclosure Guidance and Transparency Rules notifications.",Routine share buyback execution; modest scale suggests ongoing capital management rather than material buyback programme; minimal market-moving significance.,neutral,https://www.investegate.co.uk/announcement/rns/harbourvest-global-private-equity-limited-a-shs--hvpe/transaction-in-own-shares/9685425
2026-07-24 07:00:05,2026-07-24T06:00:05.000,Chesnara PLC,CSN,NOR,Notice of results,Notice of Results,6346N,17703809,340.5,1.794,Chesnara to report H1 2026 interim results on 25 August with analyst presentation.,"Chesnara plc, the FTSE 250 European life insurance and pensions consolidator, will publish its interim results for the half year ended 30 June 2026 on Tuesday 25 August 2026. An analyst presentation will be held at 9.30am at RBC Capital Markets in London, with online access available. The company administers approximately 1.4 million policies across UK, Netherlands and Swedish operations and has delivered 21 consecutive years of dividend increases.","Routine results announcement with no material new information; market will focus on operational performance, capital position and dividend trajectory at the August results event.",neutral,https://www.investegate.co.uk/announcement/rns/chesnara--csn/notice-of-results/9685287
2026-07-24 07:00:05,2026-07-24T06:00:05.000,Beowulf Mining PLC,BEM,NRA,,Updated Corporate Presentation,6699N,17703826,6.75,0.0,Beowulf Mining updates corporate presentation on investor website with latest company materials and strategy.,"Beowulf Mining PLC has published an updated corporate presentation, available via its investor relations website. The Q3 2026 presentation is the latest addition to the company's reports and presentations library, which includes quarterly financial results, annual reports, and historical investor materials spanning back to 2014. The announcement includes standard forward-looking statements highlighting risks including financing needs, geological changes, regulatory shifts, and iron ore price volatility.",Routine disclosure with no material new information; market likely treats as non-event unless presentation contains significant updates to project timelines or financing status.,neutral,https://www.investegate.co.uk/announcement/rns/beowulf-mining--bem/updated-corporate-presentation/9685301
2026-07-24 07:00:05,2026-07-24T06:00:05.000,"AOTI, Inc.",AOTI,MSC,Miscellaneous,AOTI achieves transformational milestone,7466N,17703822,87.5,32.57575757575758,AOTI achieves major US Medicare coverage milestone for TWO2® topical oxygen therapy treating diabetic foot ulcers.,"CMS issued a proposed Local Coverage Determination affirming topical oxygen therapy as reasonable and necessary for diabetic foot ulcers failing four weeks of optimized care. The final LCD, expected within one year after a 45-day comment period, will mandate Medicare coverage and reimbursement for AOTI's TWO2® therapy, providing access to approximately 69 million Medicare enrollees. AOTI holds 75% market share in topical oxygen with existing infrastructure covering 26 US states (86% of population). The company targets a $400m near-to-medium-term revenue opportunity with potential $26bn addressable market as coverage expands.","Market should read this positively as transformational de-risking of reimbursement, validating product differentiation, and unlocking substantial revenue from the largest US payer segment without requiring major sales infrastructure investment.",positive,https://www.investegate.co.uk/announcement/rns/aoti-inc-di-regs-cat-3---aoti/aoti-achieves-transformational-milestone/9685298
2026-07-24 07:00:05,2026-07-24T06:00:05.000,Firering Strategic Minerals PLC,FRG,NOA,Notice of AGM,Revised Notice of AGM,7470N,17703821,0.95,0.0,"Firering reschedules AGM to 14 September 2026, requests shareholders resubmit proxy forms.","Firering Strategic Minerals PLC (AIM: FRG) has rescheduled its Annual General Meeting to 10:00 a.m. BST on 14 September 2026 at Hill Dickinson LLP in London. Shareholders who previously submitted proxy forms for the original AGM must complete and return new proxy forms per the revised Notice of AGM. The lime producer and critical minerals explorer continues ramping up its Limeco quicklime project in Zambia (45% stake), targeting 600-800 tonnes daily production for regional copper producers.",Routine administrative rescheduling of AGM with no material business impact disclosed; shareholders must take action to resubmit proxies or risk losing voting rights.,neutral,https://www.investegate.co.uk/announcement/rns/firering-strategic-minerals-di---frg/revised-notice-of-agm/9685299
2026-07-24 07:00:05,2026-07-24T06:00:05.000,Galantas Gold Corporation,GAL,MSC,Miscellaneous,Amendment to a Dragones Share Purchase Agreement,6698N,17703820,20.5,-2.381,"Galantas amends Dragones share purchase agreement, accelerating final payment from 2029 to 2028 and becoming joint guarantor.","Galantas and subsidiary OXI amended the share purchase agreement with Luis Catril regarding the Dragones acquisition. US$5.0m was paid immediately, with US$9.0m due by April 25, 2027. Galantas is now guarantor and joint co-debtor for remaining payments totaling US$22.0m, with final payment accelerated to December 31, 2028. Total Dragones consideration is US$31m, with 91,313,890 Galantas shares issued. Catril released all disputes regarding share consideration.","The acceleration of payment obligations increases near-term liquidity pressure and default risk if OXI cannot fund payments, potentially diluting shareholder value through forced capital raises or asset sales.",negative,https://www.investegate.co.uk/announcement/rns/galantas-gold-corp---gal/amendment-to-a-dragones-share-purchase-agreement/9685297
2026-07-24 07:00:05,2026-07-24T06:00:05.000,Schroder Income Growth Fund PLC,SCF,NRA,,Kepler Trust Intelligence: New Research,6483N,17703827,357,-2.192,Kepler Trust Intelligence publishes new research on Schroder Income Growth Fund's 30-year dividend growth track record.,"Kepler Partners has released investment bank-quality research on Schroder Income Growth (SCF), highlighting the trust's three decades of real dividend growth since 1996, compounding at 4.1% annually versus 2.5% inflation. Under manager Sue Noffke since July 2011, the fund delivered 14.9% NAV total return over the past year to 20 July 2026, though underperformed the FTSE All-Share's 19.6% due to overweight small/mid-cap exposure. The trust trades at a 5.7% discount with 4.1% yield, 0.78% ongoing charge, and 9.5% net gearing; the board intends to pursue a 31st consecutive year of dividend growth.",Non-event marketing communication. Research underscores long-term income credentials and experienced management but notes near-term underperformance and small-cap sensitivity risks. Market likely neutral; highlights structural appeal without material news.,neutral,https://www.investegate.co.uk/announcement/rns/schroder-income-growth-fund--scf/kepler-trust-intelligence-new-research/9685300
2026-07-24 07:00:05,2026-07-24T06:00:05.000,Mission Group PLC (The),TMG,MSC,Miscellaneous,EBT Share Dealing,6637N,17703818,19,0.0,"Mission Group's EBT acquires 458,743 shares at 19.0p per share, bringing total holding to 0.9%.","The Mission Group plc's Employee Benefit Trust purchased 458,743 ordinary shares of 10 pence each at 19.0 pence per share on 23 July 2026. Following this acquisition, the EBT holds a total of 781,747 ordinary shares, representing approximately 0.9% of the company's voting rights. The purchase signals continued confidence in the Group's value and supports employee share ownership.",Routine EBT share acquisition showing management confidence; modest holding increase unlikely to move markets materially but demonstrates ongoing employee engagement strategy.,neutral,https://www.investegate.co.uk/announcement/rns/the-mission-group--tmg/ebt-share-dealing/9685293
2026-07-24 07:00:05,2026-07-24T06:00:05.000,Gunsynd PLC,GUN,MSC,Miscellaneous,New Corporate Presentation,6687N,17703817,0.11,4.762,Gunsynd PLC publishes updated corporate presentation for Barb Gold Project in Manitoba with high-grade surface samples.,"Gunsynd (AIM: GUN) released an updated presentation detailing exploration results from its Barb Gold Project in Manitoba's Rice Lake Belt. Phase 1 results include grab samples up to 489 g/t Au at the Lotus prospect, with visible gold confirmed across 12 samples. The company has completed prospecting, geological mapping, and a property-wide UAV magnetic survey. Lotus is identified as the priority drill target, with historic production of 8,287 tonnes at 4.56 g/t Au milled in 1982. The consolidated ~6,612 hectare property encompasses three occurrences on the same structural corridor.","Presentation updates validate geological model with tangible high-grade surface samples and defined drill target, but grab samples are selective and not representative of economic grade; market likely reads as positive early-stage exploration news supporting upcoming drilling campaign.",positive,https://www.investegate.co.uk/announcement/rns/gunsynd--gun/new-corporate-presentation/9685295
2026-07-24 07:00:05,2026-07-24T06:00:05.000,Hercules PLC,HERC,APP,,Change of Auditor,6664N,17703816,40.0,3.896103896103896,Hercules PLC appoints Cooper Parry Group as new auditor following S&W Partners' resignation.,"Hercules plc has completed a formal tender process and appointed Cooper Parry Group Ltd as its external auditor, replacing S&W Partners Audit Limited. S&W Partners has formally resigned without notifying the Company of any reasons or matters that shareholders or creditors should know about. The change follows a competitive auditor selection process.",Routine auditor change following formal tender process; no adverse matters disclosed. Market likely views as non-event unless resignation context later emerges.,neutral,https://www.investegate.co.uk/announcement/rns/hercules-plc--herc/change-of-auditor/9685294
2026-07-24 07:00:05,2026-07-24T06:00:05.000,Synergia Energy Ltd,SYN,COS,,Change of Company Secretary  ,6552N,17703815,0.008,0.0,"Synergia Energy appoints Stacey Britza as Company Secretary, effective immediately, replacing Allison Pacinotti.","Stacey Britza, who joined Synergia Energy as Non-Executive Director on 12 May 2026, has been promoted to Company Secretary with immediate effect. Britza has served the company for 18 years as Executive Assistant and Assistant Company Secretary, providing extensive involvement in governance, regulatory compliance and Board administration. She replaces Allison Pacinotti, whose contributions the Board acknowledged.","Internal promotion of long-serving employee to routine administrative role; demonstrates governance continuity and succession planning, likely viewed as non-event by markets.",neutral,https://www.investegate.co.uk/announcement/rns/synergia-energy-ltd-npv--syn/change-of-company-secretary-/9685292
2026-07-24 07:00:05,2026-07-24T06:00:05.000,Kazera Global PLC,KZG,MSC,Miscellaneous,Proposed Aftan Shareholder Return Programme,6690N,17703819,1.6,-1.563,Kazera Global to return approximately 80% of US$10.5m Aftan settlement proceeds to qualifying shareholders via contingent value rights.,"Kazera will establish a shareholder return programme distributing roughly 80% of net cash from its US$10.5m Aftan settlement to qualifying shareholders holding shares on 3 August 2026 record date. Distributions occur via contingent value rights (CVRs), preserving entitlements independently of subsequent share ownership. Two scenarios: single distribution in early 2027 if Hebei settles early at US$9m by December 2026, or three distributions in 2028-2030 if instalments continue. Retained 20% strengthens balance sheet and funds growth, particularly the South African heavy mineral sands asset with SAI.","Positive signal: demonstrates value realisation from legacy Aftan dispute and disciplined capital allocation, rewarding long-term shareholders while retaining growth capital; CVR structure ensures fairness and clarity for existing shareholders versus new investors.",positive,https://www.investegate.co.uk/announcement/rns/kazera-global--kzg/proposed-aftan-shareholder-return-programme/9685296
2026-07-24 07:00:04,2026-07-24T06:00:04.000,Volex PLC,VLX,ADM,,Admission to Trading,4222N,17703775,536,-0.741,Volex PLC upgrades from AIM to Main Market of London Stock Exchange effective 24 July 2026.,"Volex plc's ordinary shares were admitted to the Official List and Main Market of the LSE at 8:00 a.m. on 24 July 2026, with simultaneous cancellation from AIM trading. The company has 184,377,640 issued ordinary shares outstanding with ISIN GB0009390070 and ticker VLX. CEO Nat Rothschild stated the move reflects business growth and scale, broadening appeal to UK and international investors while maintaining the company's strategy execution.","Main Market upgrade signals confidence in company maturity and growth trajectory; typically seen as positive validation, though no new capital raised and existing shareholders unaffected mechanically.",positive,https://www.investegate.co.uk/announcement/rns/volex--vlx/admission-to-trading/9685263
2026-07-24 07:00:04,2026-07-24T06:00:04.000,Antofagasta PLC,ANTO,UPD,,LOS PELAMBRES OPERATIONAL UPDATE ,7468N,17703774,3631,0.276,Los Pelambres mine resumes operations after weather-related shutdown; full-year guidance unchanged.,Antofagasta's Los Pelambres operation shut down orderly on 18 July following intense precipitation and power outages affecting Chilean regions. Operations have resumed as of 23 July with no safety incidents or material equipment damage reported. The El Mauro tailings dam and water management systems functioned as designed. Full-year production guidance remains unchanged; further details will be provided in Half Year Results on 13 August.,"Market likely views this as contained, temporary disruption given swift resumption, no infrastructure damage, and maintained guidance, positioning this as a non-event operationally.",neutral,https://www.investegate.co.uk/announcement/rns/antofagasta--anto/los-pelambres-operational-update-/9685261
2026-07-24 07:00:04,2026-07-24T06:00:04.000,Victoria PLC,VCP,FR,Final results,Preliminary Results ,7467N,17703773,66.5,-7.639,"Victoria PLC reports FY2026 results showing revenue decline to £1,045.5m but operational progress amid refinancing wins.","Victoria's year to 28 March 2026 saw underlying revenue fall 6.3% to £1,045.5m with underlying EBITDA declining to £92.3m (margin 8.8%). Statutory net loss after tax was £326.3m, driven by asset impairments and refinancing costs. However, Q1 FY2027 showed encouraging 7% revenue growth. The company successfully refinanced 2026 debt in August 2025 and announced 8 July that 90%+ of 2028 bond holders backed a refinancing extending maturities to 2031, reducing liabilities by ~£300m and finance costs by ~£34m annually. FY2027 EBITDA guidance: at least £115m.","Market likely to focus on near-term debt relief and Q1 recovery signals offsetting persistent FY2026 weakness; refinancing risk mitigation is material positive, though macro headwinds persist.",positive,https://www.investegate.co.uk/announcement/rns/victoria--vcp/preliminary-results-/9685260
2026-07-24 07:00:04,2026-07-24T06:00:04.000,Total Graphite PLC,TGR,UPD,,Operational Update  ,7465N,17703772,0.875,0.0,Total Graphite appoints experienced mining engineer Graeme Chester as Madagascar Head of Operations to oversee production restart targeting January 2027.,"Total Graphite has appointed Graeme Chester, a mining engineer with 50 years' experience in Africa, Australia and Asia, as Head of Operations in Madagascar. Chester will oversee operational optimisation and readiness at the Vatomina project ahead of production restart targeting above 1,000 tonnes per month from January 2027. Diamond drilling campaign is ongoing with seven holes completed to date; assay results pending. The project has an exploration target of 18-20Mt at 4% graphitic content plus existing 6Mt resource at 3.8%.","Appointment of experienced turnaround specialist with clear January 2027 production timeline suggests management confidence in operational readiness and signals disciplined execution. Positive signal for recovery trajectory, though execution risk remains until production restart achieved.",positive,https://www.investegate.co.uk/announcement/rns/total-graphite-plc--tgr/operational-update-/9685259
2026-07-24 07:00:04,2026-07-24T06:00:04.000,Burford Capital Limited,BUR,STR,Strategy/company update,Statement Re Cameroon Mining Arbitration Matter,7464N,17703771,326.8,8.355,ICC arbitration tribunal awards $600m+ to Burford's counterparty in Cameroon mining case; Burford entitled to AUD$250m+ if paid.,"An ICC International Court of Arbitration tribunal issued an award exceeding $600m in favor of Burford's counterparty in a Cameroon mining arbitration matter. If fully paid, Burford's entitlement would exceed AUD$250m, accruing entirely to the balance sheet with no participation from investment funds. However, the award remains subject to significant litigation and collection risks, including potential annulment, set-aside proceedings, and enforcement challenges across jurisdictions. Ultimate recovery timing and amount remain uncertain, and settlement could occur at substantially lower values.","Positive headline with material caveats; while AUD$250m+ upside is substantial, recovery is uncertain and subject to post-award proceedings, collection risks, and potential settlement discounts. Market likely sees optionality value but tempered by execution risks.",positive,https://www.investegate.co.uk/announcement/rns/burford-capital-npv-di---bur/statement-re-cameroon-mining-arbitration-matter/9685258
2026-07-24 07:00:04,2026-07-24T06:00:04.000,Hydrogen Utopia International PLC,HUI,STR,Strategy/company update,Broker Appointment & Successful £850k Fundraise,6727N,17703770,2.05,-16.327,Hydrogen Utopia raises £850k at 2.0p/share and appoints Clear Capital Markets as broker.,"Hydrogen Utopia International (LSE: HUI) completed an £850,000 fundraise via 42.5 million new ordinary shares at 2.0p per share. Clear Capital Markets appointed as sole broker with immediate effect. Net proceeds will fund Saudi Arabia expansion, advance Fortress Fuels initiative, and extend Inentec licence agreements. Post-admission, company will have 475.1 million shares outstanding. Admission expected 30 July 2026.","Capital raise at 2.0p supports strategic expansion into high-value sectors (SAF, JP8) amid elevated energy prices, though significant share dilution and modest fundraise size suggest early-stage funding challenges.",neutral,https://www.investegate.co.uk/announcement/rns/hydrogen-utopia-international--hui/broker-appointment-successful-850k-fundraise/9685257
2026-07-24 07:00:04,2026-07-24T06:00:04.000,HSBC Holdings PLC,HSBA,DIS,Disposal,HSBC TO SELL SGP H&L INSURANCE BUSINESS TO ALLIANZ,6718N,17703768,1552.8,1.69,"HSBC to sell Singapore life and health insurance business to Allianz for S$2.7bn, completing H1 2027.","HSBC has agreed to sell HSBC Life (Singapore) Pte. Ltd. to Allianz Asia Holdings for S$2.7 billion (US$2.1 billion), with completion expected in the first half of 2027 subject to regulatory approval. The disposal is expected to generate a pre-tax gain of US$1.8 billion and increase the HSBC Group's CET1 ratio by up to 15 basis points. Following completion, HSBC and Allianz will enter an exclusive 15-year bancassurance distribution agreement, with HSBC receiving an initial S$0.2 billion lump sum payment.",Capital-accretive strategic exit from non-core insurance business with retained distribution upside; part of HSBC's simplification strategy focusing on wealth and wholesale banking where it has competitive advantages. Positive read.,positive,https://www.investegate.co.uk/announcement/rns/hsbc-holdings--hsba/hsbc-to-sell-sgp-h-l-insurance-business-to-allianz/9685256
2026-07-24 07:00:04,2026-07-24T06:00:04.000,CleanTech Lithium PLC,CTL,UPD,,High Purity Lithium Carbonate Produced ,6717N,17703767,5.75,0.0,"CleanTech Lithium produces 330kg high-purity lithium carbonate (99.68-99.91%) from pilot plant, advancing Laguna Verde project.","CleanTech Lithium processed 55,000 litres of eluate at Empower's Dallas facility, producing approximately 330kg of high-purity lithium carbonate with purities ranging 99.68-99.91% across five batches, plus 250kg stored in recycle fluids. Concurrent work includes PFS process validation in Chile with Lanshen, DFS-level adsorbent testing in France with Hephaistos, and spent brine reinjection analysis with Zelandez. Results demonstrate the downstream process can consistently produce battery-grade product ahead of definitive feasibility study.","Positive technical milestone showing proof-of-concept for Laguna Verde's production pathway with consistently high-purity output, supporting project advancement toward DFS and potential commercialisation in the sought-after Chilean lithium market.",positive,https://www.investegate.co.uk/announcement/rns/cleantech-lithium--ctl/high-purity-lithium-carbonate-produced-/9685255
2026-07-24 07:00:04,2026-07-24T06:00:04.000,Block Energy PLC,BLOE,IOE,Issue of equity,Exercise of Options and Issue of Shares,6715N,17703763,1.025,5.128,"Block Energy issues 371,657 shares following nil-cost option exercise; total voting rights now 1.47bn.","Block Energy PLC has allotted 371,657 ordinary shares (0.25p each) from exercised nil-cost options granted under a November 2025 capital restructuring. The shares admit to AIM trading on 30 July 2026, ranking pari passu with existing shares. Post-admission, the company will have 1,469,751,612 total voting rights with no treasury shares held.",Routine disclosure of option exercise and share issuance; minimal dilution from nil-cost grant vesting. Likely non-event for investors absent broader context around management incentive structures.,neutral,https://www.investegate.co.uk/announcement/rns/block-energy--bloe/exercise-of-options-and-issue-of-shares/9685253
2026-07-24 07:00:04,2026-07-24T06:00:04.000,Nexteq PLC,NXQ,TST,Trading statement,"Trading Update, Board Change and Notice of Results",6716N,17703766,48,-5.882,Nexteq H1 revenue down 34% to $26.7m due to gaming division weakness; founder retiring August 2026.,"H1 2026 revenue expected at $26.7m versus $40.7m prior year, with Densitron displays stable at $13.9m but Quixant gaming halved to $12.7m from $26.9m, hit by North American market tariffs, component cost inflation, and major customer consolidation. Cash fell to $10.7m from $28.5m due to $8.5m shareholder returns and strategic inventory investment. Board expects H2 recovery with traditional seasonal weighting and full-year guidance unchanged. Nicholas Jarmany, non-executive deputy chair and co-founder, retiring 31 August 2026 after leading company since 2005 inception.",Market likely negative: 34% revenue decline and halved gaming division significantly outweigh stable displays and management confidence in 2027 recovery. Founder exit removes experienced voice despite positive messaging.,negative,https://www.investegate.co.uk/announcement/rns/nexteq--nxq/trading-update-board-change-and-notice-of-results/9685254
2026-07-24 07:00:04,2026-07-24T06:00:04.000,Macau Property Opportunities Fund,MPO,PFU,Portfolio update,Investor Update H1 2026,6557N,17703784,6.135,0.0,Macau Property Opportunities Fund reports H1 2026 NAV down 17.6% to US$0.38/share amid continued luxury property market decline and accelerated asset sales.,"MPO's adjusted NAV per share fell 17.6% to US$0.38 (29p) as of 30 June 2026, with portfolio valuation down 7% to US$61.3m. The luxury residential market—core of the portfolio—experienced an 18% year-on-year price decline in Q1 2026, extending seven consecutive quarters of declines (31% cumulative drop vs Q1 2024). Over 90% of The Waterside units are sold; Fountainside faces regulatory delays; and Penha Heights is actively marketed. With US$34.1m debt and failed December 2026 capital raise, lenders have forced accelerated divestment, potentially realizing values materially below stated NAV.","Significant deterioration in asset values and liquidity constraints suggest further downsides for shareholders; accelerated sales under duress risk realizing well below valuations, with substantial discount-to-NAV (78.6%) already reflecting distressed positioning.",negative,https://www.investegate.co.uk/announcement/rns/macau-property-opportunities-fund-ltd---mpo/investor-update-h1-2026/9685269
2026-07-24 07:00:04,2026-07-24T06:00:04.000,Mobico Group PLC,MCG,NOR,Notice of results,Notification of Results,6535N,17703813,25.06,8.204,Mobico to report 15-month results on 29 July with dual investor presentations scheduled.,"Mobico Group PLC will release audited results for the 15-month period ending 31 March 2026 on Wednesday, 29 July 2026. Executive Chair Phil White, Group CEO Paco Iglesias, and Group CFO Brian Egan will present to institutional investors and analysts at 09:00am BST, followed by a retail investor webcast via Investor Meet Company at 10:15am BST. Both sessions will allow pre-submission and live questions.",Routine results announcement with standard dual-track investor engagement; market reaction will depend on actual financial performance disclosed on 29 July rather than this notification.,neutral,https://www.investegate.co.uk/announcement/rns/mobico-group--mcg/notification-of-results/9685290
2026-07-24 07:00:04,2026-07-24T06:00:04.000,Zoo Digital Group PLC,ZOO,NOR,Notice of results,Notice of Final Results and Investor Presentation,6430N,17703812,10.0,2.564,Zoo Digital to report FY2026 results on 30 July with separate analyst and investor presentations scheduled.,"Zoo Digital Group PLC will release final results for the year ended 31 March 2026 on 30 July 2026. Stuart Green (CEO) and Robert Pursell (CFO) will host an analyst presentation at 10:00 BST followed by a private investor presentation via Investor Meet Company at 17:00 BST on the same day. The localisation and digital media services company serves major clients including Disney, Netflix, NBCUniversal and Paramount Global, operating from 10 global hubs with 12,000+ freelancers.","Routine results announcement with standard investor engagement; market reaction will depend entirely on reported financial performance, revenue trends and guidance rather than the presentation format itself.",neutral,https://www.investegate.co.uk/announcement/rns/zoo-digital-group--zoo/notice-of-final-results-and-investor-presentation/9685288
2026-07-24 07:00:04,2026-07-24T06:00:04.000,Amigo Resources PLC,AMGO,UPD,,Operational Update: From Vision to Execution,7471N,17703776,1.55,-6.061,Amigo Resources transitions to gold production execution at two Tanzania processing centres with initial 20kg monthly output targets.,"Amigo Resources has completed infrastructure development at Mojimoto and Kabete processing centres in Tanzania following PCL grant approval. Operational milestones include completed water/power infrastructure, 6,000 tonnes of historical tailings relocated, and approximately 1 million tonnes identified for reprocessing. Two pilot facilities designed for 200,000 tonnes annual capacity each are now commissioning, with target production of ~20kg gold monthly per plant. Parallel exploration continues at Big Mine via micro-seismic surveys and trenching programmes. Management flagged preliminary evaluation of potential RTO to accelerate growth.","Market likely reads positively: transition from exploration to tangible production with completed infrastructure and stated output targets demonstrates execution capability. RTO hint suggests growth ambitions. However, modest 20kg/month production scales and preliminary exploration status may temper enthusiasm.",positive,https://www.investegate.co.uk/announcement/rns/amigo-holdings--amgo/operational-update-from-vision-to-execution/9685262
2026-07-24 07:00:04,2026-07-24T06:00:04.000,Capricorn Energy PLC,CNE,ADM,,Admission to Trading,4437N,17703778,377,0.533,"Capricorn Energy admits 845,313 new ordinary shares to LSE Main Market, bringing total issued shares to 71.4m.","Capricorn Energy PLC admitted 845,313 ordinary shares (799/122 pence par value) to trading on London Stock Exchange Main Market on 23 July 2026, expanding total issued shares from approximately 70.6m to 71.4m shares. The new shares are fully fungible with existing ordinary shares. Capricorn is a cash flow-focused energy producer operating onshore assets in Egypt's Western Desert, reporting FY2025 net cash of US$103m and oil & gas revenue of US$134m, with current share price at 375 GBX.","Routine capital admission announcement with modest share issuance (~1.2% dilution). Non-event for market; announcement processed on admission date with no prospectus required, suggesting straightforward capital management.",neutral,https://www.investegate.co.uk/announcement/rns/capricorn-energy--cne/admission-to-trading/9685264
2026-07-24 07:00:04,2026-07-24T06:00:04.000,Boot(Henry) PLC,BOOT,DSH,Director/PDMR shareholding,Director/PDMR Shareholding,6400N,17703779,151,-0.984,"Emma Sibley, spouse of Non-executive Director Earl Sibley, purchased 10,000 Henry Boot PLC shares at £1.54 on 23 July 2026.","Emma Sibley, person closely associated with Non-executive Director Earl Sibley, purchased 10,000 ordinary shares of Henry Boot PLC on 23 July 2026 at £1.54 per share, totalling £15,400. The transaction occurred on the London Stock Exchange. This is an initial notification disclosure under EU Market Abuse Regulation requirements.","Routine insider transaction disclosure; modest £15,400 purchase by director-linked party suggests confidence but represents non-material shareholding activity.",neutral,https://www.investegate.co.uk/announcement/rns/henry-boot--boot/director-pdmr-shareholding/9685266
2026-07-24 07:00:04,2026-07-24T06:00:04.000,Mission Group PLC (The),TMG,DSH,Director/PDMR shareholding,Director/PDMR Shareholding,6626N,17703781,19,0.0,"David Zwirn, associate of Non-Executive Director Claudine Collins, purchases 51,546 MISSION Group shares at 19.39p.","On 23 July 2026, David Zwirn, a person closely associated with Non-Executive Director Claudine Collins, purchased 51,546 ordinary shares in The MISSION Group plc (AIM: TMG) at 19.39p per share on the London Stock Exchange. This transaction increased Zwirn's beneficial holding to 195,546 ordinary shares. The purchase represents a director-linked shareholding disclosure under UK Market Abuse Regulation 596/2014.",Routine regulatory disclosure of a director-related share purchase; demonstrates insider confidence but modest scale suggests non-material position-building rather than significant commitment signal.,neutral,https://www.investegate.co.uk/announcement/rns/the-mission-group--tmg/director-pdmr-shareholding/9685270
2026-07-24 07:00:04,2026-07-24T06:00:04.000,Comptoir Group PLC,COM,BOA,Board appointment/change,Board Change,6464N,17703783,5.5,0.0,"Comptoir Group's Finance Director James Fisher to step down by October 30, 2026; Head of Finance Nathan Portelli to succeed him.","James Fisher is stepping down as Finance Director of Comptoir Group PLC (AIM: COM), a 27-restaurant Lebanese and Middle Eastern dining operator. He will remain until October 30, 2026 to oversee an orderly handover. Nathan Portelli, currently Head of Finance, will assume the Finance Director role later in 2026 and will work closely with Fisher during the transition period.",Routine management succession with internal promotion; planned transition minimises disruption risk. Likely viewed as orderly and low-impact unless Portelli's inexperience at board level raises concerns.,neutral,https://www.investegate.co.uk/announcement/rns/comptoir-group--com/board-change/9685268
2026-07-24 07:00:04,2026-07-24T06:00:04.000,Home REIT PLC,HOME,MSC,Miscellaneous,Dispute with Smith Square Partners LLP,6546N,17703814,9.6,0.0,Home REIT facing £1.6m dispute with former strategic adviser Smith Square Partners over alleged unpaid tail fee.,"Smith Square Partners LLP, appointed in early 2023 and terminated November 2023, has issued proceedings claiming £1,623,600 plus contractual interest and costs. The firm alleges Home REIT's November 2025 RNS regarding portfolio sales triggered a 24-month tail fee obligation. Home REIT announced disposal of 706 properties to Patron Capital in March 2026 and intends to vigorously defend the claim.","Likely a non-event; dispute concerns contractual interpretation between advisers post-transaction, immaterial to ongoing business given near-completion of portfolio sale to Patron Capital.",neutral,https://www.investegate.co.uk/announcement/rns/home-reit--home/dispute-with-smith-square-partners-llp/9685291
2026-07-24 07:00:04,2026-07-24T06:00:04.000,Conygar Investment Company PLC(The),CIC,HOL,Holding(s) in company,Holding(s) in Company,6648N,17703786,25,0.0,Premier Miton Group's voting stake in Conygar Investment Company falls to 9.21% from 10.55%.,"Premier Miton Group plc reduced its holding in The Conygar Investment Company PLC to 9.21% of voting rights (5,492,901 shares) as of 22 July 2026, down from 10.55% previously. The threshold crossing was notified to the issuer on 23 July 2026. The reduction represents a disposal of voting rights, bringing Premier Miton below the 10% disclosure threshold. No financial instruments are involved in the holding.",Routine regulatory disclosure of a major shareholding reduction. The fall below 10% may indicate a modest portfolio rebalancing with minimal strategic implications for either party.,neutral,https://www.investegate.co.uk/announcement/rns/conygar-investment-company--cic/holding-s-in-company/9685272
2026-07-24 07:00:04,2026-07-24T06:00:04.000,Ruffer Investment Company Limited,RICA,PFU,Portfolio update,Investment Manager’s Year End Review,6678N,17703794,293,0.0,"Ruffer Investment Company reports 4.6% NAV return for year ended 30 June 2026, missing its 8% target despite navigating geopolitical shocks and AI market concentration.","The closed-ended fund delivered 5.5% share price total return and 4.6% NAV total return over 12 months to 30 June 2026. Equity exposure (+4.6%), gold/precious metals (+3.9%), and commodities (+0.6%) drove gains, while credit/derivative strategies (-3.5%) and yen exposure (-2.0%) detracted. The fund missed its objective of twice the Bank of England base rate (8.0% required). Portfolio positioning balances growth opportunities in undervalued markets (UK, China, Japan) with AI exposure while maintaining protection through credit strategies, duration, and inflation-sensitive assets against geopolitical and market concentration risks.",Mixed signal: solid capital preservation through volatile period but underperformance versus stated target weakens narrative. All-weather positioning attractive to risk-averse investors but headline miss may concern yield-seekers expecting above-target returns from this strategy.,neutral,https://www.investegate.co.uk/announcement/rns/ruffer-investment-company-ltd-red-ptg-pref-shares--rica/investment-manager-s-year-end-review/9685275
2026-07-24 07:00:04,2026-07-24T06:00:04.000,Victrex PLC,VCT,BOA,Board appointment/change,Directorate change,6680N,17703795,748,3.172,Victrex reshapes leadership with CFO departure and executive committee changes amid growth strategy shift.,"Ian Melling steps down as CFO and board member on 31 July 2026, with interim finance leadership to follow. Four executives depart 31 July: Michael Koch (MD Sustainable Solutions), Jane Brisley (General Counsel), and Andrew Hanson (Investor Relations/ESG). New appointments include Andrew Ng as Chief Commercial Officer (May 2026) and Daniel Diffenderfer as MD Medical. Maria Antoniou joins the board as Non-Executive Director on 1 September, succeeding Janet Ashdown as Remuneration Committee chair on 1 October. Janet Ashdown and Brendan Connolly retire at February 2027 AGM after nine years' service. CEO James Routh (7 months in role) will present strategy at 24 September Capital Markets Event.","Significant leadership turnover under new CEO could signal strategic repositioning, but lack of interim CFO details and multiple departures create near-term uncertainty and governance questions for investors to monitor.",negative,https://www.investegate.co.uk/announcement/rns/victrex-plc--vct/directorate-change/9685276
2026-07-24 07:00:04,2026-07-24T06:00:04.000,Rank Group PLC,RNK,BOA,Board appointment/change,Directorate change,6693N,17703796,94.2,0.965,Senior Independent Director Karen Whitworth stepping down 31 August 2026 after six years; Keith Laslop becomes interim Audit Committee Chair.,"Karen Whitworth, Senior Independent Director since January 2022, is departing the Rank Board effective 31 August 2026 to focus on other commitments. She has served since November 2019 and led recruitment of Chair John Ott and supported CEO Richard Harris's appointment. Keith Laslop, a Non-Executive Director and Audit Committee member since September 2023, will become interim Audit Committee Chair from 1 September 2026. An independent search for Whitworth's replacement has commenced.","Orderly succession planning with interim arrangements in place; departure follows recent successful executive appointments, suggesting governance stability rather than concerns.",neutral,https://www.investegate.co.uk/announcement/rns/rank-group--rnk/directorate-change/9685277
2026-07-24 07:00:04,2026-07-24T06:00:04.000,Telecom Plus PLC,TEP,HOL,Holding(s) in company,Holding(s) in Company,6700N,17703799,852,-1.73,Charles Wigoder's holding in Telecom Plus rises to 12% due to company's share buyback reducing total voting rights.,"Charles Wigoder's stake in Telecom Plus PLC increased from 11.4% to 12.0% of voting rights as of 23 July 2026, following the company's ongoing share buyback programme announced 23 June 2026. Wigoder holds 6,289,728 shares beneficially (8.04%) and 3,092,683 shares non-beneficially through the Wigoder Family Foundation (3.96%), totalling 9,382,411 voting rights. The threshold crossing resulted from reduction in the company's total voting rights due to the buyback, not from additional share purchases.","Routine disclosure triggered by mechanical increase in shareholding percentage from buyback-induced voting rights dilution; no material change in actual position or control, standard capital management activity.",neutral,https://www.investegate.co.uk/announcement/rns/telecom-plus--tep/holding-s-in-company/9685278
2026-07-24 07:00:04,2026-07-24T06:00:04.000,Hostelworld Group PLC,HSW,BOA,Board appointment/change,Hostelworld Group plc Board and Committee Changes,6723N,17703801,105,0.0,"Hostelworld replaces two retiring non-execs with Karen Myers and Wais Shaifta, refreshing board ahead of growth phase.","Éimear Moloney and Carl G. Shepherd step down from the board effective 23 July 2026 after nine years of service. Karen Myers, former Group HR Director at Mobico Group and Chief HR Officer at William Hill, joins as independent non-exec and Remuneration Committee Chair. Wais Shaifta, former Chief Growth Officer at The Co-operative Group, joins as non-exec and succeeds Shepherd as Senior Independent Director. Committee roles also reallocated, with Paul Duffy becoming Audit Committee Chair.",Planned succession with experienced hires signals governance stability and strategic continuity. Myers' HR expertise supports upcoming remuneration framework redesign; Shaifta's growth/digital background aligns with management's stated growth ambitions.,positive,https://www.investegate.co.uk/announcement/rns/hostelworld-group--hsw/hostelworld-group-plc-board-and-committee-changes/9685280
2026-07-24 07:00:04,2026-07-24T06:00:04.000,Helios Towers PLC,HTWS,RDN,,Change of Director Responsibilities,6514N,17703810,203,1.551,David Wassong steps down as Quantum-appointed director after shareholder stake falls below 10% threshold.,David Wassong has ceased his role as shareholder-appointed director of Quantum Strategic Partners Ltd following termination of the Shareholders' Agreement when Quantum's shareholding in Helios Towers fell below 10%. Wassong remains as non-executive director and was appointed to the Nomination and Technology Committees effective 23 July 2026. The change reflects a routine governance adjustment tied to shareholding levels outlined in the company's 2025 Annual Report.,"Minor governance reshuffle with no operational impact; Wassong retains board presence in expanded committee roles, suggesting orderly transition rather than conflict or concern.",neutral,https://www.investegate.co.uk/announcement/rns/helios-towers--htws/change-of-director-responsibilities/9685289
2026-07-24 07:00:03,2026-07-24T06:00:03.000,Gamma Communications PLC,GAMA,POS,Change of position,Transaction in Own Shares,6531N,17703728,940.0,-1.053,"Gamma Communications completes 16,163 share buyback at 948.3p average price on 23 July.","Gamma Communications purchased 16,163 ordinary shares on 23 July 2026 at prices ranging from 939.50p to 957.00p, with weighted average price of 948.31p, via Investec Bank. Total buyback programme since January 2026 now stands at 2,794,868 shares. Following this purchase, ordinary shares in issue number 90,969,483, with 1,503,674 held in treasury, giving 89,465,809 voting shares. The company intends to cancel purchased shares.","Routine share cancellation under existing buyback programme announced January 2026. Buyback ongoing during offer period; modest daily reduction in share count supports EPS, but amounts are immaterial to near-term sentiment.",neutral,https://www.investegate.co.uk/announcement/rns/gamma-communications--gama/transaction-in-own-shares/9685215
2026-07-24 07:00:03,2026-07-24T06:00:03.000,GlobalData PLC,DATA,POS,Change of position,Transaction in Own Shares,6525N,17703727,73.5,-0.407,"GlobalData repurchases 95,987 shares at 72.40-74.20p as part of ongoing buyback programme; shares to be cancelled.","GlobalData PLC purchased 95,987 ordinary shares on 23 July 2026 through Investec Bank plc at a weighted average price of 73.4268p, within a range of 72.40p-74.20p. The shares will be cancelled, reducing total voting rights to 745,328,825. This transaction forms part of the Share Buyback Programme that commenced 23 June 2026.","Routine capital management activity; share buybacks typically support EPS accretion and signal management confidence in valuation, though modest scale suggests measured execution rather than aggressive return of capital.",neutral,https://www.investegate.co.uk/announcement/rns/globaldata--data/transaction-in-own-shares/9685214
2026-07-24 07:00:03,2026-07-24T06:00:03.000,discoverIE Group plc,DSCV,TST,Trading statement,Trading Update ,6522N,17703726,739,6.331,"discoverIE reports strong Q1 momentum with orders up 31% organically and sales up 6%, maintaining positive full-year outlook.","For Q1 FY2027, discoverIE Group achieved 31% organic order growth and 6% organic sales growth with a book-to-bill ratio of 1.15. Including recent acquisitions Trival and Storm, sales rose 10% on a constant exchange rate basis. The 3Gmetalworx acquisition remains under regulatory review. Management expects full-year adjusted earnings to track ahead of Board expectations, supported by a strong order book and pipeline of design wins.","Market likely to view positively: strong organic orders growth and elevated book-to-bill indicate robust demand, while ahead-of-expectations earnings guidance and acquisition momentum suggest management confidence. FX headwinds partially offset gains.",positive,https://www.investegate.co.uk/announcement/rns/discoverie-group--dscv/trading-update-/9685213
2026-07-24 07:00:03,2026-07-24T06:00:03.000,VinaCapital Vietnam Opportunity Fd.,VOF,POS,Change of position,Transaction in Own Shares,6537N,17703729,420.0,0.358,"VinaCapital Vietnam Opportunity Fund repurchased 48,000 USD shares at GBP 4.21 per share on 23 July 2026.","VinaCapital Vietnam Opportunity Fund Limited repurchased 48,000 ordinary USD shares at GBP 4.207917 per share on 23 July 2026, holding them as treasury shares. Total treasury shares now stand at 6,778,142 USD shares, with 120,301,381 shares in issue. Total voting rights in the company are 120,301,381.",Routine share buyback reducing share count; typical capital management activity for closed-ended funds with minimal direct investor impact.,neutral,https://www.investegate.co.uk/announcement/rns/vinacapital-vietnam-opportunity-fund-ltd---vof/transaction-in-own-shares/9685216
2026-07-24 07:00:03,2026-07-24T06:00:03.000,AEP Plantations PLC,AEP,POS,Change of position,Transaction in Own Shares,6654N,17703750,175,0.575,"AEP Plantations bought back 56,497 shares at 173-177p as part of its July buyback programme.","AEP Plantations purchased 56,497 ordinary shares on 23 July 2026 at prices between 173p and 177p, with a volume-weighted average of 175.35p, through Cavendish Capital Markets. The shares are held in treasury. Since the buyback programme's announcement on 6 July, AEP has repurchased 636,789 shares in aggregate. Post-purchase, 382,956,691 voting shares remain in issue (excluding 16.8m treasury shares).","Routine capital management activity; share buybacks typically neutral or slightly positive as they can reduce share count and support EPS, though the market read depends on whether shares are undervalued at current prices.",neutral,https://www.investegate.co.uk/announcement/rns/anglo-eastern-plantations--aep/transaction-in-own-shares/9685238
2026-07-24 07:00:03,2026-07-24T06:00:03.000,Venture Life Group PLC,VLG,POS,Change of position,Transaction in Own Shares,6554N,17703731,69.5,-0.714,"Venture Life repurchased 200,000 shares at 70.12p per share under its buyback programme.","Venture Life Group PLC purchased 200,000 ordinary shares on 23 July 2026 at a volume-weighted average price of 70.12 pence per share through Cavendish Capital Markets, to be held as treasury shares. Following the repurchase, the company has 128.86 million shares in issue (including 8.15 million treasury shares) and 120.71 million voting rights. This transaction is part of the share buyback programme announced on 30 September 2025.",Routine share buyback execution under an existing programme; modest scale suggests capital management rather than signalling confidence. Non-event unless buybacks accelerate or price rises materially.,neutral,https://www.investegate.co.uk/announcement/rns/venture-life-group--vlg/transaction-in-own-shares/9685218
2026-07-24 07:00:03,2026-07-24T06:00:03.000,Edinburgh Investment Trust PLC,EDIN,POS,Change of position,Transaction in Own Shares,6564N,17703732,830.0,0.973,"Edinburgh Investment Trust purchased 85,000 own shares at 822p each on 23 July for treasury holding.","Edinburgh Investment Trust plc bought 85,000 ordinary shares (25p each) on the LSE at an average price of 822p per share on 23 July 2026, via Investec Bank. The shares will be held in treasury. Following this transaction, the company holds 70,019,709 treasury shares out of 195,666,734 issued shares, leaving 125,647,025 shares with voting rights.",Routine share buyback for treasury; typical capital management activity with no material implications for shareholder value or earnings per share until shares are cancelled or reissued.,neutral,https://www.investegate.co.uk/announcement/rns/edinburgh-inv-trust--edin/transaction-in-own-shares/9685220
2026-07-24 07:00:03,2026-07-24T06:00:03.000,AdvancedAdvT Limited,ADVT,POS,Change of position,Purchase of Own Shares ,6601N,17703733,170.0,0.0,"AdvancedAdvT completes further share buyback; 8,300 shares purchased at 167.70p on 23 July 2026.","AdvancedAdvT Limited (AIM: ADVT) purchased 8,300 ordinary shares at 167.70 pence per share on 23 July 2026, bringing total buyback programme purchases to 5,293,000 shares since March 2026. Following the purchase, total issued capital stands at 137,125,806 shares with 5,293,000 held in treasury, reducing voting shares to 131,832,806. Shares held at treasury under previously announced buyback programme.",Routine capital management activity. Modest daily purchase within established buyback programme; no material change to shareholding structure or strategy signalled.,neutral,https://www.investegate.co.uk/announcement/rns/advancedadvt-limited-npv-di---advt/purchase-of-own-shares-/9685225
2026-07-24 07:00:03,2026-07-24T06:00:03.000,River UK Micro Cap Ltd,RMMC,POS,Change of position,Transaction in Own Shares,6586N,17703734,234,1.299,"River UK Micro Cap completes share buyback, purchasing 12,744 shares at 228p on 23 July 2026.","River UK Micro Cap Ltd purchased 12,744 ordinary shares at 228 pence per share on 23 July 2026 through Singer Capital Markets, continuing its buyback programme announced 23 March 2026. The shares will be held in treasury. Post-purchase, total issued capital stands at 33,897,954 shares with 1,453,113 in treasury, leaving 32,444,841 voting shares outstanding.",Routine capital management activity; share buybacks typically signal management confidence but this modest purchase (0.04% of outstanding shares) is unlikely to materially impact share price or perception.,neutral,https://www.investegate.co.uk/announcement/rns/river-uk-micro-cap-limited--rmmc/transaction-in-own-shares/9685222
2026-07-24 07:00:03,2026-07-24T06:00:03.000,Rockwood Strategic PLC,RKW,IOE,Issue of equity,Issue of Equity and TVR,6598N,17703735,317,0.0,"Rockwood Strategic issues 35,000 shares at 317.47p per share via blocklisting facility for cash.","Rockwood Strategic PLC agreed on 23 July 2026 to issue 35,000 ordinary shares of 5p each at 317.47p per share from its blocklisting facility, settling 27 July 2026. The issuance will raise approximately £111m gross. Post-issue, the company will have 60,903,760 ordinary shares in issue with no treasury shares, giving a total voting rights denominator of 60,903,760 shares for FCA disclosure purposes.",Small equity raise relative to existing capital base; routine use of blocklisting facility signals modest capital need rather than major strategic development or distress.,neutral,https://www.investegate.co.uk/announcement/rns/rockwood-strategic--rkw/issue-of-equity-and-tvr/9685224
2026-07-24 07:00:03,2026-07-24T06:00:03.000,Hena Holdings Ltd.,,OUP,Offer update,Acceptance Level Update ,6593N,17703737,,,,,,,
2026-07-24 07:00:03,2026-07-24T06:00:03.000,Sainsbury(J) PLC,SBRY,POS,Change of position,Transaction in Own Shares,6603N,17703738,345,0.203,Sainsbury repurchased 3.86m shares between 17-23 July 2026 at 342.6-361.0p as part of approved buyback programme.,"J Sainsbury plc purchased 3,861,416 ordinary shares via Shore Capital Stockbrokers from 17-23 July 2026 under its existing buyback programme authorised 23 April 2026. Prices ranged 342.6p-361.0p with volume-weighted average of 354.03p. Total consideration £13.67m. Shares will be cancelled. Trades executed across multiple venues: XLON 1,268,847 shares, CHIX 1,043,940, BATE 635,031, TRQX 599,698, AQXE 313,900.","Routine buyback execution under pre-approved programme; share cancellation reduces count, potentially accretive to EPS. Standard capital management activity with no strategic implications.",neutral,https://www.investegate.co.uk/announcement/rns/sainsbury-j---sbry/transaction-in-own-shares/9685226
2026-07-24 07:00:03,2026-07-24T06:00:03.000,Partners Group Private Equity Ltd,PEY,POS,Change of position,Transaction in Own Shares,6545N,17703739,7.08,-1.667,,,,,
2026-07-24 07:00:03,2026-07-24T06:00:03.000,Law Debenture Corp PLC,LWDB,IR,Interim results,Half-year Financial Report,6605N,17703740,1234,0.653,"Law Debenture reports H1 2026 NAV return of 11.4%, outperforming FTSE All-Share; 6% dividend increase declared.","Law Debenture delivered 11.4% NAV total return in H1 2026, beating the FTSE All-Share Index's 7.2%, with share price total return of 16.2%. First interim dividend increased 6% to 8.875p, extending a 47-year record of maintaining or increasing dividends. James Henderson retires as Joint Portfolio Manager in June 2027, succeeded by Laura Foll, who has managed the portfolio since 2019. Independent Professional Services division grew net revenues 6% to £29.9m, now accounting for 15% of NAV but funding one-third of dividends over ten years. Ongoing charges remain low at 0.54%.","Strong relative outperformance, consistent dividend growth, and smooth management succession in resilient business model likely to be viewed positively, though performance is past-dependent and macro backdrop remains uncertain.",positive,https://www.investegate.co.uk/announcement/rns/law-debenture-corp---lwdb/half-year-financial-report/9685227
2026-07-24 07:00:03,2026-07-24T06:00:03.000,Renewables Infrastructure Grp (The),TRIG,POS,Change of position,Transaction in Own Shares,6606N,17703741,75.9,1.2,"TRIG repurchases 265,000 shares at 75p per share under its buyback programme.","The Renewables Infrastructure Group Limited purchased 265,000 ordinary shares on 23 July 2026 at a weighted average price of 75.00p through Investec Bank plc, as part of its share buyback programme announced in August 2024. The shares will be held in treasury. Following this purchase, TRIG holds 154,502,374 treasury shares, with 2,331,460,512 voting rights outstanding excluding treasury shares.",Routine share buyback execution consistent with announced programme; signals capital management but no material impact on fundamentals or valuation outlook for retail investors.,neutral,https://www.investegate.co.uk/announcement/rns/the-renewables-infrastructure-group-limited--trig/transaction-in-own-shares/9685228
2026-07-24 07:00:03,2026-07-24T06:00:03.000,Pantheon International PLC,PIN,POS,Change of position,Transaction in Own Shares,6614N,17703743,390.5,0.386,"Pantheon International repurchased 175,000 shares at 388.94p average on 23 July; intends cancellation.","Pantheon International PLC purchased 175,000 ordinary shares on 23 July 2026 via Investec Bank at prices ranging from 387.00p to 389.00p, with a weighted average price of 388.94p. The company intends to cancel these shares. Following the transaction, 393,538,764 ordinary shares remain in issue with total voting rights of 393,538,764.",Share buyback with cancellation reduces share count and can support earnings per share accretion; modest positive signal of capital management confidence.,positive,https://www.investegate.co.uk/announcement/rns/pantheon-international--pin/transaction-in-own-shares/9685231
2026-07-24 07:00:03,2026-07-24T06:00:03.000,Science Group PLC,SAG,POS,Change of position,Transaction in Own Shares,6611N,17703744,587,0.0,"Science Group repurchases 10,000 shares at 586p as part of ongoing buyback programme.","Science Group PLC purchased 10,000 of its 1 pence ordinary shares on 23 July 2026 at 586 pence per share through Panmure Liberum Limited. This represents 0.02% of voting rights. The shares will be held in treasury. Following the purchase, the company has 40,652,593 shares in issue (excluding treasury) and holds 5,533,281 treasury shares.",Routine buyback execution with minimal market impact; demonstrates capital allocation strategy but immaterial share count reduction.,neutral,https://www.investegate.co.uk/announcement/rns/science-group--sag/transaction-in-own-shares/9685229
2026-07-24 07:00:03,2026-07-24T06:00:03.000,International Workplace Group PLC,IWG,POS,Change of position,Transaction in Own Shares,6621N,17703745,200.8,2.501,"IWG repurchased 151,816 shares on 23 July as part of ongoing £300m+ buyback programme launched December 2025.","International Workplace Group plc purchased 151,816 ordinary shares on 23 July 2026 at volume-weighted average price of £1.9683 across multiple venues. Total shares repurchased under the programme since December 2025 now stand at 40.6m shares. Post-purchase, 953.7m shares remain in issue (excluding treasury). Shares will be cancelled or held in treasury. Repurchase conducted by Jefferies International Limited across LSE and alternative venues (Turquoise, CBOE, Aquis).",Routine share buyback execution within authorised programme; signals management capital allocation policy but no material strategic implications. Market likely views as non-event given buyback was pre-announced.,neutral,https://www.investegate.co.uk/announcement/rns/iwg--iwg/transaction-in-own-shares/9685233
2026-07-24 07:00:03,2026-07-24T06:00:03.000,Mercia Asset Management PLC,MERC,ACS,,Publication of Annual Report and Notice of AGM ,6619N,17703746,26.25,-0.943,"Mercia Asset Management publishes FY26 results and AGM notice; AuM grew to £2.2bn, EBITDA up to £8.1m.","Mercia Asset Management (AIM: MERC) published its Annual Report for year ended 31 March 2026, with Assets Under Management rising to £2.2bn from £2.0bn. Revenue declined slightly to £34.1m from £34.4m, whilst EBITDA improved to £8.1m from £7.6m. Net Assets fell to £173.6m from £187.9m, and cash decreased to £26.4m from £40.1m. NAV per share fell to 40.8p from 43.6p. Total dividends increased to 1.00p per share from 0.95p. The 2026 AGM is scheduled for 24 September 2026.","Mixed signals: AuM growth and EBITDA expansion are positive, but declining revenue, net assets and cash position alongside falling NAV per share warrant scrutiny. Modest dividend increase suggests confidence despite headwinds.",neutral,https://www.investegate.co.uk/announcement/rns/mercia-asset-management--merc/publication-of-annual-report-and-notice-of-agm-/9685232
2026-07-24 07:00:03,2026-07-24T06:00:03.000,Renishaw PLC,RSW,TST,Trading statement,Trading Statement,6627N,17703747,5195,4.992,Renishaw posts record Q4 revenue of £243m; FY2026 profit significantly ahead of expectations at 31% increase.,"Renishaw delivered record Q4 revenue of approximately £243m, up 27% year-on-year and 18% sequentially. Full year FY2026 revenue expected at £815m, 14% higher than prior year, with all three segments showing growth. FY2026 adjusted operating profit forecast at £152m and adjusted profit before tax at £167m, representing 31% growth above the prior year, driven by strong demand from semiconductor, electronics, aerospace and defence sectors.",Strong operational momentum with significant profit outperformance signals robust end-market demand and execution; likely to be read positively ahead of full results on 23 September.,positive,https://www.investegate.co.uk/announcement/rns/renishaw--rsw/trading-statement/9685234
2026-07-24 07:00:03,2026-07-24T06:00:03.000,Celebrus Technologies PLC,CLBS,POS,Change of position,Transaction in Own Shares,6633N,17703748,108.5,0.0,"Celebrus Technologies repurchased 35,000 shares at 108.45p per share on 23 July 2026, holding them in treasury.","Celebrus Technologies PLC purchased 35,000 ordinary shares (2p each) at a volume-weighted average price of 108.45p through Cavendish Capital Markets on 23 July 2026. The shares will be held in treasury. Following this transaction, the company has 40,431,453 shares in issue with 2,625,629 held in treasury, resulting in 37,805,824 voting rights. This figure is used for FCA Disclosure Guidance and Transparency Rules calculations.",Routine share buyback activity signalling capital allocation and potential EPS accretion; standard treasury management with no immediate market read-through unless part of broader shareholder return programme.,neutral,https://www.investegate.co.uk/announcement/rns/celebrus-technologies--clbs/transaction-in-own-shares/9685236
2026-07-24 07:00:03,2026-07-24T06:00:03.000,Oakley Capital Investments Limited,OCI,POS,Change of position,Transaction in Own Shares,6631N,17703749,508,-0.781,"Oakley Capital Investments repurchased 35,000 shares at 512p per share for cancellation on 23 July 2026.","Oakley Capital Investments Limited purchased 35,000 ordinary shares at 512 pence per share for cancellation on 23 July 2026, in line with its stated capital allocation policy. Following the transaction, 164,655,215 ordinary shares remain in issue on the London Stock Exchange main market with no treasury holdings. The share count is provided for shareholders calculating notification requirements under FCA Disclosure and Transparency Rules.",Routine capital management action; share buybacks for cancellation typically indicate management confidence but carry minimal immediate market implications for a closed-ended investment fund.,neutral,https://www.investegate.co.uk/announcement/rns/oakley-capital-investments-ltd-di---oci/transaction-in-own-shares/9685235
2026-07-24 07:00:03,2026-07-24T06:00:03.000,Caledonia Investments PLC,CLDN,POS,Change of position,Transaction in Own Shares,6558N,17703730,380.0,0.662,"Caledonia Investments repurchased 131,027 own shares at 377.38p average price for cancellation.","Caledonia Investments plc purchased 131,027 ordinary shares on 23 July 2026 through Peel Hunt LLP at a weighted average price of 377.38 pence per share, with prices ranging from 374.00p to 377.50p. The shares will be cancelled, reducing issued share capital to 511,857,047 ordinary shares with voting rights. This represents a share buyback programme execution.",Routine share buyback signalling capital management and potential shareholder value accretion through reduced share count; non-event absent broader strategic context.,neutral,https://www.investegate.co.uk/announcement/rns/caledonia-investments--cldn/transaction-in-own-shares/9685219
2026-07-24 07:00:03,2026-07-24T06:00:03.000,InterContinental Hotels Group PLC,IHG,POS,Change of position,Transaction in Own Shares,6659N,17703754,156.4,1.989,"IHG repurchased 1,000 shares at average price of $153.39 on 23 July 2026 for cancellation.","InterContinental Hotels Group purchased 1,000 ordinary shares on 23 July 2026 through Goldman Sachs International on the London Stock Exchange at prices ranging from $152.45 to $154.65, with a volume-weighted average of $153.3945. The shares will be cancelled. Following this transaction, IHG has 148.6 million shares in issue (excluding 5.4 million treasury shares). This continues the share buyback programme authorised at the May 2025 AGM and initiated in February 2026.",Routine share buyback execution; immaterial single-day purchase representing a standard capital allocation activity with minimal market impact given the small volume relative to outstanding shares.,neutral,https://www.investegate.co.uk/announcement/rns/intercontinental-hotels-group--ihg/transaction-in-own-shares/9685240
2026-07-24 07:00:03,2026-07-24T06:00:03.000,Gaming Realms PLC,GMR,POS,Change of position,Transaction in Own Shares,6705N,17703765,30.2,-2.581,"Gaming Realms repurchases 66,815 shares at 30.20-30.70p as part of ongoing buyback programme.","Gaming Realms PLC purchased 66,815 ordinary shares on 23 July 2026 at prices between 30.20p and 30.70p (VWAP 30.52p) via Peel Hunt. Shares will be held in treasury. The company now holds 24.6m treasury shares with 271.7m shares in issue, representing total voting rights.",Routine share buyback execution; demonstrates capital allocation confidence but provides limited new information or insight into operational performance or strategy.,neutral,https://www.investegate.co.uk/announcement/rns/gaming-realms--gmr/transaction-in-own-shares/9685250
2026-07-24 07:00:03,2026-07-24T06:00:03.000,Fermi Inc.,FRMI,AGR,,Appointment of Certain Officers,6706N,17703764,7.26,10.83969465648855,,,,,
2026-07-24 07:00:03,2026-07-24T06:00:03.000,Investment Company PLC,INV,ROI,Result of issue,Result of Retail Offer ,6701N,17703762,75,0.6711409395973154,"Investment Company PLC retail offer raises £299k from 391,942 shares at 76.41p; admission 28 July.","Investment Company PLC's retail offer, launched 15 July 2026, received commitments totalling £299,482.88 for 391,942 new ordinary shares at 76.41 pence per share. Combined with a separate institutional placing and offer for subscription raising approximately £7.16m, the total fundraising is approximately £7.46m. New shares admit to the Main Market on 28 July 2026. Proceeds will be invested in accordance with the company's revised investment objective focusing on UK small and mid-cap quoted companies, managed by Chelverton Asset Management.",Modest retail participation (£299k of ~£7.46m total) suggests institutional appetite drives the raise; admission timing clear; no material red flags for existing shareholders.,neutral,https://www.investegate.co.uk/announcement/rns/investment-company--inv/result-of-retail-offer-/9685249
2026-07-24 07:00:03,2026-07-24T06:00:03.000,Grafton Group PLC,GFTU,POS,Change of position,Transaction in Own Shares,6686N,17703761,943.5,0.191,"Grafton Group purchased 60,000 shares on 23 July 2026 at average price of £9.47 as part of £25m buyback programme.","Grafton Group plc repurchased 60,000 ordinary shares on 23 July 2026 through Goodbody Stockbrokers at a volume-weighted average price of £9.4673, with prices ranging from £9.3200 to £9.5990. This forms part of the £25m share buyback programme announced on 30 June 2026. To date, 1,079,172 shares have been purchased for cancellation through Goodbody and Deutsche Bank since the programme commenced.","Share buybacks typically signal management confidence in valuation and commitment to shareholder returns, though market reaction depends on broader economic context and whether this represents optimal capital allocation versus organic investment.",neutral,https://www.investegate.co.uk/announcement/rns/grafton-group-ut-cdi---gftu/transaction-in-own-shares/9685247
2026-07-24 07:00:03,2026-07-24T06:00:03.000,Arc Minerals Limited,ARCM,DRL,Drilling/exploration,Geophysical Survey Results & Investor Presentation,6692N,17703760,0.65,4,Arc Minerals extends prospective copper contact to 18km in Botswana; drilling commences early August.,Arc Minerals' geophysical survey over licence PL135/2017 in Botswana's Kalahari Copper Belt extended the inferred D'Kar-Ngwako Pan formation contact to 18km—four times longer than previously expected. The 59 line km IP survey identified multiple high-priority anomalies with strong chargeability/resistivity signatures and structural complexity suitable for mineral traps. Drilling contractor selection is imminent with activities expected in early August. The project lies adjacent to MMG's Khoemacau zone discoveries and within 20km of the Zone 5 deposit (92Mt at 2.2% Cu).,"Positive early-stage signal: extended prospective contact and imminent drilling could validate exploration thesis, but results remain speculative pre-drill. Market likely views favourably pending actual intersections.",positive,https://www.investegate.co.uk/announcement/rns/arc-minerals-limited-npv-di---arcm/geophysical-survey-results-investor-presentation/9685248
2026-07-24 07:00:03,2026-07-24T06:00:03.000,Team Internet Group PLC,TIG,TST,Trading statement,H1 2026 Trading Update & Notice of H1 2026 Report,6656N,17703751,42,-3.371,"Team Internet H1 2026 results in line with expectations; Search returns to profit, DIS and Comparison grow strongly.","Team Internet reported H1 2026 gross revenue of USD 179.1m (down 32% YoY) but improved gross margin to 34.1% from 27.6%. Adjusted EBITDA of USD 19.5m was ahead of H2 2025's USD 18.0m despite legacy AdSense decline. DIS grew adjusted EBITDA 28% YoY, Comparison grew 54% YoY, and Search returned to June profitability. Net debt increased to USD 117.5m from USD 87.6m due to tax settlements and working capital moves. Board expects significant second-half deleverage and year-on-year earnings growth H2 2026. Strategic review of DIS division continues with transaction expected during 2026.","Mixed read: operational momentum in core segments and Search turnaround are encouraging, but revenue declines and rising net debt may concern investors; second-half weighting and strategic review provide near-term catalysts but uncertainty remains.",neutral,https://www.investegate.co.uk/announcement/rns/team-internet-group-plc--tig/h1-2026-trading-update-notice-of-h1-2026-report/9685239
2026-07-24 07:00:03,2026-07-24T06:00:03.000,Greencoat Renewables PLC,GRP,POS,Change of position,Transaction in Own Shares,6660N,17703752,0.779,1.830065359477124,"Greencoat Renewables buys back 322,778 shares at €0.76-€0.78 on 23 July as part of announced programme.","Greencoat Renewables purchased 322,778 ordinary shares on Euronext Dublin on 23 July 2026 at prices ranging from €0.7600 to €0.7750, with a volume-weighted average price of €0.7685. The shares will be cancelled. Following settlement, the company holds 200,000 treasury shares and has 1,082,261,493 shares in issue. The buyback forms part of the company's share repurchase programme announced on 5 March 2026.","Routine capital management execution; share buybacks typically neutral or modestly supportive to shareholders through reduced share count, though market perception depends on whether prices paid are viewed as attractive.",neutral,https://www.investegate.co.uk/announcement/rns/greencoat-renewables-cdi---grp/transaction-in-own-shares/9685241
2026-07-24 07:00:03,2026-07-24T06:00:03.000,Experian plc,EXPN,POS,Change of position,Transaction in Own Shares,6652N,17703753,2744,3.352,"Experian repurchased 457,530 shares on 23 July at average price of 2,663p; shares to be cancelled.","Under its June 2026 share repurchase programme, Experian purchased 457,530 ordinary shares on the London Stock Exchange via BofA Securities Europe SA on 23 July 2026. Prices ranged from 2,629p to 2,700p per share, with a weighted average of 2,663.1460p. The acquired shares will be cancelled. Weekly updates on all repurchase activity will be published on Experian's website.","Routine capital management execution; share buybacks are typically neutral-to-slightly-positive as they support EPS and signal management confidence, though market reaction depends on broader performance context.",neutral,https://www.investegate.co.uk/announcement/rns/experian--expn/transaction-in-own-shares/9685237
2026-07-24 07:00:03,2026-07-24T06:00:03.000,Neo Energy Metals PLC,NEO,AGR,,Site Access Agreement & Implementation Assessment,6712N,17703769,0.9,0.0,Neo Energy gains site access to New Beisa project while regulatory mining right transfer continues; £3.2m assessment programme underway.,"Neo Energy's 70%-owned subsidiary signed a site access agreement with Sibanye-Stillwater, granting access to Beatrix 4 Shaft Mining Area (New Beisa Node) to begin a fully-funded £3.2m assessment programme. Three workstreams underway covering gold plant refurbishment, uranium processing metallurgical study, and site infrastructure assessment, expected to complete in eight months. Regulatory transfer under MPRDA Section 11 deadline extended to 6 December 2026 (Phase 1) and 6 June 2027 (Phase 2). First gold production remains targeted for December 2027.","Positive momentum: company moves to operational readiness while regulatory process continues, de-risking the timeline and demonstrating Sibanye's continued backing through support during interim period.",positive,https://www.investegate.co.uk/announcement/rns/neo-energy-metals--neo/site-access-agreement-implementation-assessment/9685252
2026-07-24 07:00:03,2026-07-24T06:00:03.000,B.P. Marsh & Partners PLC,BPM,POS,Change of position,Transaction in Own Shares,6675N,17703755,679,-0.147,"B.P. Marsh repurchases 10,000 shares at 680p per share under its buyback programme.","B.P. Marsh & Partners PLC purchased 10,000 ordinary shares on 23 July 2026 at 680.0 pence per share, to be held in treasury. Following the purchase, total issued share capital remains 37.1 million shares, with 1.124 million in treasury, leaving 35.975 million shares carrying voting rights. The transaction was executed on AIM at 16:24:38.",Routine treasury share purchase under existing buyback programme; suggests management confidence but minimal immediate market impact for retail investors absent broader strategic context.,neutral,https://www.investegate.co.uk/announcement/rns/b-p-marsh-partners--bpm/transaction-in-own-shares/9685243
2026-07-24 07:00:03,2026-07-24T06:00:03.000,Reckitt Benckiser Group PLC,RKT,DIS,Disposal,Divestment of Russia Hygiene Business,6676N,17703756,4950.0,0.243,Reckitt divests Russian Hygiene business to Arnest Management; ~1% of revenue; expected £175m post-tax loss.,"Reckitt has agreed to sell its Russia Hygiene business to Russian manufacturer Arnest Management LLC, representing approximately 1% of Core Reckitt's 2025 net revenue. The transaction, expected to complete in H2 2026 subject to UK regulatory approval, will result in a post-tax loss of approximately £175 million (£125m in H1 2026). Around 400 local employees will transfer to Arnest. International sanctions have impacted the Russia Hygiene business by approximately 200 basis points on Emerging Markets revenue in Q1 2026, with similar headwinds expected until completion. Reckitt retains its Russia Health business and expects no material impact on 2026 Group Adjusted Operating Profit or Adjusted EPS.",Market likely views this as a non-event strategically—divesting a 1% revenue contributor with heavy sanctions headwinds while ringfencing the loss. No material impact to full-year guidance suggests well-managed exit.,neutral,https://www.investegate.co.uk/announcement/rns/reckitt-benckiser-group--rkt/divestment-of-russia-hygiene-business/9685244
2026-07-24 07:00:03,2026-07-24T06:00:03.000,SRT Marine Systems PLC,SRT,IOE,Issue of equity,Extension of Options ,6683N,17703757,78,0.0,"SRT Marine extends executive share options by two years to 2028, affecting CEO, CFO and COO holdings.","SRT Marine Systems has extended the exercise period for share options granted to three executives: CEO Simon Tucker (1.5m options), CFO Richard Hurd (450k options), and COO Neil Peniket (250k options). All options carry a 0.1p exercise price and were originally granted 8 August 2016, with expiry extended from 8 August 2026 to 8 August 2028. The remuneration committee approved the extension to minimise shareholder dilution while maintaining executive incentivisation aligned with shareholder interests.",Routine governance adjustment; extension of underwater options (0.1p strike) suggests management confidence but minimal immediate dilution risk if share price remains elevated. Non-event for most investors.,neutral,https://www.investegate.co.uk/announcement/rns/srt-marine-systems--srt/extension-of-options-/9685245
2026-07-24 07:00:03,2026-07-24T06:00:03.000,Plus500 Limited,PLUS,POS,Change of position,Transaction in Own Shares,6684N,17703758,3974,-1.877,"Plus500 repurchased 15,302 shares on 23 July at 4,032-4,108p per share under its ongoing buyback programme.","Plus500 purchased 15,302 ordinary shares on 23 July 2026 at prices ranging from 4,032p to 4,108p, with a volume-weighted average price of 4,056.99p, via Panmure Liberum Limited. The shares will be held in treasury. Following this purchase, ordinary shares in issue total 68,927,529 (excluding treasury holdings of 45,960,848), giving total voting rights of 68,927,529. This transaction continues the share buyback programme announced 9 February and commenced 16 February 2026.",Routine buyback execution under previously announced programme; modest share count reduction supports per-share metrics but provides no new strategic insight or market signal.,neutral,https://www.investegate.co.uk/announcement/rns/plus500-ltd-di---plus/transaction-in-own-shares/9685246
2026-07-24 07:00:02,2026-07-24T06:00:02.000,Alien Metals Limited,UFO,UPD,,West Coast Silver Quarterly Activities Report,6437N,17703722,0.0825,-2.941176470588235,Joint venture partner West Coast Silver reports significant high-grade silver drilling results at Elizabeth Hill project in Western Australia.,"West Coast Silver's Q2 2026 activities show strong progress at Elizabeth Hill Silver Project. Diamond drilling intersected 3m at 524 g/t silver with peak of 1,039 g/t, defining a 50m north-south high-grade zone beneath historical workings. RC drilling extended near-surface mineralisation across 44-60m intervals at 23-29 g/t silver. Initial JORC resource stands at 141,000 tonnes at 617 g/t silver (2.795 Moz). Alien holds 30% project interest and 30.5m WCS shares (8.7% stake). A$3m cash balance supports planned resource expansion and metallurgical work.","Positive for Alien as joint venture partner; high-grade results and resource definition support Elizabeth Hill value creation, enhancing Alien's indirect equity exposure through WCS shareholding.",positive,https://www.investegate.co.uk/announcement/rns/alien-metals-limited-npv-di---ufo/west-coast-silver-quarterly-activities-report/9685209
2026-07-24 07:00:02,2026-07-24T06:00:02.000,SThree plc,STEM,POS,Change of position,Transaction in Own Shares,5833N,17703721,242.5,0.0,"SThree repurchased 28,972 shares on 21 July at 211.26p average for cancellation.","SThree plc purchased 28,972 ordinary shares through Investec Bank on 21 July 2026 at a volume-weighted average price of 211.26 pence per share, with trades ranging from 203.5p to 214.5p. The shares will be cancelled. The buyback was executed across 88 individual transactions throughout the trading day, with the largest single trade comprising 1,058 shares at 214.5p.",Routine share buyback execution with purchased shares to be cancelled; supports capital structure management but provides no material operational insight.,neutral,https://www.investegate.co.uk/announcement/rns/sthree--stem/transaction-in-own-shares/9685208
2026-07-24 07:00:02,2026-07-24T06:00:02.000,Capricorn Energy PLC,CNE,TVR,Total voting rights,Total Voting Rights,4445N,17703719,377,0.533,"Capricorn Energy updates total voting rights following allotment of 845,313 ordinary shares.","Following the allotment of 845,313 ordinary shares on 23 July 2026, Capricorn Energy PLC's issued share capital now comprises 71,403,652 ordinary shares of 799/122 pence each, with one voting right per share. The company holds no treasury shares. The total voting rights figure of 71,403,652 serves as the denominator for shareholder disclosure calculations under FCA Disclosure Guidance and Transparency Rules.",Routine regulatory disclosure updating the voting rights denominator for disclosure threshold calculations. No material operational or financial implications for investors.,neutral,https://www.investegate.co.uk/announcement/rns/capricorn-energy--cne/total-voting-rights/9685207
2026-07-24 07:00:02,2026-07-24T06:00:02.000,Canadian General Investments Ld,CGI,DIV,Dividend declaration,Dividend Declaration,6679N,17703713,2660.0,-0.735,"CGI declares quarterly dividend of $0.31/share, up 14.8% YoY, payable September 15, 2026.","Canadian General Investments Limited declared a quarterly dividend of $0.31 per share payable September 15, 2026 to shareholders of record August 31, 2026. The dividend represents a 14.8% increase from Q3 2025 and is designated as a capital gains dividend under Canadian tax law. CGI, a closed-end equity fund focused on Canadian investments established in 1930, continues its multi-decade track record of sustainable growing dividends.","Strong dividend growth signals management confidence in portfolio performance and capital gains realization; likely viewed positively by income-focused investors, though offset by recent share price weakness (-$0.20 on announcement day).",positive,https://www.investegate.co.uk/announcement/rns/canadian-general-investments-ltd---cgi/dividend-declaration/9685199
2026-07-24 07:00:02,2026-07-24T06:00:02.000,Avation PLC,AVAP,POS,Change of position,Transaction in Own Shares,6682N,17703707,138.5,2.593,"Avation repurchased 15,000 shares at 136.5p under its approved buyback programme.","Aircraft leasing company Avation PLC repurchased 15,000 ordinary shares on 23 July 2026 at 136.5 pence per share through the market. Following the transaction, 61,425,369 shares remain in issue with 1,625,068 held in treasury, reducing total voting rights to 59,800,301. The buyback was conducted under the company's approved share repurchase programme authorising up to 25% of issued share capital, mandated at the November 2025 AGM.",Routine capital management activity; buyback continues under existing authority with no material implications for shareholder value or market positioning in the near term.,neutral,https://www.investegate.co.uk/announcement/rns/avation--avap/transaction-in-own-shares/9685194
2026-07-24 07:00:02,2026-07-24T06:00:02.000,Merrill Lynch Intl (DTG) Syndicate,,STA,,Pasubio - Post Stabilisation Notice,6677N,17703705,,,,,,,
2026-07-24 07:00:02,2026-07-24T06:00:02.000,GCP Infrastructure Investments Ltd,GCP,POS,Change of position,Transaction in Own Shares,6567N,17703736,82.4,0.98,"GCP Infrastructure repurchased 250,000 shares at 83.10p average price on 23 July 2026.","GCP Infrastructure Investments Ltd purchased 250,000 ordinary shares on 23 July 2026 at a volume-weighted average price of 83.10p, with a range of 82.40p to 83.40p. The transaction was executed through Canaccord Genuity under shareholder authority from the February 2026 AGM. Since the buyback programme launch in December 2024, the company has repurchased 80.4 million shares for treasury, reducing voting rights to 787.5 million shares.","Routine share buyback execution within established programme; demonstrates capital management and potential support for NAV per share, though buybacks at 83p suggest shares trading near or above recent valuations.",neutral,https://www.investegate.co.uk/announcement/rns/gcp-infrastructure-investments-ltd--gcp/transaction-in-own-shares/9685221
2026-07-24 07:00:02,2026-07-24T06:00:02.000,RC365 Holding PLC,RCGH,AGR,,Partnership Agreement with Nexara Capital ,6462N,17703725,1.95,0.0,RC365's RCPAY subsidiary enters strategic partnership with Hong Kong-based Nexara Capital for virtual banking and fintech services.,"RCPAY Limited has signed a partnership agreement with Nexara Capital Limited (Hong Kong) effective 22 July 2026, establishing a framework for multi-currency virtual banking accounts, API integration, and wealth management SaaS services. The agreement has an initial one-year term with automatic renewal. Nexara, whose subsidiaries hold SFC licenses for securities dealing, advising, and asset management, will adopt RCPAY's RC3.0 Virtual Account solution. The partnership demonstrates RC365's RC3.0 B2B2C model application in the wealth-management sector and supports the group's Asian expansion strategy.","Market likely views this positively as evidence of RC365's commercial traction in Asia and sector diversification beyond e-commerce, though actual revenue impact remains contingent on service rollout and execution.",positive,https://www.investegate.co.uk/announcement/rns/rc365-holding--rcgh/partnership-agreement-with-nexara-capital-/9685211
2026-07-24 07:00:02,2026-07-24T06:00:02.000,Kendrick Resources PLC,KEN,DRL,Drilling/exploration,Teufelskuppe – New Drill Results,6486N,17703724,5.75,-2.127659574468085,"Kendrick Resources reports strong rare earth element drill results from Teufelskuppe project in Namibia, confirming high-grade shallow mineralisation.",Diamond drill holes TKDD007-TKDD010 at the Teufelskuppe carbonatite complex returned consistent light rare earth oxide (LREO) grades of 2.5-3.5 wt% over substantial widths. TKDD010 delivered 3.15 wt% LREO over 15m and 2.50 wt% over 26m; TKDD009 returned 3.25 wt% over 17m including 4.04 wt% over 9.5m. Three drilling rigs continue operations to generate data for a mineral resource estimate. The company is pursuing JORC-2012 certification of a provisional 14Mt surface resource announced May 2026.,Consistent positive drill results with excellent grades and continuity across multiple holes reinforce project quality and de-risk resource estimates; likely to support investor confidence in the Zambian/Namibian rare earths play given strong global demand backdrop.,positive,https://www.investegate.co.uk/announcement/rns/kendrick-resources--ken/teufelskuppe-new-drill-results/9685212
2026-07-24 07:00:02,2026-07-24T06:00:02.000,Truetide PLC,TRUE,AGM,AGM statement,AGM Statement,6442N,17703723,3.05,0.0,Truetide seeks shareholder approval to shift from traditional investing to balanced long-short AI-focused strategy with put options.,"Truetide plc will seek shareholder approval at its AGM to amend its investing policy to adopt a balanced long-short, AI-focused investment strategy. The strategy targets companies positioned to benefit from artificial intelligence developments, with selective put option positions in overvalued companies. Implementation will proceed in phases following shareholder approval, with full details in a shareholder circular expected within two months.",Strategic pivot to AI exposure with downside hedging signals active repositioning; market reception depends on confidence in execution and current valuation context.,neutral,https://www.investegate.co.uk/announcement/rns/truetide-plc--true/agm-statement/9685210
2026-07-24 07:00:00,2026-07-24T06:00:00.000,BlackRock Smaller Companies Trust Plc,BRSC,TVR,Total voting rights,Total Voting Rights,60722-1133,17703925,272.5,0.739,BlackRock Smaller Companies Trust updates voting rights denominator to 244.4m shares as at 24 July 2026.,"BlackRock Smaller Companies Trust plc disclosed its issued capital as at 24 July 2026 comprised 244,378,950 ordinary shares of £0.05 each, excluding 54,313,655 shares held in treasury. The company notified shareholders that this figure of 244,378,950 shares should be used as the denominator for calculating disclosure thresholds under FCA Disclosure Guidance and Transparency Rules 5.6.1. This is a routine regulatory announcement required under Article 15 of the Transparency Directive.",Routine disclosure of voting rights denominator for notification threshold calculations; no material implications for investors or share price.,neutral,https://www.investegate.co.uk/announcement/prn/blackrock-smaller-companies-trust--brsc/total-voting-rights/9685510
2026-07-24 07:00:00,2026-07-24T06:00:00.000,BlackRock Greater Europe Investment Trust Plc,BRGE,TVR,Total voting rights,Total Voting Rights,60722-1122,17703931,593,0.338,BlackRock Greater Europe Investment Trust discloses total voting rights notification as at 24 July 2026.,"BlackRock Greater Europe Investment Trust plc notified the market of its issued capital as at 24 July 2026, comprising 90,303,001 ordinary shares of £0.001 each, excluding 27,625,937 shares held in treasury. Shareholders must use 90,303,001 as the denominator for calculating disclosure thresholds under FCA Disclosure Guidance and Transparency Rules provision 5.6.1. This is a routine regulatory filing required under Article 15 of the Transparency Directive.",Routine disclosure; no read-through. Standard regulatory notification of share capital structure with no material implications for shareholders or market movements.,neutral,https://www.investegate.co.uk/announcement/prn/blackrock-greater-europe-inv-trust--brge/total-voting-rights/9685507
2026-07-24 07:00:00,2026-07-24T06:00:00.000,BlackRock American Income Trust Plc,BRAI,TVR,Total voting rights,Total Voting Rights,60722-1104,17703924,278,0.725,BlackRock American Income Trust updates voting rights disclosure; 61.76m ordinary shares in issue as at 24 July 2026.,"BlackRock American Income Trust plc notified the market of its issued share capital as at 24 July 2026, comprising 61,760,138 ordinary shares, each carrying one vote per share. Treasury holdings total 33,601,167 shares. The announcement sets the denominator for shareholders to calculate notification obligations under FCA Disclosure Guidance and Transparency Rules provision 5.6.1.",Routine regulatory disclosure establishing the voting rights denominator for shareholder notification purposes. No material implications for investors or market dynamics.,neutral,https://www.investegate.co.uk/announcement/prn/blackrock-american-income-trust-plc--brai/total-voting-rights/9685506
2026-07-24 07:00:00,2026-07-24T06:00:00.000,BlackRock Income and Growth Investment Trust Plc,BRIG,TVR,Total voting rights,Total Voting Rights,60722-1078,17703923,231,0.0,BlackRock Income and Growth Investment Trust discloses voting rights and capital structure as at 24 July 2026.,"As at 24 July 2026, BlackRock Income and Growth Investment Trust plc had 18,534,568 ordinary shares of 1 pence each in issue (excluding treasury shares), each carrying one vote. The company held 10,081,532 shares in treasury, representing 35.23% of total issued capital including treasury shares. Shareholders should use 18,534,568 as the denominator for FCA Disclosure Guidance and Transparency Rules calculations regarding notifiable interests.",Routine regulatory disclosure of voting rights and capital structure; no material implications for shareholders or market sentiment.,neutral,https://www.investegate.co.uk/announcement/prn/blackrock-income-and-growth-investment-trust--brig/total-voting-rights/9685508
2026-07-24 07:00:00,2026-07-24T06:00:00.000,Faron Pharmaceuticals,FARN,HOL,Holding(s) in company,FARON PHARMACEUTICALS LTD: HOLDING(S) IN COMPANY,c557e45c8c,17703850,40.5,-1.219512195121951,Heights Capital Management increases stake in Faron Pharmaceuticals to 20.52% through direct shares and convertible bonds.,"Heights Capital Management, Inc. (via CVI Investments, Inc.) crossed a notifiable threshold in Faron Pharmaceuticals OY on 22 July 2026, building a total position of 20.52% of voting rights. The stake comprises 46.8 million direct voting rights (20.52%) and 28.6 million potential voting rights from convertible bonds expiring February 2027 and 2028 (12.53%). This represents a decrease from the previous notification position of 21.41%, indicating a modest reduction in overall control through conversion instrument holdings.","Routine major shareholding disclosure showing a significant investor maintaining substantial influence in the biotech firm; the slight overall decrease suggests consolidation rather than aggressive expansion, likely a non-event for markets.",neutral,https://www.investegate.co.uk/announcement/mfn/faron-pharmaceuticals-oy-di---farn/faron-pharmaceuticals-ltd-holding-s-in-comp-/9685191
2026-07-24 07:00:00,2026-07-24T06:00:00.000,"Pershing Square Holdings, Ltd.",PSH,MSCL,,"Pershing Square Holdings, Ltd. to Publish its Semiannual Financial Statements on August 13, 2026",0723777049,17703804,3714,1.977,"PSH to release H1 2026 financial statements and host investor Q&A on August 13, 2026.","Pershing Square Holdings will publish its 2026 semiannual financial statements on August 13, 2026, including the Investment Manager's quarterly portfolio review. Concurrently, parent company Pershing Square Inc. will release Q2 2026 results and host an earnings call. CEO Bill Ackman and CIO Ryan Israel will then conduct a live Q&A on X at 3:00 p.m. BST (10:00 a.m. ET), open to investors, media and the public, with replay available via the investor relations website.",Routine disclosure of scheduled financial results publication; the live Q&A adds engagement value but represents standard investor relations activity with no material news implications.,neutral,https://www.investegate.co.uk/announcement/bzw/pershing-square-holdings-ltd--psh/pershing-square-holdings-ltd-to-publish-its-/9685188
2026-07-24 07:00:00,2026-07-24T06:00:00.000,Young & Co's Brewery PLC,YNGA,POS,Change of position,Transaction in Own Shares,0723327115,17703788,907,2.025,"Young & Co's Brewery completes share buyback, purchasing 11,716 non-voting and 7,000 A shares.","Between 17-23 July 2026, Young & Co's Brewery repurchased 11,716 non-voting shares at an average price of 730.16p and 7,000 A shares at 901.00p under its buyback programme announced 8 July. Non-voting shares will be cancelled; A shares held in treasury. Post-purchase, 22.56m non-voting shares and 38.03m A shares remain in issue.",Routine buyback execution under announced programme; modest capital return to shareholders. Non-event for market—standard treasury management activity with no material strategic implications.,neutral,https://www.investegate.co.uk/announcement/bzw/young-co-s-brewery-a-shares--ynga/transaction-in-own-shares/9685184
2026-07-24 07:00:00,2026-07-24T06:00:00.000,NB Private Equity Partners Limited,NBPE,POS,Change of position,NBPE Announces Transaction in Own Shares,1214187-en,17703791,1460.0,0.0,"NBPE repurchases 30,000 Class A shares at £14.50-£14.66, to be cancelled.","Neuberger Private Equity Partners Limited purchased 30,000 Class A Shares on 23 July 2026 via Jefferies International Limited at prices between £14.50 and £14.66 per share, exercising shareholder-approved buyback authority granted 11 June 2026. All repurchased shares will be cancelled. Outstanding Class A Shares post-cancellation: 40,459,301, with an additional 3,150,408 held in treasury.",Routine capital management action reducing share count; modest scale suggests capital-efficient deployment rather than significant shareholder return signal.,neutral,https://www.investegate.co.uk/announcement/gnw/neuberger-private-equity-partners-limited--nbpe/nbpe-announces-transaction-in-own-shares/9685189
2026-07-24 07:00:00,2026-07-24T06:00:00.000,"Pershing Square Holdings, Ltd.",PSH,POS,Change of position,Transaction in Own Shares,0723476316,17703792,3714,1.977,"PSH completes share buyback of 33,465 shares at average price of 49.65 USD on 23 July 2026.","Pershing Square Holdings repurchased 33,465 public shares on 23 July 2026 at an average price of 49.65 USD (3,731 pence), with 22,964 shares bought on LSE (PSH ticker) and 10,501 on PSHD ticker. The buyback was executed by Jefferies at NAV of 76.01 USD per share. Post-buyback, PSH has 173.6 million public shares outstanding with 37.3 million held in treasury.",Routine share buyback at discount to NAV (49.65 USD vs 76.01 USD) accretive to remaining shareholders; standard capital management activity with neutral-to-modest positive read from execution below valuation.,neutral,https://www.investegate.co.uk/announcement/bzw/pershing-square-holdings-ltd--psh/transaction-in-own-shares/9685186
2026-07-24 07:00:00,2026-07-24T06:00:00.000,Foresight Group Holdings Limited,FSG,POS,Change of position,Transaction in Own Shares,1214189-en,17703802,475.5,3.821,"Foresight Group completes buyback of 132,378 shares across five trading days, paying 458.50-484.50p per share.","Between 17-23 July 2026, Foresight Group purchased 132,378 ordinary shares under its April 2025 buyback programme via Berenberg. Total shares bought back to date: 6,804,153. Share prices ranged from 458.50p (23 July) to 484.50p (20 July), with volume-weighted average prices between 465.71p and 481.42p daily. Post-settlement, 111,195,334 shares retain voting rights; 5,152,469 held in treasury as non-voting.",Routine buyback execution within announced programme; demonstrates capital deployment and share count reduction but provides no insight into strategy or valuation views. Market likely neutral.,neutral,https://www.investegate.co.uk/announcement/gnw/foresight-group-holdings-limited-npv--fsg/transaction-in-own-shares/9685190
